"Path","Name","Extension","Size_KB","LastWriteTime"
"docs\index.md","index.md",".md","0.02","1/21/2026 12:55:28 PM"
"docs\Community\Contribution Guide.md","Contribution Guide.md",".md","10.13","1/27/2026 11:46:42 AM"
"docs\Community\Section Reviewers Mapping.md","Section Reviewers Mapping.md",".md","19.2","12/9/2025 1:13:34 PM"
"docs\Community\Teams-Channel-Links.md","Teams-Channel-Links.md",".md","1.94","12/9/2025 1:13:34 PM"
"docs\Community\CTCX Release Branches\000_Overview.md","000_Overview.md",".md","1.32","12/9/2025 1:13:34 PM"
"docs\Community\CTCX Release Branches\010_DeployOps Releases\14\14.3.0.7.1.1\14.3.0.7.1.1.md","14.3.0.7.1.1.md",".md","0.47","2/4/2026 12:53:37 PM"
"docs\Community\CTCX Release Branches\010_DeployOps Releases\14\14.3.0.7.1.2\14.3.0.7.1.2.md","14.3.0.7.1.2.md",".md","0.47","2/4/2026 12:53:37 PM"
"docs\Community\CTCX Release Branches\010_DeployOps Releases\14\14.3.0.7.1.3\14.3.0.7.1.3.md","14.3.0.7.1.3.md",".md","0.56","2/4/2026 12:53:37 PM"
"docs\Community\CTCX Release Branches\010_DeployOps Releases\2406\2406.0001\2406.0001-2024-09-01.md","2406.0001-2024-09-01.md",".md","0.37","2/4/2026 12:53:37 PM"
"docs\Community\CTCX Release Branches\010_DeployOps Releases\2406\2406.0002.0101\2406.0002.0101-2024-10-01.md","2406.0002.0101-2024-10-01.md",".md","0.39","2/4/2026 12:53:37 PM"
"docs\Community\CTCX Release Branches\010_DeployOps Releases\2406\2406.0002.0101\2406.0002.0101-development.md","2406.0002.0101-development.md",".md","0.29","2/4/2026 12:53:37 PM"
"docs\Community\CTCX Release Branches\010_DeployOps Releases\2406\2406.0002.0102\2406.0002.0102-development.md","2406.0002.0102-development.md",".md","0.29","2/4/2026 12:53:37 PM"
"docs\Community\CTCX Release Branches\010_DeployOps Releases\2412\2412.0001\2412.0001-2025-06-03.md","2412.0001-2025-06-03.md",".md","0.56","2/11/2026 12:27:40 PM"
"docs\Community\CTCX Release Branches\010_DeployOps Releases\2412\2412.0001\2412.0001-development.md","2412.0001-development.md",".md","0.38","2/4/2026 12:53:37 PM"
"docs\Community\CTCX Release Branches\010_DeployOps Releases\2412\2412.0001\2412.0001.md","2412.0001.md",".md","0.88","2/4/2026 12:53:37 PM"
"docs\Community\CTCX Release Branches\010_DeployOps Releases\2412\2412.0007\2412.0007-2025-08-19.md","2412.0007-2025-08-19.md",".md","0.39","2/11/2026 12:27:40 PM"
"docs\Community\CTCX Release Branches\010_DeployOps Releases\2506\2506.0003\aws\2506.0003-2025-10-27.md","2506.0003-2025-10-27.md",".md","0.71","2/11/2026 12:27:40 PM"
"docs\Community\CTCX Release Branches\010_DeployOps Releases\2506\2506.0003\azure\2506.0003-2025-09-11.md","2506.0003-2025-09-11.md",".md","0.59","2/4/2026 12:53:37 PM"
"docs\Community\CTCX Release Branches\010_DeployOps Releases\2506\2506.0003\azure\2506.0003-2025-09-22.md","2506.0003-2025-09-22.md",".md","0.6","2/4/2026 12:53:37 PM"
"docs\Community\CTCX Release Branches\010_DeployOps Releases\2506\2506.0003\azure\2506.0003-2025-11-06.md","2506.0003-2025-11-06.md",".md","0.62","2/4/2026 12:53:37 PM"
"docs\Community\CTCX Release Branches\010_DeployOps Releases\2506\2506.0003\azure\2506.0003-2025-11-12.md","2506.0003-2025-11-12.md",".md","0.63","2/4/2026 12:53:37 PM"
"docs\Community\CTCX Release Branches\010_DeployOps Releases\2506\2506.0006\aws\2506.0006-2025-12-15.md","2506.0006-2025-12-15.md",".md","0.38","2/11/2026 12:27:40 PM"
"docs\Community\CTCX Release Branches\010_DeployOps Releases\2506\2506.0006\aws\2506.0006-development.md","2506.0006-development.md",".md","0.39","2/4/2026 12:53:37 PM"
"docs\Community\CTCX Release Branches\010_DeployOps Releases\2506\2506.0006\azure\2506.0006-2026-02-09.md","2506.0006-2026-02-09.md",".md","0.5","2/13/2026 12:28:15 PM"
"docs\Community\CTCX Release Branches\010_DeployOps Releases\2506\2506.0006\azure\2506.0006-development.md","2506.0006-development.md",".md","0.39","2/4/2026 12:53:37 PM"
"docs\Community\CTCX Release Branches\010_DeployOps Releases\2512\000_2512.0000\000_2512.0000.md","000_2512.0000.md",".md","0.87","2/10/2026 11:28:46 AM"
"docs\CTCX-Intro\.git-reviewers.json",".git-reviewers.json",".json","0.05","1/20/2026 4:55:14 PM"
"docs\CTCX-Intro\000_Introduction and Scope\000_Introduction and Scope.md","000_Introduction and Scope.md",".md","0.44","12/9/2025 1:13:34 PM"
"docs\CTCX-Intro\000_Introduction and Scope\002_AZURE\000_Request an Azure Subscription.md","000_Request an Azure Subscription.md",".md","1.79","2/13/2026 12:05:56 PM"
"docs\CTCX-Intro\010_Containerized TcX Architecture Overview\000_Containerized TcX Architecture Overview.md","000_Containerized TcX Architecture Overview.md",".md","0.31","12/9/2025 1:13:34 PM"
"docs\CTCX-Intro\010_Containerized TcX Architecture Overview\010_AWS\000_Reference Architecture Components.md","000_Reference Architecture Components.md",".md","2.11","12/9/2025 1:13:34 PM"
"docs\CTCX-Intro\010_Containerized TcX Architecture Overview\010_AWS\010_Reference Architecture Deployment Considerations.md","010_Reference Architecture Deployment Considerations.md",".md","2.91","12/9/2025 1:13:34 PM"
"docs\CTCX-Intro\010_Containerized TcX Architecture Overview\010_AWS\image_1.png","image_1.png",".png","185.54","12/9/2025 1:13:34 PM"
"docs\CTCX-Intro\010_Containerized TcX Architecture Overview\020_AZURE\000_Reference Architecture Components.md","000_Reference Architecture Components.md",".md","2.77","12/9/2025 1:13:34 PM"
"docs\CTCX-Intro\010_Containerized TcX Architecture Overview\020_AZURE\010_Reference Architecture Deployment Consideration.md","010_Reference Architecture Deployment Consideration.md",".md","0.7","12/9/2025 1:13:34 PM"
"docs\CTCX-Intro\010_Containerized TcX Architecture Overview\020_AZURE\020_Setup Azure and Entra Groups and Roles.md","020_Setup Azure and Entra Groups and Roles.md",".md","8.01","12/9/2025 1:13:34 PM"
"docs\CTCX-Intro\010_Containerized TcX Architecture Overview\020_AZURE\030_Activating Roles and Groups via PIM.md","030_Activating Roles and Groups via PIM.md",".md","0.98","12/9/2025 1:13:34 PM"
"docs\CTCX-Intro\010_Containerized TcX Architecture Overview\020_AZURE\image_2.png","image_2.png",".png","57.12","12/9/2025 1:13:34 PM"
"docs\CTCX-Intro\010_Containerized TcX Architecture Overview\020_AZURE\image_3.png","image_3.png",".png","10.26","12/9/2025 1:13:34 PM"
"docs\CTCX-Intro\010_Containerized TcX Architecture Overview\020_AZURE\image_4.png","image_4.png",".png","27.07","12/9/2025 1:13:34 PM"
"docs\CTCX-Intro\010_Containerized TcX Architecture Overview\020_AZURE\image_5.png","image_5.png",".png","63.77","12/9/2025 1:13:34 PM"
"docs\CTCX-Intro\010_Containerized TcX Architecture Overview\020_AZURE\image_6.png","image_6.png",".png","89.49","12/9/2025 1:13:34 PM"
"docs\CTCX-Intro\010_Containerized TcX Architecture Overview\020_AZURE\image_7.png","image_7.png",".png","46.49","12/9/2025 1:13:34 PM"
"docs\CTCX-Intro\010_Containerized TcX Architecture Overview\020_AZURE\image_8.png","image_8.png",".png","12.37","12/9/2025 1:13:34 PM"
"docs\CTCX-Intro\010_Containerized TcX Architecture Overview\020_AZURE\image_9.png","image_9.png",".png","23.88","12/9/2025 1:13:34 PM"
"docs\Documentation\000_Cell-Setup\000_Automation Prerequisites\000_Automation Prerequisites.md","000_Automation Prerequisites.md",".md","0.21","12/9/2025 1:13:34 PM"
"docs\Documentation\000_Cell-Setup\000_Automation Prerequisites\000_Overview.md","000_Overview.md",".md","2.72","12/9/2025 1:13:34 PM"
"docs\Documentation\000_Cell-Setup\000_Automation Prerequisites\020_Tools Access\.git-reviewers.json",".git-reviewers.json",".json","0.04","1/20/2026 4:55:14 PM"
"docs\Documentation\000_Cell-Setup\000_Automation Prerequisites\020_Tools Access\000_Tools Access.md","000_Tools Access.md",".md","8.41","2/11/2026 12:27:40 PM"
"docs\Documentation\000_Cell-Setup\000_Automation Prerequisites\020_Tools Access\020_GitLab User Roles and Access Configuration for Pipeline Execution.md","020_GitLab User Roles and Access Configuration for Pipeline Execution.md",".md","2.41","12/9/2025 1:13:34 PM"
"docs\Documentation\000_Cell-Setup\000_Automation Prerequisites\020_Tools Access\030_Gitlab Tenant Group Setup.md","030_Gitlab Tenant Group Setup.md",".md","1.94","12/9/2025 1:13:34 PM"
"docs\Documentation\000_Cell-Setup\000_Automation Prerequisites\020_Tools Access\image_103.png","image_103.png",".png","92.21","12/9/2025 1:13:34 PM"
"docs\Documentation\000_Cell-Setup\000_Automation Prerequisites\020_Tools Access\image_104.png","image_104.png",".png","120.26","12/9/2025 1:13:34 PM"
"docs\Documentation\000_Cell-Setup\000_Automation Prerequisites\020_Tools Access\image_105.png","image_105.png",".png","123.75","12/9/2025 1:13:34 PM"
"docs\Documentation\000_Cell-Setup\000_Automation Prerequisites\020_Tools Access\image_106.png","image_106.png",".png","126.68","12/9/2025 1:13:34 PM"
"docs\Documentation\000_Cell-Setup\000_Automation Prerequisites\020_Tools Access\image_107.png","image_107.png",".png","87.87","12/9/2025 1:13:34 PM"
"docs\Documentation\000_Cell-Setup\000_Automation Prerequisites\020_Tools Access\image_108.png","image_108.png",".png","155.69","12/9/2025 1:13:34 PM"
"docs\Documentation\000_Cell-Setup\000_Automation Prerequisites\020_Tools Access\image_109.png","image_109.png",".png","243.9","12/9/2025 1:13:34 PM"
"docs\Documentation\000_Cell-Setup\000_Automation Prerequisites\020_Tools Access\image_110.png","image_110.png",".png","123.03","12/9/2025 1:13:34 PM"
"docs\Documentation\000_Cell-Setup\000_Automation Prerequisites\020_Tools Access\image_111.png","image_111.png",".png","102.3","12/9/2025 1:13:34 PM"
"docs\Documentation\000_Cell-Setup\000_Automation Prerequisites\020_Tools Access\image_112.png","image_112.png",".png","97.13","12/9/2025 1:13:34 PM"
"docs\Documentation\000_Cell-Setup\000_Automation Prerequisites\020_Tools Access\image_113.png","image_113.png",".png","15.25","12/9/2025 1:13:34 PM"
"docs\Documentation\000_Cell-Setup\000_Automation Prerequisites\020_Tools Access\image_114.png","image_114.png",".png","13.92","12/9/2025 1:13:34 PM"
"docs\Documentation\000_Cell-Setup\000_Automation Prerequisites\020_Tools Access\image_115.png","image_115.png",".png","13.92","12/9/2025 1:13:34 PM"
"docs\Documentation\000_Cell-Setup\000_Automation Prerequisites\020_Tools Access\image_116.png","image_116.png",".png","32.23","12/9/2025 1:13:34 PM"
"docs\Documentation\000_Cell-Setup\000_Automation Prerequisites\020_Tools Access\image_117.png","image_117.png",".png","27.72","12/9/2025 1:13:34 PM"
"docs\Documentation\000_Cell-Setup\000_Automation Prerequisites\020_Tools Access\image_118.png","image_118.png",".png","28.31","12/9/2025 1:13:34 PM"
"docs\Documentation\000_Cell-Setup\000_Automation Prerequisites\020_Tools Access\image_119.png","image_119.png",".png","147.26","12/9/2025 1:13:34 PM"
"docs\Documentation\000_Cell-Setup\000_Automation Prerequisites\020_Tools Access\image_120.png","image_120.png",".png","113.94","12/9/2025 1:13:34 PM"
"docs\Documentation\000_Cell-Setup\000_Automation Prerequisites\020_Tools Access\image_121.png","image_121.png",".png","73.29","12/9/2025 1:13:34 PM"
"docs\Documentation\000_Cell-Setup\000_Automation Prerequisites\020_Tools Access\image_122.png","image_122.png",".png","91.45","12/9/2025 1:13:34 PM"
"docs\Documentation\000_Cell-Setup\000_Automation Prerequisites\020_Tools Access\image_123.png","image_123.png",".png","43.44","12/9/2025 1:13:34 PM"
"docs\Documentation\000_Cell-Setup\000_Automation Prerequisites\020_Tools Access\image_124.png","image_124.png",".png","53.1","12/9/2025 1:13:34 PM"
"docs\Documentation\000_Cell-Setup\000_Automation Prerequisites\020_Tools Access\image_125.png","image_125.png",".png","70.68","12/9/2025 1:13:34 PM"
"docs\Documentation\000_Cell-Setup\000_Automation Prerequisites\020_Tools Access\image_126.png","image_126.png",".png","31.61","12/9/2025 1:13:34 PM"
"docs\Documentation\000_Cell-Setup\000_Automation Prerequisites\020_Tools Access\image_127_1.png","image_127_1.png",".png","72.56","12/9/2025 1:13:34 PM"
"docs\Documentation\000_Cell-Setup\000_Automation Prerequisites\020_Tools Access\image_127_2.png","image_127_2.png",".png","34.34","12/9/2025 1:13:34 PM"
"docs\Documentation\000_Cell-Setup\000_Automation Prerequisites\020_Tools Access\image_127_3.png","image_127_3.png",".png","30.45","12/9/2025 1:13:34 PM"
"docs\Documentation\000_Cell-Setup\000_Automation Prerequisites\020_Tools Access\image_127.png","image_127.png",".png","19.26","12/9/2025 1:13:34 PM"
"docs\Documentation\000_Cell-Setup\000_Automation Prerequisites\020_Tools Access\image-1.png","image-1.png",".png","42.64","12/9/2025 1:13:34 PM"
"docs\Documentation\000_Cell-Setup\000_Automation Prerequisites\020_Tools Access\image-2.png","image-2.png",".png","41.78","12/9/2025 1:13:34 PM"
"docs\Documentation\000_Cell-Setup\000_Automation Prerequisites\020_Tools Access\image-3.png","image-3.png",".png","16.29","12/9/2025 1:13:34 PM"
"docs\Documentation\000_Cell-Setup\000_Automation Prerequisites\020_Tools Access\image-4.png","image-4.png",".png","685.8","1/20/2026 5:40:21 PM"
"docs\Documentation\000_Cell-Setup\000_Automation Prerequisites\020_Tools Access\image.png","image.png",".png","30.8","12/9/2025 1:13:34 PM"
"docs\Documentation\000_Cell-Setup\000_Automation Prerequisites\030_XCR Kubernetes Cluster Setup\.git-reviewers.json",".git-reviewers.json",".json","0.04","1/20/2026 4:55:14 PM"
"docs\Documentation\000_Cell-Setup\000_Automation Prerequisites\030_XCR Kubernetes Cluster Setup\image_4.png","image_4.png",".png","177.41","12/9/2025 1:13:34 PM"
"docs\Documentation\000_Cell-Setup\000_Automation Prerequisites\030_XCR Kubernetes Cluster Setup\AWS\000_Request XCR Cluster.md","000_Request XCR Cluster.md",".md","4.13","2/13/2026 12:05:56 PM"
"docs\Documentation\000_Cell-Setup\000_Automation Prerequisites\030_XCR Kubernetes Cluster Setup\AWS\010_Request Transit Gateway.md","010_Request Transit Gateway.md",".md","3.05","12/9/2025 1:13:34 PM"
"docs\Documentation\000_Cell-Setup\000_Automation Prerequisites\030_XCR Kubernetes Cluster Setup\AWS\020_Request Kubernetes SA for Vault.md","020_Request Kubernetes SA for Vault.md",".md","5.57","12/9/2025 1:13:34 PM"
"docs\Documentation\000_Cell-Setup\000_Automation Prerequisites\030_XCR Kubernetes Cluster Setup\AWS\030_Istio Gateway.md","030_Istio Gateway.md",".md","1.92","12/9/2025 1:13:34 PM"
"docs\Documentation\000_Cell-Setup\000_Automation Prerequisites\030_XCR Kubernetes Cluster Setup\AWS\image_10.png","image_10.png",".png","103.79","12/9/2025 1:13:34 PM"
"docs\Documentation\000_Cell-Setup\000_Automation Prerequisites\030_XCR Kubernetes Cluster Setup\AWS\image_11.png","image_11.png",".png","43.13","12/9/2025 1:13:34 PM"
"docs\Documentation\000_Cell-Setup\000_Automation Prerequisites\030_XCR Kubernetes Cluster Setup\AWS\image_12.png","image_12.png",".png","68.04","12/9/2025 1:13:34 PM"
"docs\Documentation\000_Cell-Setup\000_Automation Prerequisites\030_XCR Kubernetes Cluster Setup\AWS\image_13.png","image_13.png",".png","133.33","12/9/2025 1:13:34 PM"
"docs\Documentation\000_Cell-Setup\000_Automation Prerequisites\030_XCR Kubernetes Cluster Setup\AWS\image_14.png","image_14.png",".png","80.02","12/9/2025 1:13:34 PM"
"docs\Documentation\000_Cell-Setup\000_Automation Prerequisites\030_XCR Kubernetes Cluster Setup\AWS\image_15.png","image_15.png",".png","60.07","12/9/2025 1:13:34 PM"
"docs\Documentation\000_Cell-Setup\000_Automation Prerequisites\030_XCR Kubernetes Cluster Setup\AWS\image_16.png","image_16.png",".png","75.52","12/9/2025 1:13:34 PM"
"docs\Documentation\000_Cell-Setup\000_Automation Prerequisites\030_XCR Kubernetes Cluster Setup\AWS\image_17.png","image_17.png",".png","84.92","12/9/2025 1:13:34 PM"
"docs\Documentation\000_Cell-Setup\000_Automation Prerequisites\030_XCR Kubernetes Cluster Setup\AWS\image_18.png","image_18.png",".png","172.77","12/9/2025 1:13:34 PM"
"docs\Documentation\000_Cell-Setup\000_Automation Prerequisites\030_XCR Kubernetes Cluster Setup\AWS\image_3.png","image_3.png",".png","149.74","12/9/2025 1:13:34 PM"
"docs\Documentation\000_Cell-Setup\000_Automation Prerequisites\030_XCR Kubernetes Cluster Setup\AWS\image_5.png","image_5.png",".png","15.51","12/9/2025 1:13:34 PM"
"docs\Documentation\000_Cell-Setup\000_Automation Prerequisites\030_XCR Kubernetes Cluster Setup\AWS\image_6.png","image_6.png",".png","12.75","12/9/2025 1:13:34 PM"
"docs\Documentation\000_Cell-Setup\000_Automation Prerequisites\030_XCR Kubernetes Cluster Setup\AWS\image_7.png","image_7.png",".png","94.65","12/9/2025 1:13:34 PM"
"docs\Documentation\000_Cell-Setup\000_Automation Prerequisites\030_XCR Kubernetes Cluster Setup\AWS\image_8.png","image_8.png",".png","79.66","12/9/2025 1:13:34 PM"
"docs\Documentation\000_Cell-Setup\000_Automation Prerequisites\030_XCR Kubernetes Cluster Setup\AWS\image_9.png","image_9.png",".png","123.15","12/9/2025 1:13:34 PM"
"docs\Documentation\000_Cell-Setup\000_Automation Prerequisites\030_XCR Kubernetes Cluster Setup\AZURE\000_Pre-requisites.md","000_Pre-requisites.md",".md","0.45","12/9/2025 1:13:34 PM"
"docs\Documentation\000_Cell-Setup\000_Automation Prerequisites\030_XCR Kubernetes Cluster Setup\AZURE\000_Virtual Network Peering.md","000_Virtual Network Peering.md",".md","3.58","12/9/2025 1:13:34 PM"
"docs\Documentation\000_Cell-Setup\000_Automation Prerequisites\030_XCR Kubernetes Cluster Setup\AZURE\010_Request XCR Cluster.md","010_Request XCR Cluster.md",".md","7.11","2/13/2026 12:05:56 PM"
"docs\Documentation\000_Cell-Setup\000_Automation Prerequisites\030_XCR Kubernetes Cluster Setup\AZURE\011_Azure XCR to Admin License connectivity.md","011_Azure XCR to Admin License connectivity.md",".md","3.75","1/20/2026 5:40:21 PM"
"docs\Documentation\000_Cell-Setup\000_Automation Prerequisites\030_XCR Kubernetes Cluster Setup\AZURE\020_Deploy required CRDs in the cluster.md","020_Deploy required CRDs in the cluster.md",".md","2.04","2/10/2026 11:28:46 AM"
"docs\Documentation\000_Cell-Setup\000_Automation Prerequisites\030_XCR Kubernetes Cluster Setup\AZURE\image_10.png","image_10.png",".png","103.79","12/9/2025 1:13:34 PM"
"docs\Documentation\000_Cell-Setup\000_Automation Prerequisites\030_XCR Kubernetes Cluster Setup\AZURE\image_11.png","image_11.png",".png","43.13","12/9/2025 1:13:34 PM"
"docs\Documentation\000_Cell-Setup\000_Automation Prerequisites\030_XCR Kubernetes Cluster Setup\AZURE\image_12.png","image_12.png",".png","68.04","12/9/2025 1:13:34 PM"
"docs\Documentation\000_Cell-Setup\000_Automation Prerequisites\030_XCR Kubernetes Cluster Setup\AZURE\image_128.png","image_128.png",".png","43.92","12/9/2025 1:13:34 PM"
"docs\Documentation\000_Cell-Setup\000_Automation Prerequisites\030_XCR Kubernetes Cluster Setup\AZURE\image_129.png","image_129.png",".png","23.06","12/9/2025 1:13:34 PM"
"docs\Documentation\000_Cell-Setup\000_Automation Prerequisites\030_XCR Kubernetes Cluster Setup\AZURE\image_13.png","image_13.png",".png","133.33","12/9/2025 1:13:34 PM"
"docs\Documentation\000_Cell-Setup\000_Automation Prerequisites\030_XCR Kubernetes Cluster Setup\AZURE\image_130.png","image_130.png",".png","54.92","12/9/2025 1:13:34 PM"
"docs\Documentation\000_Cell-Setup\000_Automation Prerequisites\030_XCR Kubernetes Cluster Setup\AZURE\image_131.png","image_131.png",".png","28.19","12/9/2025 1:13:34 PM"
"docs\Documentation\000_Cell-Setup\000_Automation Prerequisites\030_XCR Kubernetes Cluster Setup\AZURE\image_132.png","image_132.png",".png","33.49","12/9/2025 1:13:34 PM"
"docs\Documentation\000_Cell-Setup\000_Automation Prerequisites\030_XCR Kubernetes Cluster Setup\AZURE\image_133.png","image_133.png",".png","49.33","12/9/2025 1:13:34 PM"
"docs\Documentation\000_Cell-Setup\000_Automation Prerequisites\030_XCR Kubernetes Cluster Setup\AZURE\image_134.png","image_134.png",".png","46.61","12/9/2025 1:13:34 PM"
"docs\Documentation\000_Cell-Setup\000_Automation Prerequisites\030_XCR Kubernetes Cluster Setup\AZURE\image_135.png","image_135.png",".png","44.85","12/9/2025 1:13:34 PM"
"docs\Documentation\000_Cell-Setup\000_Automation Prerequisites\030_XCR Kubernetes Cluster Setup\AZURE\image_136.png","image_136.png",".png","47.07","12/9/2025 1:13:34 PM"
"docs\Documentation\000_Cell-Setup\000_Automation Prerequisites\030_XCR Kubernetes Cluster Setup\AZURE\image_137.png","image_137.png",".png","45.74","12/9/2025 1:13:34 PM"
"docs\Documentation\000_Cell-Setup\000_Automation Prerequisites\030_XCR Kubernetes Cluster Setup\AZURE\image_138.png","image_138.png",".png","46.67","12/9/2025 1:13:34 PM"
"docs\Documentation\000_Cell-Setup\000_Automation Prerequisites\030_XCR Kubernetes Cluster Setup\AZURE\image_139.png","image_139.png",".png","49.87","12/9/2025 1:13:34 PM"
"docs\Documentation\000_Cell-Setup\000_Automation Prerequisites\030_XCR Kubernetes Cluster Setup\AZURE\image_14.png","image_14.png",".png","80.02","12/9/2025 1:13:34 PM"
"docs\Documentation\000_Cell-Setup\000_Automation Prerequisites\030_XCR Kubernetes Cluster Setup\AZURE\image_140.png","image_140.png",".png","139.33","12/9/2025 1:13:34 PM"
"docs\Documentation\000_Cell-Setup\000_Automation Prerequisites\030_XCR Kubernetes Cluster Setup\AZURE\image_141.png","image_141.png",".png","83","12/9/2025 1:13:34 PM"
"docs\Documentation\000_Cell-Setup\000_Automation Prerequisites\030_XCR Kubernetes Cluster Setup\AZURE\image_15 copy.png","image_15 copy.png",".png","60.07","12/9/2025 1:13:34 PM"
"docs\Documentation\000_Cell-Setup\000_Automation Prerequisites\030_XCR Kubernetes Cluster Setup\AZURE\image_15.png","image_15.png",".png","60.07","12/9/2025 1:13:34 PM"
"docs\Documentation\000_Cell-Setup\000_Automation Prerequisites\030_XCR Kubernetes Cluster Setup\AZURE\image_16 copy.png","image_16 copy.png",".png","75.52","12/9/2025 1:13:34 PM"
"docs\Documentation\000_Cell-Setup\000_Automation Prerequisites\030_XCR Kubernetes Cluster Setup\AZURE\image_16.png","image_16.png",".png","75.52","12/9/2025 1:13:34 PM"
"docs\Documentation\000_Cell-Setup\000_Automation Prerequisites\030_XCR Kubernetes Cluster Setup\AZURE\image_17 copy.png","image_17 copy.png",".png","84.92","12/9/2025 1:13:34 PM"
"docs\Documentation\000_Cell-Setup\000_Automation Prerequisites\030_XCR Kubernetes Cluster Setup\AZURE\image_17.png","image_17.png",".png","84.92","12/9/2025 1:13:34 PM"
"docs\Documentation\000_Cell-Setup\000_Automation Prerequisites\030_XCR Kubernetes Cluster Setup\AZURE\image_8.png","image_8.png",".png","79.66","12/9/2025 1:13:34 PM"
"docs\Documentation\000_Cell-Setup\000_Automation Prerequisites\030_XCR Kubernetes Cluster Setup\AZURE\image_9.png","image_9.png",".png","123.15","12/9/2025 1:13:34 PM"
"docs\Documentation\000_Cell-Setup\000_Automation Prerequisites\030_XCR Kubernetes Cluster Setup\AZURE\image-1.png","image-1.png",".png","117.82","12/9/2025 1:13:34 PM"
"docs\Documentation\000_Cell-Setup\000_Automation Prerequisites\030_XCR Kubernetes Cluster Setup\AZURE\image-2.png","image-2.png",".png","76.2","12/9/2025 1:13:34 PM"
"docs\Documentation\000_Cell-Setup\000_Automation Prerequisites\030_XCR Kubernetes Cluster Setup\AZURE\image-3.png","image-3.png",".png","18.51","1/20/2026 5:40:21 PM"
"docs\Documentation\000_Cell-Setup\000_Automation Prerequisites\030_XCR Kubernetes Cluster Setup\AZURE\image-4.png","image-4.png",".png","23.14","1/20/2026 5:40:21 PM"
"docs\Documentation\000_Cell-Setup\000_Automation Prerequisites\030_XCR Kubernetes Cluster Setup\AZURE\image.png","image.png",".png","117.52","12/9/2025 1:13:34 PM"
"docs\Documentation\000_Cell-Setup\000_Automation Prerequisites\040_TcX Cell Setup\.git-reviewers.json",".git-reviewers.json",".json","0.04","1/20/2026 4:55:14 PM"
"docs\Documentation\000_Cell-Setup\000_Automation Prerequisites\040_TcX Cell Setup\AWS\TcX Cell Account Setup\000-Cell Account\000_Create TcX Transit Gateway.md","000_Create TcX Transit Gateway.md",".md","12.5","12/9/2025 1:13:34 PM"
"docs\Documentation\000_Cell-Setup\000_Automation Prerequisites\040_TcX Cell Setup\AWS\TcX Cell Account Setup\000-Cell Account\010_Peering Between TCX and XCR TGW.md","010_Peering Between TCX and XCR TGW.md",".md","4.35","12/9/2025 1:13:34 PM"
"docs\Documentation\000_Cell-Setup\000_Automation Prerequisites\040_TcX Cell Setup\AWS\TcX Cell Account Setup\000-Cell Account\image_19.png","image_19.png",".png","141.86","12/9/2025 1:13:34 PM"
"docs\Documentation\000_Cell-Setup\000_Automation Prerequisites\040_TcX Cell Setup\AWS\TcX Cell Account Setup\000-Cell Account\image_20.png","image_20.png",".png","100.82","12/9/2025 1:13:34 PM"
"docs\Documentation\000_Cell-Setup\000_Automation Prerequisites\040_TcX Cell Setup\AWS\TcX Cell Account Setup\000-Cell Account\image_21.png","image_21.png",".png","187.27","12/9/2025 1:13:34 PM"
"docs\Documentation\000_Cell-Setup\000_Automation Prerequisites\040_TcX Cell Setup\AWS\TcX Cell Account Setup\000-Cell Account\image_22.png","image_22.png",".png","75.61","12/9/2025 1:13:34 PM"
"docs\Documentation\000_Cell-Setup\000_Automation Prerequisites\040_TcX Cell Setup\AWS\TcX Cell Account Setup\000-Cell Account\image_23.png","image_23.png",".png","107.84","12/9/2025 1:13:34 PM"
"docs\Documentation\000_Cell-Setup\000_Automation Prerequisites\040_TcX Cell Setup\AWS\TcX Cell Account Setup\000-Cell Account\image_24.png","image_24.png",".png","146.68","12/9/2025 1:13:34 PM"
"docs\Documentation\000_Cell-Setup\000_Automation Prerequisites\040_TcX Cell Setup\AWS\TcX Cell Account Setup\000-Cell Account\image_25.png","image_25.png",".png","171.16","12/9/2025 1:13:34 PM"
"docs\Documentation\000_Cell-Setup\000_Automation Prerequisites\040_TcX Cell Setup\AWS\TcX Cell Account Setup\000-Cell Account\image_26.png","image_26.png",".png","122.63","12/9/2025 1:13:34 PM"
"docs\Documentation\000_Cell-Setup\000_Automation Prerequisites\040_TcX Cell Setup\AWS\TcX Cell Account Setup\000-Cell Account\image_27.png","image_27.png",".png","139.54","12/9/2025 1:13:34 PM"
"docs\Documentation\000_Cell-Setup\000_Automation Prerequisites\040_TcX Cell Setup\AWS\TcX Cell Account Setup\000-Cell Account\image_28.png","image_28.png",".png","81.36","12/9/2025 1:13:34 PM"
"docs\Documentation\000_Cell-Setup\000_Automation Prerequisites\040_TcX Cell Setup\AWS\TcX Cell Account Setup\000-Cell Account\image_29.png","image_29.png",".png","99.74","12/9/2025 1:13:34 PM"
"docs\Documentation\000_Cell-Setup\000_Automation Prerequisites\040_TcX Cell Setup\AWS\TcX Cell Account Setup\000-Cell Account\image_30.png","image_30.png",".png","116.31","12/9/2025 1:13:34 PM"
"docs\Documentation\000_Cell-Setup\000_Automation Prerequisites\040_TcX Cell Setup\AWS\TcX Cell Account Setup\000-Cell Account\image_31.png","image_31.png",".png","94.38","12/9/2025 1:13:34 PM"
"docs\Documentation\000_Cell-Setup\000_Automation Prerequisites\040_TcX Cell Setup\AWS\TcX Cell Account Setup\000-Cell Account\image_32.png","image_32.png",".png","53.2","12/9/2025 1:13:34 PM"
"docs\Documentation\000_Cell-Setup\000_Automation Prerequisites\040_TcX Cell Setup\AWS\TcX Cell Account Setup\CAPs Management Plane\020_Create a static route for XCR.md","020_Create a static route for XCR.md",".md","1.91","12/9/2025 1:13:34 PM"
"docs\Documentation\000_Cell-Setup\000_Automation Prerequisites\040_TcX Cell Setup\AWS\TcX Cell Account Setup\CAPs Management Plane\030_Peering between TCX and CAPS TGW.md","030_Peering between TCX and CAPS TGW.md",".md","4.35","12/9/2025 1:13:34 PM"
"docs\Documentation\000_Cell-Setup\000_Automation Prerequisites\040_TcX Cell Setup\AWS\TcX Cell Account Setup\CAPs Management Plane\image_33.png","image_33.png",".png","165.81","12/9/2025 1:13:34 PM"
"docs\Documentation\000_Cell-Setup\000_Automation Prerequisites\040_TcX Cell Setup\AWS\TcX Cell Account Setup\CAPs Management Plane\image_34.png","image_34.png",".png","95.09","12/9/2025 1:13:34 PM"
"docs\Documentation\000_Cell-Setup\000_Automation Prerequisites\040_TcX Cell Setup\AWS\TcX Cell Account Setup\CAPs Management Plane\image_35.png","image_35.png",".png","59.27","12/9/2025 1:13:34 PM"
"docs\Documentation\000_Cell-Setup\000_Automation Prerequisites\040_TcX Cell Setup\AWS\TcX Cell Account Setup\CAPs Management Plane\image_36.png","image_36.png",".png","122.26","12/9/2025 1:13:34 PM"
"docs\Documentation\000_Cell-Setup\000_Automation Prerequisites\040_TcX Cell Setup\AWS\TcX Cell Account Setup\CAPs Management Plane\image_37.png","image_37.png",".png","280.83","12/9/2025 1:13:34 PM"
"docs\Documentation\000_Cell-Setup\000_Automation Prerequisites\040_TcX Cell Setup\AWS\TcX Cell Account Setup\CAPs Management Plane\image_38.png","image_38.png",".png","284.99","12/9/2025 1:13:34 PM"
"docs\Documentation\000_Cell-Setup\000_Automation Prerequisites\040_TcX Cell Setup\AWS\TcX Cell Account Setup\CAPs Management Plane\image_39.png","image_39.png",".png","262.11","12/9/2025 1:13:34 PM"
"docs\Documentation\000_Cell-Setup\000_Automation Prerequisites\040_TcX Cell Setup\AWS\TcX Tenant Administrative AWS Account setup\000_TcX Cell Administrative Account Setup AWS Specific.md","000_TcX Cell Administrative Account Setup AWS Specific.md",".md","0.39","12/9/2025 1:13:34 PM"
"docs\Documentation\000_Cell-Setup\000_Automation Prerequisites\040_TcX Cell Setup\AWS\TcX Tenant Administrative AWS Account setup\005_Increase the AWS Resources Service Quotas.md","005_Increase the AWS Resources Service Quotas.md",".md","5.19","12/9/2025 1:13:34 PM"
"docs\Documentation\000_Cell-Setup\000_Automation Prerequisites\040_TcX Cell Setup\AWS\TcX Tenant Administrative AWS Account setup\010_Create cell deployment IAM Role.md","010_Create cell deployment IAM Role.md",".md","4.55","12/9/2025 1:13:34 PM"
"docs\Documentation\000_Cell-Setup\000_Automation Prerequisites\040_TcX Cell Setup\AWS\TcX Tenant Administrative AWS Account setup\020_Allowlist TcX Tenant Administrative Account for XCR Vault usage.md","020_Allowlist TcX Tenant Administrative Account for XCR Vault usage.md",".md","1.51","12/9/2025 1:13:34 PM"
"docs\Documentation\000_Cell-Setup\000_Automation Prerequisites\040_TcX Cell Setup\AWS\TcX Tenant Administrative AWS Account setup\030_Get access to AWS kits S3 bucket, Route 53 for TcX Tenant Administrative Account internal development.md","030_Get access to AWS kits S3 bucket, Route 53 for TcX Tenant Administrative Account internal development.md",".md","4.11","12/9/2025 1:13:34 PM"
"docs\Documentation\000_Cell-Setup\000_Automation Prerequisites\040_TcX Cell Setup\AWS\TcX Tenant Administrative AWS Account setup\040_Get access to AWS kits S3 bucket, Route 53 for TcX Tenant Administrative Account dryrun.md","040_Get access to AWS kits S3 bucket, Route 53 for TcX Tenant Administrative Account dryrun.md",".md","4.11","12/9/2025 1:13:34 PM"
"docs\Documentation\000_Cell-Setup\000_Automation Prerequisites\040_TcX Cell Setup\AWS\TcX Tenant Administrative AWS Account setup\050_Get access to AWS kits S3 bucket, Route 53 for TcX Tenant Administrative Account prod.md","050_Get access to AWS kits S3 bucket, Route 53 for TcX Tenant Administrative Account prod.md",".md","4.1","12/9/2025 1:13:34 PM"
"docs\Documentation\000_Cell-Setup\000_Automation Prerequisites\040_TcX Cell Setup\AWS\TcX Tenant Administrative AWS Account setup\070_Route 53 values.md","070_Route 53 values.md",".md","0.97","12/9/2025 1:13:34 PM"
"docs\Documentation\000_Cell-Setup\000_Automation Prerequisites\040_TcX Cell Setup\AWS\TcX Tenant Administrative AWS Account setup\080_Get access to tcx_cli CLI lambda for TcX Tenant Administrative account.md","080_Get access to tcx_cli CLI lambda for TcX Tenant Administrative account.md",".md","1.12","12/9/2025 1:13:34 PM"
"docs\Documentation\000_Cell-Setup\000_Automation Prerequisites\040_TcX Cell Setup\AWS\TcX Tenant Administrative AWS Account setup\090_Request update transit gateway IAM Role in TcX Cell Administrative Service Account.md","090_Request update transit gateway IAM Role in TcX Cell Administrative Service Account.md",".md","2.1","12/9/2025 1:13:34 PM"
"docs\Documentation\000_Cell-Setup\000_Automation Prerequisites\040_TcX Cell Setup\AWS\TcX Tenant Administrative AWS Account setup\100_Create cell bootstrap resources for tcx-pipeline-account pipeline.md","100_Create cell bootstrap resources for tcx-pipeline-account pipeline.md",".md","2.48","12/9/2025 1:13:34 PM"
"docs\Documentation\000_Cell-Setup\000_Automation Prerequisites\040_TcX Cell Setup\AWS\TcX Tenant Administrative AWS Account setup\110_Enable S3 access logging for terraform state buckets for existing accounts.md","110_Enable S3 access logging for terraform state buckets for existing accounts.md",".md","2.55","12/9/2025 1:13:34 PM"
"docs\Documentation\000_Cell-Setup\000_Automation Prerequisites\040_TcX Cell Setup\AWS\TcX Tenant Administrative AWS Account setup\120_Create replica specific AWS IAM role Once per Tenant AWS account.md","120_Create replica specific AWS IAM role Once per Tenant AWS account.md",".md","1.08","12/9/2025 1:13:34 PM"
"docs\Documentation\000_Cell-Setup\000_Automation Prerequisites\040_TcX Cell Setup\AWS\TcX Tenant Administrative AWS Account setup\130_Create shared database VPC Once per Tenant AWS account.md","130_Create shared database VPC Once per Tenant AWS account.md",".md","3.3","12/9/2025 1:13:34 PM"
"docs\Documentation\000_Cell-Setup\000_Automation Prerequisites\040_TcX Cell Setup\AWS\TcX Tenant Administrative AWS Account setup\140_Create Regex pattern set in tenant Region.md","140_Create Regex pattern set in tenant Region.md",".md","1.02","12/9/2025 1:13:34 PM"
"docs\Documentation\000_Cell-Setup\000_Automation Prerequisites\040_TcX Cell Setup\AWS\TcX Tenant Administrative AWS Account setup\145_Allowlist TcX Tenant Administrative Account for Sharing XCR Kubernetes Cluster VPC Endpoint Service.md","145_Allowlist TcX Tenant Administrative Account for Sharing XCR Kubernetes Cluster VPC Endpoint Service.md",".md","1.28","12/9/2025 1:13:34 PM"
"docs\Documentation\000_Cell-Setup\000_Automation Prerequisites\040_TcX Cell Setup\AWS\TcX Tenant Administrative AWS Account setup\160_Troubleshooting - New XCR Kubernetes cluster tenants in unknown state showing in ArgoCD.md","160_Troubleshooting - New XCR Kubernetes cluster tenants in unknown state showing in ArgoCD.md",".md","1.18","12/9/2025 1:13:34 PM"
"docs\Documentation\000_Cell-Setup\000_Automation Prerequisites\040_TcX Cell Setup\AWS\TcX Tenant Administrative AWS Account setup\165_Troubleshooting - The volume mount issue.md","165_Troubleshooting - The volume mount issue.md",".md","2.17","12/9/2025 1:13:34 PM"
"docs\Documentation\000_Cell-Setup\000_Automation Prerequisites\040_TcX Cell Setup\AWS\TcX Tenant Administrative AWS Account setup\170_Get the Tenant CIDR Range.md","170_Get the Tenant CIDR Range.md",".md","0.71","12/9/2025 1:13:34 PM"
"docs\Documentation\000_Cell-Setup\000_Automation Prerequisites\040_TcX Cell Setup\AWS\TcX Tenant Administrative AWS Account setup\175_Enable AWS CI Role Auth method in Vault.md","175_Enable AWS CI Role Auth method in Vault.md",".md","1.49","12/9/2025 1:13:34 PM"
"docs\Documentation\000_Cell-Setup\000_Automation Prerequisites\040_TcX Cell Setup\AWS\TcX Tenant Administrative AWS Account setup\180_Create AWS ACM Certificate for ALB.md","180_Create AWS ACM Certificate for ALB.md",".md","1.27","12/9/2025 1:13:34 PM"
"docs\Documentation\000_Cell-Setup\000_Automation Prerequisites\040_TcX Cell Setup\AWS\TcX Tenant Administrative AWS Account setup\190_Create IAM roles required for Usage and Billing report lambdas once per account.md","190_Create IAM roles required for Usage and Billing report lambdas once per account.md",".md","2.73","12/9/2025 1:13:34 PM"
"docs\Documentation\000_Cell-Setup\000_Automation Prerequisites\040_TcX Cell Setup\AWS\TcX Tenant Administrative AWS Account setup\200_Create ElastiCache Once per Tenant AWS account.md","200_Create ElastiCache Once per Tenant AWS account.md",".md","1.75","12/9/2025 1:13:34 PM"
"docs\Documentation\000_Cell-Setup\000_Automation Prerequisites\040_TcX Cell Setup\AWS\TcX Tenant Administrative AWS Account setup\image_40.png","image_40.png",".png","96.3","12/9/2025 1:13:34 PM"
"docs\Documentation\000_Cell-Setup\000_Automation Prerequisites\040_TcX Cell Setup\AWS\TcX Tenant Administrative AWS Account setup\image_41.png","image_41.png",".png","107.23","12/9/2025 1:13:34 PM"
"docs\Documentation\000_Cell-Setup\000_Automation Prerequisites\040_TcX Cell Setup\AWS\TcX Tenant Administrative AWS Account setup\image_42.png","image_42.png",".png","88.48","12/9/2025 1:13:34 PM"
"docs\Documentation\000_Cell-Setup\000_Automation Prerequisites\040_TcX Cell Setup\AWS\TcX Tenant Administrative AWS Account setup\image_43.png","image_43.png",".png","116.62","12/9/2025 1:13:34 PM"
"docs\Documentation\000_Cell-Setup\000_Automation Prerequisites\040_TcX Cell Setup\AWS\TcX Tenant Administrative AWS Account setup\image_44.png","image_44.png",".png","134.73","12/9/2025 1:13:34 PM"
"docs\Documentation\000_Cell-Setup\000_Automation Prerequisites\040_TcX Cell Setup\AWS\TcX Tenant Administrative AWS Account setup\image_45.png","image_45.png",".png","94.35","12/9/2025 1:13:34 PM"
"docs\Documentation\000_Cell-Setup\000_Automation Prerequisites\040_TcX Cell Setup\AWS\TcX Tenant Administrative AWS Account setup\image_46.png","image_46.png",".png","99.15","12/9/2025 1:13:34 PM"
"docs\Documentation\000_Cell-Setup\000_Automation Prerequisites\040_TcX Cell Setup\AWS\TcX Tenant Administrative AWS Account setup\image_47.png","image_47.png",".png","76.15","12/9/2025 1:13:34 PM"
"docs\Documentation\000_Cell-Setup\000_Automation Prerequisites\040_TcX Cell Setup\AWS\TcX Tenant Administrative AWS Account setup\image_48.png","image_48.png",".png","64.86","12/9/2025 1:13:34 PM"
"docs\Documentation\000_Cell-Setup\000_Automation Prerequisites\040_TcX Cell Setup\AWS\TcX Tenant Administrative AWS Account setup\image_49.png","image_49.png",".png","156.84","12/9/2025 1:13:34 PM"
"docs\Documentation\000_Cell-Setup\000_Automation Prerequisites\040_TcX Cell Setup\AWS\TcX Tenant Administrative AWS Account setup\image_50.png","image_50.png",".png","170.09","12/9/2025 1:13:34 PM"
"docs\Documentation\000_Cell-Setup\000_Automation Prerequisites\040_TcX Cell Setup\AWS\TcX Tenant Administrative AWS Account setup\image_51.png","image_51.png",".png","70.83","12/9/2025 1:13:34 PM"
"docs\Documentation\000_Cell-Setup\000_Automation Prerequisites\040_TcX Cell Setup\AWS\TcX Tenant Administrative AWS Account setup\image_52.png","image_52.png",".png","84.58","12/9/2025 1:13:34 PM"
"docs\Documentation\000_Cell-Setup\000_Automation Prerequisites\040_TcX Cell Setup\AWS\TcX Tenant Administrative AWS Account setup\image_53.png","image_53.png",".png","60.96","12/9/2025 1:13:34 PM"
"docs\Documentation\000_Cell-Setup\000_Automation Prerequisites\040_TcX Cell Setup\AWS\TcX Tenant Administrative AWS Account setup\image_54.png","image_54.png",".png","52.28","12/9/2025 1:13:34 PM"
"docs\Documentation\000_Cell-Setup\000_Automation Prerequisites\040_TcX Cell Setup\AWS\TcX Tenant Administrative AWS Account setup\image_55.png","image_55.png",".png","91.89","12/9/2025 1:13:34 PM"
"docs\Documentation\000_Cell-Setup\000_Automation Prerequisites\040_TcX Cell Setup\AWS\TcX Tenant Administrative AWS Account setup\image_56.png","image_56.png",".png","29.89","12/9/2025 1:13:34 PM"
"docs\Documentation\000_Cell-Setup\000_Automation Prerequisites\040_TcX Cell Setup\AWS\TcX Tenant Administrative AWS Account setup\image_57.png","image_57.png",".png","125.61","12/9/2025 1:13:34 PM"
"docs\Documentation\000_Cell-Setup\000_Automation Prerequisites\040_TcX Cell Setup\AWS\TcX Tenant Administrative AWS Account setup\image_58.png","image_58.png",".png","79.76","12/9/2025 1:13:34 PM"
"docs\Documentation\000_Cell-Setup\000_Automation Prerequisites\040_TcX Cell Setup\AWS\TcX Tenant Administrative AWS Account setup\image_59.png","image_59.png",".png","106.14","12/9/2025 1:13:34 PM"
"docs\Documentation\000_Cell-Setup\000_Automation Prerequisites\040_TcX Cell Setup\AWS\TcX Tenant Administrative AWS Account setup\image_60.png","image_60.png",".png","25.13","12/9/2025 1:13:34 PM"
"docs\Documentation\000_Cell-Setup\000_Automation Prerequisites\040_TcX Cell Setup\AWS\TcX Tenant Administrative AWS Account setup\image_61.png","image_61.png",".png","166.27","12/9/2025 1:13:34 PM"
"docs\Documentation\000_Cell-Setup\000_Automation Prerequisites\040_TcX Cell Setup\AWS\TcX Tenant Administrative AWS Account setup\image_62.png","image_62.png",".png","115.93","12/9/2025 1:13:34 PM"
"docs\Documentation\000_Cell-Setup\000_Automation Prerequisites\040_TcX Cell Setup\AWS\TcX Tenant Administrative AWS Account setup\image_63.png","image_63.png",".png","25.13","12/9/2025 1:13:34 PM"
"docs\Documentation\000_Cell-Setup\000_Automation Prerequisites\040_TcX Cell Setup\AWS\TcX Tenant Administrative AWS Account setup\image_64.png","image_64.png",".png","75.7","12/9/2025 1:13:34 PM"
"docs\Documentation\000_Cell-Setup\000_Automation Prerequisites\040_TcX Cell Setup\AWS\TcX Tenant Administrative AWS Account setup\image_65.png","image_65.png",".png","81.27","12/9/2025 1:13:34 PM"
"docs\Documentation\000_Cell-Setup\000_Automation Prerequisites\040_TcX Cell Setup\AWS\TcX Tenant Administrative AWS Account setup\image_66.png","image_66.png",".png","23.84","12/9/2025 1:13:34 PM"
"docs\Documentation\000_Cell-Setup\000_Automation Prerequisites\040_TcX Cell Setup\AWS\TcX Tenant Administrative AWS Account setup\image_67.png","image_67.png",".png","44.99","12/9/2025 1:13:34 PM"
"docs\Documentation\000_Cell-Setup\000_Automation Prerequisites\040_TcX Cell Setup\AWS\TcX Tenant Administrative AWS Account setup\image_68.png","image_68.png",".png","48.52","12/9/2025 1:13:34 PM"
"docs\Documentation\000_Cell-Setup\000_Automation Prerequisites\040_TcX Cell Setup\AWS\TcX Tenant Administrative AWS Account setup\image_69.png","image_69.png",".png","66.72","12/9/2025 1:13:34 PM"
"docs\Documentation\000_Cell-Setup\000_Automation Prerequisites\040_TcX Cell Setup\AWS\TcX Tenant Administrative AWS Account setup\image_70.png","image_70.png",".png","84.08","12/9/2025 1:13:34 PM"
"docs\Documentation\000_Cell-Setup\000_Automation Prerequisites\040_TcX Cell Setup\AWS\TcX Tenant Administrative AWS Account setup\image_71.png","image_71.png",".png","20.57","12/9/2025 1:13:34 PM"
"docs\Documentation\000_Cell-Setup\000_Automation Prerequisites\040_TcX Cell Setup\AWS\TcX Tenant Administrative AWS Account setup\image_72.png","image_72.png",".png","80.39","12/9/2025 1:13:34 PM"
"docs\Documentation\000_Cell-Setup\000_Automation Prerequisites\040_TcX Cell Setup\AWS\TcX Tenant Administrative AWS Account setup\image_73.png","image_73.png",".png","66.21","12/9/2025 1:13:34 PM"
"docs\Documentation\000_Cell-Setup\000_Automation Prerequisites\040_TcX Cell Setup\AWS\TcX Tenant Administrative AWS Account setup\image_74.png","image_74.png",".png","30.61","12/9/2025 1:13:34 PM"
"docs\Documentation\000_Cell-Setup\000_Automation Prerequisites\040_TcX Cell Setup\AWS\TcX Tenant Administrative AWS Account setup\image_75.png","image_75.png",".png","233.73","12/9/2025 1:13:34 PM"
"docs\Documentation\000_Cell-Setup\000_Automation Prerequisites\040_TcX Cell Setup\AWS\TcX Tenant Administrative AWS Account setup\image_76.png","image_76.png",".png","103.93","12/9/2025 1:13:34 PM"
"docs\Documentation\000_Cell-Setup\000_Automation Prerequisites\040_TcX Cell Setup\AWS\TcX Tenant Administrative AWS Account setup\image_77.png","image_77.png",".png","132.67","12/9/2025 1:13:34 PM"
"docs\Documentation\000_Cell-Setup\000_Automation Prerequisites\040_TcX Cell Setup\AWS\TcX Tenant Administrative AWS Account setup\image_78.png","image_78.png",".png","43.29","12/9/2025 1:13:34 PM"
"docs\Documentation\000_Cell-Setup\000_Automation Prerequisites\040_TcX Cell Setup\AWS\TcX Tenant Administrative AWS Account setup\image_79.png","image_79.png",".png","77.52","12/9/2025 1:13:34 PM"
"docs\Documentation\000_Cell-Setup\000_Automation Prerequisites\040_TcX Cell Setup\AWS\TcX Tenant Administrative AWS Account setup\image_80.png","image_80.png",".png","215.82","12/9/2025 1:13:34 PM"
"docs\Documentation\000_Cell-Setup\000_Automation Prerequisites\040_TcX Cell Setup\AWS\TcX Tenant Administrative AWS Account setup\image_81.png","image_81.png",".png","130.79","12/9/2025 1:13:34 PM"
"docs\Documentation\000_Cell-Setup\000_Automation Prerequisites\040_TcX Cell Setup\AWS\TcX Tenant Administrative AWS Account setup\image_82.png","image_82.png",".png","64.45","12/9/2025 1:13:34 PM"
"docs\Documentation\000_Cell-Setup\000_Automation Prerequisites\040_TcX Cell Setup\AWS\TcX Tenant Administrative AWS Account setup\image_83.png","image_83.png",".png","51.12","12/9/2025 1:13:34 PM"
"docs\Documentation\000_Cell-Setup\000_Automation Prerequisites\040_TcX Cell Setup\AZURE\015_Copy kits from AWS S3 to Azure administrative account.md","015_Copy kits from AWS S3 to Azure administrative account.md",".md","10.05","12/9/2025 1:13:34 PM"
"docs\Documentation\000_Cell-Setup\000_Automation Prerequisites\040_TcX Cell Setup\AZURE\016_Trigger pipeline to provision VM images in Compute Gallery.md","016_Trigger pipeline to provision VM images in Compute Gallery.md",".md","2.32","12/9/2025 1:13:34 PM"
"docs\Documentation\000_Cell-Setup\000_Automation Prerequisites\040_TcX Cell Setup\AZURE\020_Setup OIDC federation in AWS accounts.md","020_Setup OIDC federation in AWS accounts.md",".md","3.2","12/9/2025 1:13:34 PM"
"docs\Documentation\000_Cell-Setup\000_Automation Prerequisites\040_TcX Cell Setup\AZURE\image_101.png","image_101.png",".png","23.21","12/9/2025 1:13:34 PM"
"docs\Documentation\000_Cell-Setup\000_Automation Prerequisites\040_TcX Cell Setup\AZURE\image_147.png","image_147.png",".png","86.09","12/9/2025 1:13:34 PM"
"docs\Documentation\000_Cell-Setup\000_Automation Prerequisites\040_TcX Cell Setup\AZURE\image_148.png","image_148.png",".png","69.62","12/9/2025 1:13:34 PM"
"docs\Documentation\000_Cell-Setup\000_Automation Prerequisites\040_TcX Cell Setup\AZURE\image_149.png","image_149.png",".png","64.54","12/9/2025 1:13:34 PM"
"docs\Documentation\000_Cell-Setup\000_Automation Prerequisites\040_TcX Cell Setup\AZURE\image_150.png","image_150.png",".png","54.89","12/9/2025 1:13:34 PM"
"docs\Documentation\000_Cell-Setup\000_Automation Prerequisites\040_TcX Cell Setup\AZURE\image_91.png","image_91.png",".png","119.91","12/9/2025 1:13:34 PM"
"docs\Documentation\000_Cell-Setup\000_Automation Prerequisites\040_TcX Cell Setup\AZURE\000_Setup Admin subscription\000_Setup Admin subscription.md","000_Setup Admin subscription.md",".md","0.25","12/9/2025 1:13:34 PM"
"docs\Documentation\000_Cell-Setup\000_Automation Prerequisites\040_TcX Cell Setup\AZURE\000_Setup Admin subscription\001_Prepare the scripts to be executed.md","001_Prepare the scripts to be executed.md",".md","5.53","2/13/2026 12:05:56 PM"
"docs\Documentation\000_Cell-Setup\000_Automation Prerequisites\040_TcX Cell Setup\AZURE\000_Setup Admin subscription\010_Pre-requisites.md","010_Pre-requisites.md",".md","2.14","2/10/2026 11:28:46 AM"
"docs\Documentation\000_Cell-Setup\000_Automation Prerequisites\040_TcX Cell Setup\AZURE\000_Setup Admin subscription\011_Validate subscription management group.md","011_Validate subscription management group.md",".md","1.45","2/10/2026 11:28:46 AM"
"docs\Documentation\000_Cell-Setup\000_Automation Prerequisites\040_TcX Cell Setup\AZURE\000_Setup Admin subscription\012_Check Management Group Roles.md","012_Check Management Group Roles.md",".md","1.39","12/9/2025 1:13:34 PM"
"docs\Documentation\000_Cell-Setup\000_Automation Prerequisites\040_TcX Cell Setup\AZURE\000_Setup Admin subscription\013_Create Management Group Roles.md","013_Create Management Group Roles.md",".md","1.85","12/9/2025 1:13:34 PM"
"docs\Documentation\000_Cell-Setup\000_Automation Prerequisites\040_TcX Cell Setup\AZURE\000_Setup Admin subscription\030_Setup execution environment.md","030_Setup execution environment.md",".md","0.99","12/9/2025 1:13:34 PM"
"docs\Documentation\000_Cell-Setup\000_Automation Prerequisites\040_TcX Cell Setup\AZURE\000_Setup Admin subscription\040_Enable Resource Providers.md","040_Enable Resource Providers.md",".md","0.6","12/9/2025 1:13:34 PM"
"docs\Documentation\000_Cell-Setup\000_Automation Prerequisites\040_TcX Cell Setup\AZURE\000_Setup Admin subscription\050_Create Custom Roles.md","050_Create Custom Roles.md",".md","2.42","2/10/2026 11:28:46 AM"
"docs\Documentation\000_Cell-Setup\000_Automation Prerequisites\040_TcX Cell Setup\AZURE\000_Setup Admin subscription\060_Configure pipeline credential management.md","060_Configure pipeline credential management.md",".md","2.93","1/20/2026 5:40:21 PM"
"docs\Documentation\000_Cell-Setup\000_Automation Prerequisites\040_TcX Cell Setup\AZURE\000_Setup Admin subscription\070_Configure global apps.md","070_Configure global apps.md",".md","1.54","12/9/2025 1:13:34 PM"
"docs\Documentation\000_Cell-Setup\000_Automation Prerequisites\040_TcX Cell Setup\AZURE\000_Setup Admin subscription\080_Download extended scripts.md","080_Download extended scripts.md",".md","0.19","12/9/2025 1:13:34 PM"
"docs\Documentation\000_Cell-Setup\000_Automation Prerequisites\040_TcX Cell Setup\AZURE\000_Setup Admin subscription\image_83.png","image_83.png",".png","125.33","12/9/2025 1:13:34 PM"
"docs\Documentation\000_Cell-Setup\000_Automation Prerequisites\040_TcX Cell Setup\AZURE\000_Setup Admin subscription\image_84.png","image_84.png",".png","125.33","12/9/2025 1:13:34 PM"
"docs\Documentation\000_Cell-Setup\000_Automation Prerequisites\040_TcX Cell Setup\AZURE\000_Setup Admin subscription\image_89.png","image_89.png",".png","125.33","12/9/2025 1:13:34 PM"
"docs\Documentation\000_Cell-Setup\000_Automation Prerequisites\040_TcX Cell Setup\AZURE\000_Setup Admin subscription\image-1.png","image-1.png",".png","58.94","12/9/2025 1:13:34 PM"
"docs\Documentation\000_Cell-Setup\000_Automation Prerequisites\040_TcX Cell Setup\AZURE\000_Setup Admin subscription\image-2.png","image-2.png",".png","57.72","12/9/2025 1:13:34 PM"
"docs\Documentation\000_Cell-Setup\000_Automation Prerequisites\040_TcX Cell Setup\AZURE\000_Setup Admin subscription\image-3.png","image-3.png",".png","119.48","12/9/2025 1:13:34 PM"
"docs\Documentation\000_Cell-Setup\000_Automation Prerequisites\040_TcX Cell Setup\AZURE\000_Setup Admin subscription\image.png","image.png",".png","132.95","12/9/2025 1:13:34 PM"
"docs\Documentation\000_Cell-Setup\000_Automation Prerequisites\040_TcX Cell Setup\AZURE\010_Trigger Admin pipeline\000_Create the Pipeline Variables files.md","000_Create the Pipeline Variables files.md",".md","1.41","12/9/2025 1:13:34 PM"
"docs\Documentation\000_Cell-Setup\000_Automation Prerequisites\040_TcX Cell Setup\AZURE\010_Trigger Admin pipeline\010_Trigger the pipeline.md","010_Trigger the pipeline.md",".md","1.31","12/9/2025 1:13:34 PM"
"docs\Documentation\000_Cell-Setup\000_Automation Prerequisites\040_TcX Cell Setup\AZURE\010_Trigger Admin pipeline\020_Merge Pipeline Variables files back into main.md","020_Merge Pipeline Variables files back into main.md",".md","0.58","12/9/2025 1:13:34 PM"
"docs\Documentation\000_Cell-Setup\000_Automation Prerequisites\040_TcX Cell Setup\AZURE\010_Trigger Admin pipeline\030_Configure Automation Account Permissions.md","030_Configure Automation Account Permissions.md",".md","2.54","12/9/2025 1:13:34 PM"
"docs\Documentation\000_Cell-Setup\000_Automation Prerequisites\040_TcX Cell Setup\AZURE\010_Trigger Admin pipeline\040_Manually Run Automation Runbook.md","040_Manually Run Automation Runbook.md",".md","1.67","12/9/2025 1:13:34 PM"
"docs\Documentation\000_Cell-Setup\000_Automation Prerequisites\040_TcX Cell Setup\AZURE\010_Trigger Admin pipeline\image_92.png","image_92.png",".png","48.19","12/9/2025 1:13:34 PM"
"docs\Documentation\000_Cell-Setup\000_Automation Prerequisites\040_TcX Cell Setup\AZURE\010_Trigger Admin pipeline\image_93.png","image_93.png",".png","75.38","12/9/2025 1:13:34 PM"
"docs\Documentation\000_Cell-Setup\000_Automation Prerequisites\040_TcX Cell Setup\AZURE\010_Trigger Admin pipeline\image_94.png","image_94.png",".png","65.09","12/9/2025 1:13:34 PM"
"docs\Documentation\000_Cell-Setup\000_Automation Prerequisites\040_TcX Cell Setup\AZURE\010_Trigger Admin pipeline\image_95.png","image_95.png",".png","91.37","12/9/2025 1:13:34 PM"
"docs\Documentation\000_Cell-Setup\000_Automation Prerequisites\040_TcX Cell Setup\AZURE\010_Trigger Admin pipeline\image_96.png","image_96.png",".png","85.93","12/9/2025 1:13:34 PM"
"docs\Documentation\000_Cell-Setup\000_Automation Prerequisites\040_TcX Cell Setup\AZURE\010_Trigger Admin pipeline\image_97.png","image_97.png",".png","77.26","12/9/2025 1:13:34 PM"
"docs\Documentation\000_Cell-Setup\000_Automation Prerequisites\040_TcX Cell Setup\AZURE\010_Trigger Admin pipeline\image_98.png","image_98.png",".png","97.56","12/9/2025 1:13:34 PM"
"docs\Documentation\000_Cell-Setup\000_Automation Prerequisites\040_TcX Cell Setup\AZURE\040_Setup Cell Subscription\000_Pre-requisites.md","000_Pre-requisites.md",".md","1.57","2/10/2026 11:28:46 AM"
"docs\Documentation\000_Cell-Setup\000_Automation Prerequisites\040_TcX Cell Setup\AZURE\040_Setup Cell Subscription\001_Validate subscription management group.md","001_Validate subscription management group.md",".md","1.45","2/10/2026 11:28:46 AM"
"docs\Documentation\000_Cell-Setup\000_Automation Prerequisites\040_TcX Cell Setup\AZURE\040_Setup Cell Subscription\002_Enable Resource Providers.md","002_Enable Resource Providers.md",".md","0.93","12/9/2025 1:13:34 PM"
"docs\Documentation\000_Cell-Setup\000_Automation Prerequisites\040_TcX Cell Setup\AZURE\040_Setup Cell Subscription\005_Validate subscription quota.md","005_Validate subscription quota.md",".md","6.58","2/13/2026 12:05:56 PM"
"docs\Documentation\000_Cell-Setup\000_Automation Prerequisites\040_TcX Cell Setup\AZURE\040_Setup Cell Subscription\022_Check Management Group Roles.md","022_Check Management Group Roles.md",".md","1.62","12/9/2025 1:13:34 PM"
"docs\Documentation\000_Cell-Setup\000_Automation Prerequisites\040_TcX Cell Setup\AZURE\040_Setup Cell Subscription\022_Create Management Group Roles.md","022_Create Management Group Roles.md",".md","3.5","2/11/2026 12:27:40 PM"
"docs\Documentation\000_Cell-Setup\000_Automation Prerequisites\040_TcX Cell Setup\AZURE\040_Setup Cell Subscription\024_Setup execution environment.md","024_Setup execution environment.md",".md","0.98","12/9/2025 1:13:34 PM"
"docs\Documentation\000_Cell-Setup\000_Automation Prerequisites\040_TcX Cell Setup\AZURE\040_Setup Cell Subscription\040_Create and Export Custom Roles.md","040_Create and Export Custom Roles.md",".md","2.61","12/9/2025 1:13:34 PM"
"docs\Documentation\000_Cell-Setup\000_Automation Prerequisites\040_TcX Cell Setup\AZURE\040_Setup Cell Subscription\060_Configure Service Principals for the pipeline.md","060_Configure Service Principals for the pipeline.md",".md","7.25","2/13/2026 12:05:56 PM"
"docs\Documentation\000_Cell-Setup\000_Automation Prerequisites\040_TcX Cell Setup\AZURE\040_Setup Cell Subscription\070_Download extended scripts.md","070_Download extended scripts.md",".md","0.21","12/9/2025 1:13:34 PM"
"docs\Documentation\000_Cell-Setup\000_Automation Prerequisites\040_TcX Cell Setup\AZURE\040_Setup Cell Subscription\075_Configure auto peering.md","075_Configure auto peering.md",".md","2.96","12/9/2025 1:13:34 PM"
"docs\Documentation\000_Cell-Setup\000_Automation Prerequisites\040_TcX Cell Setup\AZURE\040_Setup Cell Subscription\080_Create preshared-key in vault for management plane.md","080_Create preshared-key in vault for management plane.md",".md","0.75","2/10/2026 11:28:46 AM"
"docs\Documentation\000_Cell-Setup\000_Automation Prerequisites\040_TcX Cell Setup\AZURE\040_Setup Cell Subscription\081_Generate pipeline variables.md","081_Generate pipeline variables.md",".md","1.72","2/10/2026 11:28:46 AM"
"docs\Documentation\000_Cell-Setup\000_Automation Prerequisites\040_TcX Cell Setup\AZURE\040_Setup Cell Subscription\082_DEV only variables.md","082_DEV only variables.md",".md","0.64","12/9/2025 1:13:34 PM"
"docs\Documentation\000_Cell-Setup\000_Automation Prerequisites\040_TcX Cell Setup\AZURE\040_Setup Cell Subscription\090_Trigger Cell Pipeline.md","090_Trigger Cell Pipeline.md",".md","1.57","12/9/2025 1:13:34 PM"
"docs\Documentation\000_Cell-Setup\000_Automation Prerequisites\040_TcX Cell Setup\AZURE\040_Setup Cell Subscription\100_Setup VPN with management plane.md","100_Setup VPN with management plane.md",".md","3.98","12/9/2025 1:13:34 PM"
"docs\Documentation\000_Cell-Setup\000_Automation Prerequisites\040_TcX Cell Setup\AZURE\040_Setup Cell Subscription\110_Merge Pipeline Variables files back into main.md","110_Merge Pipeline Variables files back into main.md",".md","0.21","12/9/2025 1:13:34 PM"
"docs\Documentation\000_Cell-Setup\000_Automation Prerequisites\040_TcX Cell Setup\AZURE\040_Setup Cell Subscription\image_102.png","image_102.png",".png","109.63","12/9/2025 1:13:34 PM"
"docs\Documentation\000_Cell-Setup\000_Automation Prerequisites\040_TcX Cell Setup\AZURE\040_Setup Cell Subscription\image_142.png","image_142.png",".png","34.33","12/9/2025 1:13:34 PM"
"docs\Documentation\000_Cell-Setup\000_Automation Prerequisites\040_TcX Cell Setup\AZURE\040_Setup Cell Subscription\image_143.png","image_143.png",".png","29.77","12/9/2025 1:13:34 PM"
"docs\Documentation\000_Cell-Setup\000_Automation Prerequisites\040_TcX Cell Setup\AZURE\040_Setup Cell Subscription\image_144.png","image_144.png",".png","87.73","12/9/2025 1:13:34 PM"
"docs\Documentation\000_Cell-Setup\000_Automation Prerequisites\040_TcX Cell Setup\AZURE\040_Setup Cell Subscription\image_145.png","image_145.png",".png","48.04","12/9/2025 1:13:34 PM"
"docs\Documentation\000_Cell-Setup\000_Automation Prerequisites\040_TcX Cell Setup\AZURE\040_Setup Cell Subscription\image_146.png","image_146.png",".png","82.88","12/9/2025 1:13:34 PM"
"docs\Documentation\000_Cell-Setup\000_Automation Prerequisites\040_TcX Cell Setup\AZURE\040_Setup Cell Subscription\image_147.png","image_147.png",".png","32.23","1/20/2026 5:40:21 PM"
"docs\Documentation\000_Cell-Setup\000_Automation Prerequisites\040_TcX Cell Setup\AZURE\040_Setup Cell Subscription\image_148.png","image_148.png",".png","17.63","1/20/2026 5:40:21 PM"
"docs\Documentation\000_Cell-Setup\000_Automation Prerequisites\040_TcX Cell Setup\AZURE\040_Setup Cell Subscription\image_7.png","image_7.png",".png","105.59","12/9/2025 1:13:34 PM"
"docs\Documentation\000_Cell-Setup\000_Automation Prerequisites\040_TcX Cell Setup\AZURE\040_Setup Cell Subscription\image_82.png","image_82.png",".png","10.26","12/9/2025 1:13:34 PM"
"docs\Documentation\000_Cell-Setup\000_Automation Prerequisites\040_TcX Cell Setup\AZURE\040_Setup Cell Subscription\image_85.png","image_85.png",".png","59.05","12/9/2025 1:13:34 PM"
"docs\Documentation\000_Cell-Setup\000_Automation Prerequisites\040_TcX Cell Setup\AZURE\040_Setup Cell Subscription\image_86.png","image_86.png",".png","24.44","12/9/2025 1:13:34 PM"
"docs\Documentation\000_Cell-Setup\000_Automation Prerequisites\040_TcX Cell Setup\AZURE\040_Setup Cell Subscription\image_87.png","image_87.png",".png","37.71","12/9/2025 1:13:34 PM"
"docs\Documentation\000_Cell-Setup\000_Automation Prerequisites\040_TcX Cell Setup\AZURE\040_Setup Cell Subscription\image_88.png","image_88.png",".png","47.02","12/9/2025 1:13:34 PM"
"docs\Documentation\000_Cell-Setup\000_Automation Prerequisites\040_TcX Cell Setup\AZURE\040_Setup Cell Subscription\image_89.png","image_89.png",".png","125.33","12/9/2025 1:13:34 PM"
"docs\Documentation\000_Cell-Setup\000_Automation Prerequisites\040_TcX Cell Setup\AZURE\040_Setup Cell Subscription\image_90.png","image_90.png",".png","103.46","12/9/2025 1:13:34 PM"
"docs\Documentation\000_Cell-Setup\000_Automation Prerequisites\040_TcX Cell Setup\AZURE\040_Setup Cell Subscription\image-1.png","image-1.png",".png","75.7","12/9/2025 1:13:34 PM"
"docs\Documentation\000_Cell-Setup\000_Automation Prerequisites\040_TcX Cell Setup\AZURE\040_Setup Cell Subscription\image-10.png","image-10.png",".png","197.31","12/9/2025 1:13:34 PM"
"docs\Documentation\000_Cell-Setup\000_Automation Prerequisites\040_TcX Cell Setup\AZURE\040_Setup Cell Subscription\image-11.png","image-11.png",".png","167.21","12/9/2025 1:13:34 PM"
"docs\Documentation\000_Cell-Setup\000_Automation Prerequisites\040_TcX Cell Setup\AZURE\040_Setup Cell Subscription\image-12.png","image-12.png",".png","43.07","12/9/2025 1:22:02 PM"
"docs\Documentation\000_Cell-Setup\000_Automation Prerequisites\040_TcX Cell Setup\AZURE\040_Setup Cell Subscription\image-13.png","image-13.png",".png","70.79","12/9/2025 1:22:02 PM"
"docs\Documentation\000_Cell-Setup\000_Automation Prerequisites\040_TcX Cell Setup\AZURE\040_Setup Cell Subscription\image-2.png","image-2.png",".png","83.52","12/9/2025 1:13:34 PM"
"docs\Documentation\000_Cell-Setup\000_Automation Prerequisites\040_TcX Cell Setup\AZURE\040_Setup Cell Subscription\image-3.png","image-3.png",".png","105.89","12/9/2025 1:13:34 PM"
"docs\Documentation\000_Cell-Setup\000_Automation Prerequisites\040_TcX Cell Setup\AZURE\040_Setup Cell Subscription\image-4.png","image-4.png",".png","58.94","12/9/2025 1:13:34 PM"
"docs\Documentation\000_Cell-Setup\000_Automation Prerequisites\040_TcX Cell Setup\AZURE\040_Setup Cell Subscription\image-5.png","image-5.png",".png","144.28","12/9/2025 1:13:34 PM"
"docs\Documentation\000_Cell-Setup\000_Automation Prerequisites\040_TcX Cell Setup\AZURE\040_Setup Cell Subscription\image-6.png","image-6.png",".png","131.91","12/9/2025 1:13:34 PM"
"docs\Documentation\000_Cell-Setup\000_Automation Prerequisites\040_TcX Cell Setup\AZURE\040_Setup Cell Subscription\image-7.png","image-7.png",".png","125.34","12/9/2025 1:13:34 PM"
"docs\Documentation\000_Cell-Setup\000_Automation Prerequisites\040_TcX Cell Setup\AZURE\040_Setup Cell Subscription\image-8.png","image-8.png",".png","45.89","12/9/2025 1:13:34 PM"
"docs\Documentation\000_Cell-Setup\000_Automation Prerequisites\040_TcX Cell Setup\AZURE\040_Setup Cell Subscription\image-9.png","image-9.png",".png","91.54","12/9/2025 1:13:34 PM"
"docs\Documentation\000_Cell-Setup\000_Automation Prerequisites\040_TcX Cell Setup\AZURE\040_Setup Cell Subscription\image.png","image.png",".png","112.48","12/9/2025 1:13:34 PM"
"docs\Documentation\000_Cell-Setup\000_Automation Prerequisites\040_TcX Cell Setup\AZURE\040_Setup Cell Subscription\020_Prepare the scripts to be executed\020_Prepare the scripts to be executed.md","020_Prepare the scripts to be executed.md",".md","0.77","12/9/2025 1:13:34 PM"
"docs\Documentation\000_Cell-Setup\000_Automation Prerequisites\040_TcX Cell Setup\AZURE\040_Setup Cell Subscription\020_Prepare the scripts to be executed\image_84.png","image_84.png",".png","125.34","12/9/2025 1:13:34 PM"
"docs\Documentation\000_Cell-Setup\000_Automation Prerequisites\040_TcX Cell Setup\AZURE\040_Setup Cell Subscription\020_Prepare the scripts to be executed\010_Variable Reference Guide\000_cell_env_vars.sh.md","000_cell_env_vars.sh.md",".md","11.71","2/13/2026 12:05:56 PM"
"docs\Documentation\000_Cell-Setup\000_Automation Prerequisites\040_TcX Cell Setup\AZURE\040_Setup Cell Subscription\020_Prepare the scripts to be executed\010_Variable Reference Guide\010_cloud_env_vars.sh.md","010_cloud_env_vars.sh.md",".md","2.61","2/13/2026 12:05:56 PM"
"docs\Documentation\000_Cell-Setup\000_Automation Prerequisites\040_TcX Cell Setup\AZURE\100_Setup Datadog in Admin subscription\100_Setup Datadog in Admin subscription.md","100_Setup Datadog in Admin subscription.md",".md","0.43","12/9/2025 1:13:34 PM"
"docs\Documentation\000_Cell-Setup\000_Automation Prerequisites\040_TcX Cell Setup\AZURE\100_Setup Datadog in Admin subscription\110_Azure Datadog Integration.md","110_Azure Datadog Integration.md",".md","10.22","12/9/2025 1:13:34 PM"
"docs\Documentation\000_Cell-Setup\000_Automation Prerequisites\040_TcX Cell Setup\AZURE\100_Setup Datadog in Admin subscription\120_Azure Log Forwarding.md","120_Azure Log Forwarding.md",".md","7.19","12/9/2025 1:13:34 PM"
"docs\Documentation\000_Cell-Setup\000_Automation Prerequisites\040_TcX Cell Setup\AZURE\100_Setup Datadog in Admin subscription\sre_setup_120_0001.png","sre_setup_120_0001.png",".png","52.78","12/9/2025 1:13:34 PM"
"docs\Documentation\000_Cell-Setup\000_Automation Prerequisites\040_TcX Cell Setup\AZURE\100_Setup Datadog in Admin subscription\sre_setup_120_0002.png","sre_setup_120_0002.png",".png","36.55","12/9/2025 1:13:34 PM"
"docs\Documentation\000_Cell-Setup\000_Automation Prerequisites\040_TcX Cell Setup\AZURE\100_Setup Datadog in Admin subscription\sre_setup_120_0003.png","sre_setup_120_0003.png",".png","65.81","12/9/2025 1:13:34 PM"
"docs\Documentation\000_Cell-Setup\000_Automation Prerequisites\040_TcX Cell Setup\AZURE\100_Setup Datadog in Admin subscription\sre_setup_120_0004.png","sre_setup_120_0004.png",".png","94.59","12/9/2025 1:13:34 PM"
"docs\Documentation\000_Cell-Setup\000_Automation Prerequisites\040_TcX Cell Setup\AZURE\100_Setup Datadog in Admin subscription\sre_setup_120_0005.png","sre_setup_120_0005.png",".png","93.98","12/9/2025 1:13:34 PM"
"docs\Documentation\000_Cell-Setup\000_Automation Prerequisites\040_TcX Cell Setup\AZURE\100_Setup Datadog in Admin subscription\sre_setup_120_0006.png","sre_setup_120_0006.png",".png","341.87","12/9/2025 1:13:34 PM"
"docs\Documentation\000_Cell-Setup\000_Automation Prerequisites\040_TcX Cell Setup\AZURE\100_Setup Datadog in Admin subscription\sre_setup_120_0007.png","sre_setup_120_0007.png",".png","32.28","12/9/2025 1:13:34 PM"
"docs\Documentation\000_Cell-Setup\000_Automation Prerequisites\040_TcX Cell Setup\AZURE\100_Setup Datadog in Admin subscription\sre_setup_120_0008.png","sre_setup_120_0008.png",".png","111.18","12/9/2025 1:13:34 PM"
"docs\Documentation\000_Cell-Setup\000_Automation Prerequisites\040_TcX Cell Setup\AZURE\100_Setup Datadog in Admin subscription\sre_setup_120_0008a.png","sre_setup_120_0008a.png",".png","20.32","12/9/2025 1:13:34 PM"
"docs\Documentation\000_Cell-Setup\000_Automation Prerequisites\040_TcX Cell Setup\AZURE\100_Setup Datadog in Admin subscription\sre_setup_120_0009.png","sre_setup_120_0009.png",".png","65.59","12/9/2025 1:13:34 PM"
"docs\Documentation\000_Cell-Setup\000_Automation Prerequisites\040_TcX Cell Setup\AZURE\100_Setup Datadog in Admin subscription\sre_setup_120_0010.png","sre_setup_120_0010.png",".png","53.65","12/9/2025 1:13:34 PM"
"docs\Documentation\000_Cell-Setup\000_Automation Prerequisites\050_Teamcenter X Operating SAM Account Set-up\.git-reviewers.json",".git-reviewers.json",".json","0.04","1/20/2026 4:55:14 PM"
"docs\Documentation\000_Cell-Setup\000_Automation Prerequisites\050_Teamcenter X Operating SAM Account Set-up\000_Operating SAM Account Set-up Definitions.md","000_Operating SAM Account Set-up Definitions.md",".md","1.25","12/9/2025 1:13:34 PM"
"docs\Documentation\000_Cell-Setup\000_Automation Prerequisites\050_Teamcenter X Operating SAM Account Set-up\010_Set-up Teamcenter X Operating SAM Account\000_Prerequisites.md","000_Prerequisites.md",".md","0.91","12/9/2025 1:13:34 PM"
"docs\Documentation\000_Cell-Setup\000_Automation Prerequisites\050_Teamcenter X Operating SAM Account Set-up\010_Set-up Teamcenter X Operating SAM Account\010_Operating SAM Account.md","010_Operating SAM Account.md",".md","1.01","12/9/2025 1:13:34 PM"
"docs\Documentation\000_Cell-Setup\000_Automation Prerequisites\050_Teamcenter X Operating SAM Account Set-up\010_Set-up Teamcenter X Operating SAM Account\020_On-board Operating Users.md","020_On-board Operating Users.md",".md","1.47","12/9/2025 1:13:34 PM"
"docs\Documentation\000_Cell-Setup\000_Automation Prerequisites\050_Teamcenter X Operating SAM Account Set-up\010_Set-up Teamcenter X Operating SAM Account\image_91.png","image_91.png",".png","47.85","12/9/2025 1:13:34 PM"
"docs\Documentation\000_Cell-Setup\000_Automation Prerequisites\050_Teamcenter X Operating SAM Account Set-up\010_Set-up Teamcenter X Operating SAM Account\image_92.png","image_92.png",".png","28.95","12/9/2025 1:13:34 PM"
"docs\Documentation\000_Cell-Setup\000_Automation Prerequisites\050_Teamcenter X Operating SAM Account Set-up\010_Set-up Teamcenter X Operating SAM Account\image_93.png","image_93.png",".png","32.71","12/9/2025 1:13:34 PM"
"docs\Documentation\000_Cell-Setup\000_Automation Prerequisites\050_Teamcenter X Operating SAM Account Set-up\010_Set-up Teamcenter X Operating SAM Account\image_94.png","image_94.png",".png","22.96","12/9/2025 1:13:34 PM"
"docs\Documentation\000_Cell-Setup\000_Automation Prerequisites\050_Teamcenter X Operating SAM Account Set-up\010_Set-up Teamcenter X Operating SAM Account\image_95.png","image_95.png",".png","26.74","12/9/2025 1:13:34 PM"
"docs\Documentation\000_Cell-Setup\000_Automation Prerequisites\050_Teamcenter X Operating SAM Account Set-up\010_Set-up Teamcenter X Operating SAM Account\image_96.png","image_96.png",".png","19.69","12/9/2025 1:13:34 PM"
"docs\Documentation\000_Cell-Setup\000_Automation Prerequisites\060_Amazon SES SMTP Account Set-up\.git-reviewers.json",".git-reviewers.json",".json","0.04","1/20/2026 4:55:14 PM"
"docs\Documentation\000_Cell-Setup\000_Automation Prerequisites\060_Amazon SES SMTP Account Set-up\000_Amazon SES SMTP Account Set-up.md","000_Amazon SES SMTP Account Set-up.md",".md","0.24","12/9/2025 1:13:34 PM"
"docs\Documentation\000_Cell-Setup\000_Automation Prerequisites\060_Amazon SES SMTP Account Set-up\010_Creating SMTP Credentials.md","010_Creating SMTP Credentials.md",".md","2.57","12/9/2025 1:13:34 PM"
"docs\Documentation\000_Cell-Setup\000_Automation Prerequisites\060_Amazon SES SMTP Account Set-up\015_Lift account sandbox restrictions.md","015_Lift account sandbox restrictions.md",".md","0.36","12/9/2025 1:13:34 PM"
"docs\Documentation\000_Cell-Setup\000_Automation Prerequisites\060_Amazon SES SMTP Account Set-up\020_Process Overview for DMARC SPF DKIM Enablement.md","020_Process Overview for DMARC SPF DKIM Enablement.md",".md","1.55","12/9/2025 1:13:34 PM"
"docs\Documentation\000_Cell-Setup\000_Automation Prerequisites\060_Amazon SES SMTP Account Set-up\025_Amazon SES Domain Setup.md","025_Amazon SES Domain Setup.md",".md","4.24","12/9/2025 1:13:34 PM"
"docs\Documentation\000_Cell-Setup\000_Automation Prerequisites\060_Amazon SES SMTP Account Set-up\030_SMTP Configuration and Validation.md","030_SMTP Configuration and Validation.md",".md","3.89","12/9/2025 1:13:34 PM"
"docs\Documentation\000_Cell-Setup\000_Automation Prerequisites\060_Amazon SES SMTP Account Set-up\035_SES Server Validation.md","035_SES Server Validation.md",".md","1.72","12/9/2025 1:13:34 PM"
"docs\Documentation\000_Cell-Setup\000_Automation Prerequisites\060_Amazon SES SMTP Account Set-up\image_100.png","image_100.png",".png","68.97","12/9/2025 1:13:34 PM"
"docs\Documentation\000_Cell-Setup\000_Automation Prerequisites\060_Amazon SES SMTP Account Set-up\image_101.png","image_101.png",".png","39.71","12/9/2025 1:13:34 PM"
"docs\Documentation\000_Cell-Setup\000_Automation Prerequisites\060_Amazon SES SMTP Account Set-up\image_102.png","image_102.png",".png","24.42","12/9/2025 1:13:34 PM"
"docs\Documentation\000_Cell-Setup\000_Automation Prerequisites\060_Amazon SES SMTP Account Set-up\image_105.png","image_105.png",".png","103.91","12/9/2025 1:13:34 PM"
"docs\Documentation\000_Cell-Setup\000_Automation Prerequisites\060_Amazon SES SMTP Account Set-up\image_106.png","image_106.png",".png","132.51","12/9/2025 1:13:34 PM"
"docs\Documentation\000_Cell-Setup\000_Automation Prerequisites\060_Amazon SES SMTP Account Set-up\image_107.png","image_107.png",".png","63.12","12/9/2025 1:13:34 PM"
"docs\Documentation\000_Cell-Setup\000_Automation Prerequisites\060_Amazon SES SMTP Account Set-up\image_108.png","image_108.png",".png","56.09","12/9/2025 1:13:34 PM"
"docs\Documentation\000_Cell-Setup\000_Automation Prerequisites\060_Amazon SES SMTP Account Set-up\image_109.png","image_109.png",".png","46.68","12/9/2025 1:13:34 PM"
"docs\Documentation\000_Cell-Setup\000_Automation Prerequisites\060_Amazon SES SMTP Account Set-up\image_110.png","image_110.png",".png","52.13","12/9/2025 1:13:34 PM"
"docs\Documentation\000_Cell-Setup\000_Automation Prerequisites\060_Amazon SES SMTP Account Set-up\image_111.png","image_111.png",".png","67.67","12/9/2025 1:13:35 PM"
"docs\Documentation\000_Cell-Setup\000_Automation Prerequisites\060_Amazon SES SMTP Account Set-up\image_112.png","image_112.png",".png","67.46","12/9/2025 1:13:35 PM"
"docs\Documentation\000_Cell-Setup\000_Automation Prerequisites\060_Amazon SES SMTP Account Set-up\image_113.png","image_113.png",".png","82.78","12/9/2025 1:13:35 PM"
"docs\Documentation\000_Cell-Setup\000_Automation Prerequisites\060_Amazon SES SMTP Account Set-up\image_114.png","image_114.png",".png","85.34","12/9/2025 1:13:35 PM"
"docs\Documentation\000_Cell-Setup\000_Automation Prerequisites\060_Amazon SES SMTP Account Set-up\image_115.png","image_115.png",".png","85.38","12/9/2025 1:13:35 PM"
"docs\Documentation\000_Cell-Setup\000_Automation Prerequisites\060_Amazon SES SMTP Account Set-up\image_116.png","image_116.png",".png","85.46","12/9/2025 1:13:35 PM"
"docs\Documentation\000_Cell-Setup\000_Automation Prerequisites\060_Amazon SES SMTP Account Set-up\image_117.png","image_117.png",".png","72.11","12/9/2025 1:13:35 PM"
"docs\Documentation\000_Cell-Setup\000_Automation Prerequisites\060_Amazon SES SMTP Account Set-up\image_118.png","image_118.png",".png","46.97","12/9/2025 1:13:35 PM"
"docs\Documentation\000_Cell-Setup\000_Automation Prerequisites\060_Amazon SES SMTP Account Set-up\image_119.png","image_119.png",".png","128.15","12/9/2025 1:13:35 PM"
"docs\Documentation\000_Cell-Setup\000_Automation Prerequisites\060_Amazon SES SMTP Account Set-up\image_120.png","image_120.png",".png","125.89","12/9/2025 1:13:35 PM"
"docs\Documentation\000_Cell-Setup\000_Automation Prerequisites\060_Amazon SES SMTP Account Set-up\image_121.png","image_121.png",".png","85.76","12/9/2025 1:13:35 PM"
"docs\Documentation\000_Cell-Setup\000_Automation Prerequisites\060_Amazon SES SMTP Account Set-up\image_122.png","image_122.png",".png","137.19","12/9/2025 1:13:35 PM"
"docs\Documentation\000_Cell-Setup\000_Automation Prerequisites\060_Amazon SES SMTP Account Set-up\image_123.png","image_123.png",".png","80.71","12/9/2025 1:13:35 PM"
"docs\Documentation\000_Cell-Setup\000_Automation Prerequisites\060_Amazon SES SMTP Account Set-up\image_124.png","image_124.png",".png","116.19","12/9/2025 1:13:35 PM"
"docs\Documentation\000_Cell-Setup\000_Automation Prerequisites\060_Amazon SES SMTP Account Set-up\image_125.png","image_125.png",".png","103.91","12/9/2025 1:13:35 PM"
"docs\Documentation\000_Cell-Setup\000_Automation Prerequisites\060_Amazon SES SMTP Account Set-up\image_126.png","image_126.png",".png","132.51","12/9/2025 1:13:35 PM"
"docs\Documentation\000_Cell-Setup\000_Automation Prerequisites\060_Amazon SES SMTP Account Set-up\image_127.png","image_127.png",".png","116.71","12/9/2025 1:13:35 PM"
"docs\Documentation\000_Cell-Setup\000_Automation Prerequisites\060_Amazon SES SMTP Account Set-up\image_128.png","image_128.png",".png","127.97","12/9/2025 1:13:35 PM"
"docs\Documentation\000_Cell-Setup\000_Automation Prerequisites\060_Amazon SES SMTP Account Set-up\image_129.png","image_129.png",".png","81.87","12/9/2025 1:13:35 PM"
"docs\Documentation\000_Cell-Setup\000_Automation Prerequisites\060_Amazon SES SMTP Account Set-up\image_130.png","image_130.png",".png","121.25","12/9/2025 1:13:35 PM"
"docs\Documentation\000_Cell-Setup\000_Automation Prerequisites\060_Amazon SES SMTP Account Set-up\image_131.png","image_131.png",".png","116.57","12/9/2025 1:13:35 PM"
"docs\Documentation\000_Cell-Setup\000_Automation Prerequisites\060_Amazon SES SMTP Account Set-up\image_132.png","image_132.png",".png","100.13","12/9/2025 1:13:35 PM"
"docs\Documentation\000_Cell-Setup\000_Automation Prerequisites\060_Amazon SES SMTP Account Set-up\image_133.png","image_133.png",".png","87.23","12/9/2025 1:13:35 PM"
"docs\Documentation\000_Cell-Setup\000_Automation Prerequisites\060_Amazon SES SMTP Account Set-up\image_134.png","image_134.png",".png","98.08","12/9/2025 1:13:35 PM"
"docs\Documentation\000_Cell-Setup\000_Automation Prerequisites\060_Amazon SES SMTP Account Set-up\image_135.png","image_135.png",".png","110.04","12/9/2025 1:13:35 PM"
"docs\Documentation\000_Cell-Setup\000_Automation Prerequisites\060_Amazon SES SMTP Account Set-up\image_136.png","image_136.png",".png","45.75","12/9/2025 1:13:35 PM"
"docs\Documentation\000_Cell-Setup\000_Automation Prerequisites\060_Amazon SES SMTP Account Set-up\image_137.png","image_137.png",".png","59.21","12/9/2025 1:13:35 PM"
"docs\Documentation\000_Cell-Setup\000_Automation Prerequisites\060_Amazon SES SMTP Account Set-up\image_138.png","image_138.png",".png","39.36","12/9/2025 1:13:35 PM"
"docs\Documentation\000_Cell-Setup\000_Automation Prerequisites\060_Amazon SES SMTP Account Set-up\image_139.png","image_139.png",".png","29.2","12/9/2025 1:13:35 PM"
"docs\Documentation\000_Cell-Setup\000_Automation Prerequisites\060_Amazon SES SMTP Account Set-up\image_140.png","image_140.png",".png","58.14","12/9/2025 1:13:35 PM"
"docs\Documentation\000_Cell-Setup\000_Automation Prerequisites\060_Amazon SES SMTP Account Set-up\image_141.png","image_141.png",".png","21.61","12/9/2025 1:13:35 PM"
"docs\Documentation\000_Cell-Setup\000_Automation Prerequisites\060_Amazon SES SMTP Account Set-up\image_97.png","image_97.png",".png","156.84","12/9/2025 1:13:35 PM"
"docs\Documentation\000_Cell-Setup\000_Automation Prerequisites\060_Amazon SES SMTP Account Set-up\image_98.png","image_98.png",".png","109.01","12/9/2025 1:13:35 PM"
"docs\Documentation\000_Cell-Setup\000_Automation Prerequisites\060_Amazon SES SMTP Account Set-up\image_99.png","image_99.png",".png","158.3","12/9/2025 1:13:35 PM"
"docs\Documentation\000_Cell-Setup\000_Automation Prerequisites\070_Tools Setup\.git-reviewers.json",".git-reviewers.json",".json","0.1","1/20/2026 4:55:14 PM"
"docs\Documentation\000_Cell-Setup\000_Automation Prerequisites\070_Tools Setup\000_Vault Setup.md","000_Vault Setup.md",".md","15.47","1/20/2026 5:40:21 PM"
"docs\Documentation\000_Cell-Setup\000_Automation Prerequisites\070_Tools Setup\010_Vault Integration with kubernetes.md","010_Vault Integration with kubernetes.md",".md","0.81","12/9/2025 1:13:35 PM"
"docs\Documentation\000_Cell-Setup\000_Automation Prerequisites\070_Tools Setup\020_Vault Integration with Ansible.md","020_Vault Integration with Ansible.md",".md","6.51","12/9/2025 1:13:35 PM"
"docs\Documentation\000_Cell-Setup\000_Automation Prerequisites\070_Tools Setup\030_Ansible Tower.md","030_Ansible Tower.md",".md","5.06","12/9/2025 1:13:35 PM"
"docs\Documentation\000_Cell-Setup\000_Automation Prerequisites\070_Tools Setup\040_Datadog.md","040_Datadog.md",".md","1.54","12/9/2025 1:13:35 PM"
"docs\Documentation\000_Cell-Setup\000_Automation Prerequisites\070_Tools Setup\datadog_vault_setup.png","datadog_vault_setup.png",".png","80.94","12/9/2025 1:13:35 PM"
"docs\Documentation\000_Cell-Setup\000_Automation Prerequisites\070_Tools Setup\image_110.png","image_110.png",".png","123.03","12/9/2025 1:13:35 PM"
"docs\Documentation\000_Cell-Setup\000_Automation Prerequisites\070_Tools Setup\image_111.png","image_111.png",".png","102.3","12/9/2025 1:13:35 PM"
"docs\Documentation\000_Cell-Setup\000_Automation Prerequisites\070_Tools Setup\image_112.png","image_112.png",".png","97.13","12/9/2025 1:13:35 PM"
"docs\Documentation\000_Cell-Setup\000_Automation Prerequisites\070_Tools Setup\image_113.png","image_113.png",".png","15.25","12/9/2025 1:13:35 PM"
"docs\Documentation\000_Cell-Setup\000_Automation Prerequisites\070_Tools Setup\image_114.png","image_114.png",".png","13.92","12/9/2025 1:13:35 PM"
"docs\Documentation\000_Cell-Setup\000_Automation Prerequisites\070_Tools Setup\image_115.png","image_115.png",".png","13.92","12/9/2025 1:13:35 PM"
"docs\Documentation\000_Cell-Setup\000_Automation Prerequisites\070_Tools Setup\image_116.png","image_116.png",".png","32.23","12/9/2025 1:13:35 PM"
"docs\Documentation\000_Cell-Setup\000_Automation Prerequisites\070_Tools Setup\image_117.png","image_117.png",".png","27.72","12/9/2025 1:13:35 PM"
"docs\Documentation\000_Cell-Setup\000_Automation Prerequisites\070_Tools Setup\image_118.png","image_118.png",".png","28.31","12/9/2025 1:13:35 PM"
"docs\Documentation\000_Cell-Setup\000_Automation Prerequisites\070_Tools Setup\image_119.png","image_119.png",".png","147.26","12/9/2025 1:13:35 PM"
"docs\Documentation\000_Cell-Setup\000_Automation Prerequisites\070_Tools Setup\image_120.png","image_120.png",".png","113.94","12/9/2025 1:13:35 PM"
"docs\Documentation\000_Cell-Setup\000_Automation Prerequisites\070_Tools Setup\image_121.png","image_121.png",".png","73.29","12/9/2025 1:13:35 PM"
"docs\Documentation\000_Cell-Setup\000_Automation Prerequisites\070_Tools Setup\image_122.png","image_122.png",".png","91.45","12/9/2025 1:13:35 PM"
"docs\Documentation\000_Cell-Setup\000_Automation Prerequisites\070_Tools Setup\image_123.png","image_123.png",".png","43.44","12/9/2025 1:13:35 PM"
"docs\Documentation\000_Cell-Setup\000_Automation Prerequisites\070_Tools Setup\image_124.png","image_124.png",".png","53.1","12/9/2025 1:13:35 PM"
"docs\Documentation\000_Cell-Setup\000_Automation Prerequisites\070_Tools Setup\image_125.png","image_125.png",".png","70.68","12/9/2025 1:13:35 PM"
"docs\Documentation\000_Cell-Setup\000_Automation Prerequisites\070_Tools Setup\image_126.png","image_126.png",".png","31.61","12/9/2025 1:13:35 PM"
"docs\Documentation\000_Cell-Setup\000_Automation Prerequisites\070_Tools Setup\image_127_1.png","image_127_1.png",".png","72.56","12/9/2025 1:13:35 PM"
"docs\Documentation\000_Cell-Setup\000_Automation Prerequisites\070_Tools Setup\image_127_2.png","image_127_2.png",".png","34.34","12/9/2025 1:13:35 PM"
"docs\Documentation\000_Cell-Setup\000_Automation Prerequisites\070_Tools Setup\image_127_3.png","image_127_3.png",".png","30.45","12/9/2025 1:13:35 PM"
"docs\Documentation\000_Cell-Setup\000_Automation Prerequisites\070_Tools Setup\image_127.png","image_127.png",".png","19.26","12/9/2025 1:13:35 PM"
"docs\Documentation\000_Cell-Setup\000_Automation Prerequisites\070_Tools Setup\image-1.png","image-1.png",".png","55.93","12/9/2025 1:13:35 PM"
"docs\Documentation\000_Cell-Setup\000_Automation Prerequisites\070_Tools Setup\image-2.png","image-2.png",".png","327.08","12/9/2025 1:13:35 PM"
"docs\Documentation\000_Cell-Setup\000_Automation Prerequisites\070_Tools Setup\image-3.png","image-3.png",".png","98.45","12/9/2025 1:13:35 PM"
"docs\Documentation\000_Cell-Setup\000_Automation Prerequisites\070_Tools Setup\image-4.png","image-4.png",".png","81.75","12/9/2025 1:13:35 PM"
"docs\Documentation\000_Cell-Setup\000_Automation Prerequisites\070_Tools Setup\image-5.png","image-5.png",".png","77.13","12/9/2025 1:13:35 PM"
"docs\Documentation\000_Cell-Setup\000_Automation Prerequisites\070_Tools Setup\image-6.png","image-6.png",".png","92.2","12/9/2025 1:13:35 PM"
"docs\Documentation\000_Cell-Setup\000_Automation Prerequisites\070_Tools Setup\image-8.png","image-8.png",".png","9.75","12/9/2025 1:13:35 PM"
"docs\Documentation\000_Cell-Setup\000_Automation Prerequisites\070_Tools Setup\image-9.png","image-9.png",".png","19.26","12/9/2025 1:13:35 PM"
"docs\Documentation\000_Cell-Setup\000_Automation Prerequisites\070_Tools Setup\image.png","image.png",".png","121.71","12/9/2025 1:13:35 PM"
"docs\Documentation\000_Cell-Setup\010_Automation Setup\.git-reviewers.json",".git-reviewers.json",".json","0.04","1/27/2026 11:46:42 AM"
"docs\Documentation\000_Cell-Setup\010_Automation Setup\010_Automation pipeline Terminology.md","010_Automation pipeline Terminology.md",".md","0.83","2/11/2026 6:08:58 PM"
"docs\Documentation\000_Cell-Setup\010_Automation Setup\015_Create Cell Owner Group.md","015_Create Cell Owner Group.md",".md","1.5","2/11/2026 6:08:58 PM"
"docs\Documentation\000_Cell-Setup\010_Automation Setup\020_Create variable YAML for new AWS Account XCR cluster.md","020_Create variable YAML for new AWS Account XCR cluster.md",".md","12.33","1/20/2026 5:40:21 PM"
"docs\Documentation\000_Cell-Setup\010_Automation Setup\image_128.png","image_128.png",".png","64.99","12/9/2025 1:13:35 PM"
"docs\Documentation\000_Cell-Setup\010_Automation Setup\image_129.png","image_129.png",".png","22.46","12/9/2025 1:13:35 PM"
"docs\Documentation\000_Cell-Setup\010_Automation Setup\image_130.png","image_130.png",".png","94.85","12/9/2025 1:13:35 PM"
"docs\Documentation\010_Tenant Onboarding\image_132.png","image_132.png",".png","40.36","12/9/2025 1:13:35 PM"
"docs\Documentation\010_Tenant Onboarding\image_133.png","image_133.png",".png","84.58","12/9/2025 1:13:35 PM"
"docs\Documentation\010_Tenant Onboarding\image_134.png","image_134.png",".png","59.86","12/9/2025 1:13:35 PM"
"docs\Documentation\010_Tenant Onboarding\image_135.png","image_135.png",".png","4.79","12/9/2025 1:13:35 PM"
"docs\Documentation\010_Tenant Onboarding\image_136.png","image_136.png",".png","37.1","12/9/2025 1:13:35 PM"
"docs\Documentation\010_Tenant Onboarding\image_137.png","image_137.png",".png","39.96","12/9/2025 1:13:35 PM"
"docs\Documentation\010_Tenant Onboarding\image_138.png","image_138.png",".png","92.61","12/9/2025 1:13:35 PM"
"docs\Documentation\010_Tenant Onboarding\image_139.png","image_139.png",".png","59.24","12/9/2025 1:13:35 PM"
"docs\Documentation\010_Tenant Onboarding\image_140.png","image_140.png",".png","89.38","12/9/2025 1:13:35 PM"
"docs\Documentation\010_Tenant Onboarding\image_141.png","image_141.png",".png","99.5","12/9/2025 1:13:35 PM"
"docs\Documentation\010_Tenant Onboarding\image_142.png","image_142.png",".png","14.99","12/9/2025 1:13:35 PM"
"docs\Documentation\010_Tenant Onboarding\image_143.png","image_143.png",".png","22.28","12/9/2025 1:13:35 PM"
"docs\Documentation\010_Tenant Onboarding\image_144.png","image_144.png",".png","111.78","12/9/2025 1:13:35 PM"
"docs\Documentation\010_Tenant Onboarding\image_145.png","image_145.png",".png","11.04","12/9/2025 1:13:35 PM"
"docs\Documentation\010_Tenant Onboarding\image_146.png","image_146.png",".png","49.15","12/9/2025 1:13:35 PM"
"docs\Documentation\010_Tenant Onboarding\image_147.png","image_147.png",".png","23.44","12/9/2025 1:13:35 PM"
"docs\Documentation\010_Tenant Onboarding\image_148.png","image_148.png",".png","86.69","12/9/2025 1:13:35 PM"
"docs\Documentation\010_Tenant Onboarding\image_149.png","image_149.png",".png","43.07","12/9/2025 1:13:35 PM"
"docs\Documentation\010_Tenant Onboarding\image_150.png","image_150.png",".png","119.76","12/9/2025 1:13:35 PM"
"docs\Documentation\010_Tenant Onboarding\image_151.png","image_151.png",".png","226.28","12/9/2025 1:13:35 PM"
"docs\Documentation\010_Tenant Onboarding\image_152.png","image_152.png",".png","48.09","12/9/2025 1:13:35 PM"
"docs\Documentation\010_Tenant Onboarding\image_153.png","image_153.png",".png","177.04","12/9/2025 1:13:35 PM"
"docs\Documentation\010_Tenant Onboarding\image_154.png","image_154.png",".png","184.82","12/9/2025 1:13:35 PM"
"docs\Documentation\010_Tenant Onboarding\image_155.png","image_155.png",".png","50.52","12/9/2025 1:13:35 PM"
"docs\Documentation\010_Tenant Onboarding\image_156.png","image_156.png",".png","25.25","12/9/2025 1:13:35 PM"
"docs\Documentation\010_Tenant Onboarding\image_157.png","image_157.png",".png","173.92","12/9/2025 1:13:35 PM"
"docs\Documentation\010_Tenant Onboarding\image_158.png","image_158.png",".png","70.9","12/9/2025 1:13:35 PM"
"docs\Documentation\010_Tenant Onboarding\image_159.png","image_159.png",".png","109.45","12/9/2025 1:13:35 PM"
"docs\Documentation\010_Tenant Onboarding\image_161.png","image_161.png",".png","24.91","12/9/2025 1:13:35 PM"
"docs\Documentation\010_Tenant Onboarding\image_162.png","image_162.png",".png","64.25","12/9/2025 1:13:35 PM"
"docs\Documentation\010_Tenant Onboarding\image_163.png","image_163.png",".png","50.7","12/9/2025 1:13:35 PM"
"docs\Documentation\010_Tenant Onboarding\image_164.png","image_164.png",".png","83.9","12/9/2025 1:13:35 PM"
"docs\Documentation\010_Tenant Onboarding\image_165.png","image_165.png",".png","19.88","12/9/2025 1:13:35 PM"
"docs\Documentation\010_Tenant Onboarding\image_166.png","image_166.png",".png","34.1","12/9/2025 1:13:35 PM"
"docs\Documentation\010_Tenant Onboarding\image_167.png","image_167.png",".png","49.61","12/9/2025 1:13:35 PM"
"docs\Documentation\010_Tenant Onboarding\image_292.png","image_292.png",".png","813.75","12/9/2025 1:13:35 PM"
"docs\Documentation\010_Tenant Onboarding\000_Intro\000_Tenant Onboarding.md","000_Tenant Onboarding.md",".md","2.96","12/9/2025 1:13:35 PM"
"docs\Documentation\010_Tenant Onboarding\000_Intro\image_131.png","image_131.png",".png","36.37","12/9/2025 1:13:35 PM"
"docs\Documentation\010_Tenant Onboarding\010_Pre-Reqs\.git-reviewers.json",".git-reviewers.json",".json","0.04","1/20/2026 4:55:14 PM"
"docs\Documentation\010_Tenant Onboarding\010_Pre-Reqs\000_Enterprise Cloud Account Setup.md","000_Enterprise Cloud Account Setup.md",".md","29.54","1/20/2026 5:40:21 PM"
"docs\Documentation\010_Tenant Onboarding\010_Pre-Reqs\010_Configure Customer SAM Account.md","010_Configure Customer SAM Account.md",".md","27.09","1/20/2026 5:40:21 PM"
"docs\Documentation\010_Tenant Onboarding\010_Pre-Reqs\image_132.png","image_132.png",".png","40.36","12/9/2025 1:13:35 PM"
"docs\Documentation\010_Tenant Onboarding\010_Pre-Reqs\image_133.png","image_133.png",".png","84.58","12/9/2025 1:13:35 PM"
"docs\Documentation\010_Tenant Onboarding\010_Pre-Reqs\image_134.png","image_134.png",".png","51.49","1/20/2026 5:40:21 PM"
"docs\Documentation\010_Tenant Onboarding\010_Pre-Reqs\image_135.png","image_135.png",".png","4.79","12/9/2025 1:13:35 PM"
"docs\Documentation\010_Tenant Onboarding\010_Pre-Reqs\image_136.png","image_136.png",".png","37.1","12/9/2025 1:13:35 PM"
"docs\Documentation\010_Tenant Onboarding\010_Pre-Reqs\image_137.png","image_137.png",".png","39.96","12/9/2025 1:13:35 PM"
"docs\Documentation\010_Tenant Onboarding\010_Pre-Reqs\image_138.png","image_138.png",".png","81.15","12/9/2025 1:13:35 PM"
"docs\Documentation\010_Tenant Onboarding\010_Pre-Reqs\image_140.png","image_140.png",".png","89.38","12/9/2025 1:13:35 PM"
"docs\Documentation\010_Tenant Onboarding\010_Pre-Reqs\image_141.png","image_141.png",".png","99.5","12/9/2025 1:13:35 PM"
"docs\Documentation\010_Tenant Onboarding\010_Pre-Reqs\image_142.png","image_142.png",".png","14.99","12/9/2025 1:13:35 PM"
"docs\Documentation\010_Tenant Onboarding\010_Pre-Reqs\image_143.png","image_143.png",".png","22.28","12/9/2025 1:13:35 PM"
"docs\Documentation\010_Tenant Onboarding\010_Pre-Reqs\image_144.png","image_144.png",".png","111.78","12/9/2025 1:13:35 PM"
"docs\Documentation\010_Tenant Onboarding\010_Pre-Reqs\image_145.png","image_145.png",".png","11.04","12/9/2025 1:13:35 PM"
"docs\Documentation\010_Tenant Onboarding\010_Pre-Reqs\image_146.png","image_146.png",".png","49.15","12/9/2025 1:13:35 PM"
"docs\Documentation\010_Tenant Onboarding\010_Pre-Reqs\image_147.png","image_147.png",".png","23.44","12/9/2025 1:13:35 PM"
"docs\Documentation\010_Tenant Onboarding\010_Pre-Reqs\image_148.png","image_148.png",".png","86.69","12/9/2025 1:13:35 PM"
"docs\Documentation\010_Tenant Onboarding\010_Pre-Reqs\image_149.png","image_149.png",".png","43.07","12/9/2025 1:13:35 PM"
"docs\Documentation\010_Tenant Onboarding\010_Pre-Reqs\image_150.png","image_150.png",".png","119.76","12/9/2025 1:13:35 PM"
"docs\Documentation\010_Tenant Onboarding\010_Pre-Reqs\image_151.png","image_151.png",".png","226.28","12/9/2025 1:13:35 PM"
"docs\Documentation\010_Tenant Onboarding\010_Pre-Reqs\020_Ansible Template Input\000_Ansible Template Input.md","000_Ansible Template Input.md",".md","6.27","12/9/2025 1:13:35 PM"
"docs\Documentation\010_Tenant Onboarding\010_Pre-Reqs\020_Ansible Template Input\010_AWS Customer Input.md","010_AWS Customer Input.md",".md","39.4","1/22/2026 11:19:05 AM"
"docs\Documentation\010_Tenant Onboarding\010_Pre-Reqs\020_Ansible Template Input\020_AZURE Customer Input.md","020_AZURE Customer Input.md",".md","13.83","2/10/2026 11:28:46 AM"
"docs\Documentation\010_Tenant Onboarding\020_Basic Flow\.git-reviewers.json",".git-reviewers.json",".json","0.04","1/20/2026 4:55:14 PM"
"docs\Documentation\010_Tenant Onboarding\020_Basic Flow\000_Ansible playbook execution.md","000_Ansible playbook execution.md",".md","3.43","12/9/2025 1:13:35 PM"
"docs\Documentation\010_Tenant Onboarding\020_Basic Flow\000_Successful Pipeline Output.md","000_Successful Pipeline Output.md",".md","0.78","1/6/2026 11:56:23 AM"
"docs\Documentation\010_Tenant Onboarding\020_Basic Flow\020_Ansible Templates Table.md","020_Ansible Templates Table.md",".md","3.61","2/10/2026 11:28:46 AM"
"docs\Documentation\010_Tenant Onboarding\020_Basic Flow\image_152.png","image_152.png",".png","10.42","12/9/2025 1:13:35 PM"
"docs\Documentation\010_Tenant Onboarding\020_Basic Flow\image_153.png","image_153.png",".png","177.04","12/9/2025 1:13:35 PM"
"docs\Documentation\010_Tenant Onboarding\020_Basic Flow\image_154.png","image_154.png",".png","184.82","12/9/2025 1:13:35 PM"
"docs\Documentation\010_Tenant Onboarding\020_Basic Flow\image_155.png","image_155.png",".png","50.52","12/9/2025 1:13:35 PM"
"docs\Documentation\010_Tenant Onboarding\020_Basic Flow\image_156.png","image_156.png",".png","25.25","12/9/2025 1:13:35 PM"
"docs\Documentation\010_Tenant Onboarding\020_Basic Flow\image_157.png","image_157.png",".png","173.92","12/9/2025 1:13:35 PM"
"docs\Documentation\010_Tenant Onboarding\020_Basic Flow\image_158.png","image_158.png",".png","70.9","12/9/2025 1:13:35 PM"
"docs\Documentation\010_Tenant Onboarding\020_Basic Flow\image_159.png","image_159.png",".png","109.45","12/9/2025 1:13:35 PM"
"docs\Documentation\010_Tenant Onboarding\030_Post Deploy Operations\.git-reviewers.json",".git-reviewers.json",".json","0.2","1/20/2026 4:55:14 PM"
"docs\Documentation\010_Tenant Onboarding\030_Post Deploy Operations\000_Create Admin License Server.md","000_Create Admin License Server.md",".md","1.95","12/9/2025 1:13:35 PM"
"docs\Documentation\010_Tenant Onboarding\030_Post Deploy Operations\140_Generate client metacache.md","140_Generate client metacache.md",".md","0.8","12/9/2025 1:13:35 PM"
"docs\Documentation\010_Tenant Onboarding\030_Post Deploy Operations\160_Rich-Client Installation.md","160_Rich-Client Installation.md",".md","8.64","1/20/2026 5:40:21 PM"
"docs\Documentation\010_Tenant Onboarding\030_Post Deploy Operations\170_Validate deployment success.md","170_Validate deployment success.md",".md","2.19","1/20/2026 5:40:21 PM"
"docs\Documentation\010_Tenant Onboarding\030_Post Deploy Operations\190_Import classification hierarchy in TcX Advanced.md","190_Import classification hierarchy in TcX Advanced.md",".md","0.83","12/9/2025 1:13:35 PM"
"docs\Documentation\010_Tenant Onboarding\030_Post Deploy Operations\210_Setup VPN from tenant env deployment.md","210_Setup VPN from tenant env deployment.md",".md","11.71","12/9/2025 1:13:35 PM"
"docs\Documentation\010_Tenant Onboarding\030_Post Deploy Operations\220_Content Mgmt Runbook.md","220_Content Mgmt Runbook.md",".md","6.58","12/9/2025 1:13:35 PM"
"docs\Documentation\010_Tenant Onboarding\030_Post Deploy Operations\230_Teamcenter Integration for ECAD Library.md","230_Teamcenter Integration for ECAD Library.md",".md","2.52","1/20/2026 5:40:21 PM"
"docs\Documentation\010_Tenant Onboarding\030_Post Deploy Operations\240_Teamcenter Integration for SysML v2.md","240_Teamcenter Integration for SysML v2.md",".md","1.28","1/20/2026 5:40:21 PM"
"docs\Documentation\010_Tenant Onboarding\030_Post Deploy Operations\image_210_1.png","image_210_1.png",".png","15.24","12/9/2025 1:13:35 PM"
"docs\Documentation\010_Tenant Onboarding\030_Post Deploy Operations\image_210_10.png","image_210_10.png",".png","36.46","12/9/2025 1:13:35 PM"
"docs\Documentation\010_Tenant Onboarding\030_Post Deploy Operations\image_210_11.png","image_210_11.png",".png","38.48","12/9/2025 1:13:35 PM"
"docs\Documentation\010_Tenant Onboarding\030_Post Deploy Operations\image_210_12.png","image_210_12.png",".png","13.25","12/9/2025 1:13:35 PM"
"docs\Documentation\010_Tenant Onboarding\030_Post Deploy Operations\image_210_13.png","image_210_13.png",".png","49.51","12/9/2025 1:13:35 PM"
"docs\Documentation\010_Tenant Onboarding\030_Post Deploy Operations\image_210_14.png","image_210_14.png",".png","29.01","12/9/2025 1:13:35 PM"
"docs\Documentation\010_Tenant Onboarding\030_Post Deploy Operations\image_210_15.png","image_210_15.png",".png","30.15","12/9/2025 1:13:35 PM"
"docs\Documentation\010_Tenant Onboarding\030_Post Deploy Operations\image_210_16.png","image_210_16.png",".png","42.49","12/9/2025 1:13:35 PM"
"docs\Documentation\010_Tenant Onboarding\030_Post Deploy Operations\image_210_17.png","image_210_17.png",".png","28.53","12/9/2025 1:13:35 PM"
"docs\Documentation\010_Tenant Onboarding\030_Post Deploy Operations\image_210_18.png","image_210_18.png",".png","39.18","12/9/2025 1:13:35 PM"
"docs\Documentation\010_Tenant Onboarding\030_Post Deploy Operations\image_210_19.png","image_210_19.png",".png","12.32","12/9/2025 1:13:35 PM"
"docs\Documentation\010_Tenant Onboarding\030_Post Deploy Operations\image_210_2.png","image_210_2.png",".png","40.1","12/9/2025 1:13:35 PM"
"docs\Documentation\010_Tenant Onboarding\030_Post Deploy Operations\image_210_20.png","image_210_20.png",".png","31.01","12/9/2025 1:13:35 PM"
"docs\Documentation\010_Tenant Onboarding\030_Post Deploy Operations\image_210_21.png","image_210_21.png",".png","14.03","12/9/2025 1:13:35 PM"
"docs\Documentation\010_Tenant Onboarding\030_Post Deploy Operations\image_210_22.png","image_210_22.png",".png","54.9","12/9/2025 1:13:35 PM"
"docs\Documentation\010_Tenant Onboarding\030_Post Deploy Operations\image_210_23.png","image_210_23.png",".png","45.35","12/9/2025 1:13:35 PM"
"docs\Documentation\010_Tenant Onboarding\030_Post Deploy Operations\image_210_24.png","image_210_24.png",".png","125.33","12/9/2025 1:13:35 PM"
"docs\Documentation\010_Tenant Onboarding\030_Post Deploy Operations\image_210_25.png","image_210_25.png",".png","30.13","12/9/2025 1:13:35 PM"
"docs\Documentation\010_Tenant Onboarding\030_Post Deploy Operations\image_210_26.png","image_210_26.png",".png","72.03","12/9/2025 1:13:35 PM"
"docs\Documentation\010_Tenant Onboarding\030_Post Deploy Operations\image_210_27.png","image_210_27.png",".png","23.54","12/9/2025 1:13:35 PM"
"docs\Documentation\010_Tenant Onboarding\030_Post Deploy Operations\image_210_28.png","image_210_28.png",".png","40.57","12/9/2025 1:13:35 PM"
"docs\Documentation\010_Tenant Onboarding\030_Post Deploy Operations\image_210_29.png","image_210_29.png",".png","29.76","12/9/2025 1:13:35 PM"
"docs\Documentation\010_Tenant Onboarding\030_Post Deploy Operations\image_210_3.png","image_210_3.png",".png","75.59","12/9/2025 1:13:35 PM"
"docs\Documentation\010_Tenant Onboarding\030_Post Deploy Operations\image_210_30.png","image_210_30.png",".png","30.14","12/9/2025 1:13:35 PM"
"docs\Documentation\010_Tenant Onboarding\030_Post Deploy Operations\image_210_31.png","image_210_31.png",".png","54.1","12/9/2025 1:13:35 PM"
"docs\Documentation\010_Tenant Onboarding\030_Post Deploy Operations\image_210_32.png","image_210_32.png",".png","65.03","12/9/2025 1:13:35 PM"
"docs\Documentation\010_Tenant Onboarding\030_Post Deploy Operations\image_210_33.png","image_210_33.png",".png","55.61","12/9/2025 1:13:35 PM"
"docs\Documentation\010_Tenant Onboarding\030_Post Deploy Operations\image_210_34.png","image_210_34.png",".png","47.47","12/9/2025 1:13:35 PM"
"docs\Documentation\010_Tenant Onboarding\030_Post Deploy Operations\image_210_35.png","image_210_35.png",".png","51.71","12/9/2025 1:13:35 PM"
"docs\Documentation\010_Tenant Onboarding\030_Post Deploy Operations\image_210_4.png","image_210_4.png",".png","38.88","12/9/2025 1:13:35 PM"
"docs\Documentation\010_Tenant Onboarding\030_Post Deploy Operations\image_210_5.png","image_210_5.png",".png","37.58","12/9/2025 1:13:35 PM"
"docs\Documentation\010_Tenant Onboarding\030_Post Deploy Operations\image_210_6.png","image_210_6.png",".png","31.96","12/9/2025 1:13:35 PM"
"docs\Documentation\010_Tenant Onboarding\030_Post Deploy Operations\image_210_7.png","image_210_7.png",".png","28.76","12/9/2025 1:13:35 PM"
"docs\Documentation\010_Tenant Onboarding\030_Post Deploy Operations\image_210_8.png","image_210_8.png",".png","29.17","12/9/2025 1:13:35 PM"
"docs\Documentation\010_Tenant Onboarding\030_Post Deploy Operations\image_210_9.png","image_210_9.png",".png","50.11","12/9/2025 1:13:35 PM"
"docs\Documentation\010_Tenant Onboarding\030_Post Deploy Operations\image_220_001.png","image_220_001.png",".png","80.95","12/9/2025 1:13:35 PM"
"docs\Documentation\010_Tenant Onboarding\030_Post Deploy Operations\image_220_002.png","image_220_002.png",".png","70.2","12/9/2025 1:13:35 PM"
"docs\Documentation\010_Tenant Onboarding\030_Post Deploy Operations\image_220_003.png","image_220_003.png",".png","178.54","12/9/2025 1:13:35 PM"
"docs\Documentation\010_Tenant Onboarding\030_Post Deploy Operations\image_220_004.png","image_220_004.png",".png","211.66","12/9/2025 1:13:35 PM"
"docs\Documentation\010_Tenant Onboarding\030_Post Deploy Operations\image_330.png","image_330.png",".png","35.62","12/9/2025 1:13:35 PM"
"docs\Documentation\010_Tenant Onboarding\030_Post Deploy Operations\image_331_5.png","image_331_5.png",".png","122.19","12/9/2025 1:13:35 PM"
"docs\Documentation\010_Tenant Onboarding\030_Post Deploy Operations\image_331.png","image_331.png",".png","64.25","12/9/2025 1:13:35 PM"
"docs\Documentation\010_Tenant Onboarding\030_Post Deploy Operations\image_332.png","image_332.png",".png","230.02","12/9/2025 1:13:35 PM"
"docs\Documentation\010_Tenant Onboarding\030_Post Deploy Operations\image_333.png","image_333.png",".png","83.9","12/9/2025 1:13:35 PM"
"docs\Documentation\010_Tenant Onboarding\030_Post Deploy Operations\image_334.png","image_334.png",".png","19.88","12/9/2025 1:13:35 PM"
"docs\Documentation\010_Tenant Onboarding\030_Post Deploy Operations\image_335.png","image_335.png",".png","34.1","12/9/2025 1:13:35 PM"
"docs\Documentation\010_Tenant Onboarding\030_Post Deploy Operations\image_336.png","image_336.png",".png","49.61","12/9/2025 1:13:35 PM"
"docs\Documentation\010_Tenant Onboarding\030_Post Deploy Operations\image_360_1.png","image_360_1.png",".png","10.19","12/9/2025 1:13:35 PM"
"docs\Documentation\010_Tenant Onboarding\030_Post Deploy Operations\image_360_2.png","image_360_2.png",".png","153.3","12/9/2025 1:13:35 PM"
"docs\Documentation\010_Tenant Onboarding\030_Post Deploy Operations\image_360_3.png","image_360_3.png",".png","160.5","12/9/2025 1:13:35 PM"
"docs\Documentation\010_Tenant Onboarding\030_Post Deploy Operations\image_360_4.png","image_360_4.png",".png","8.89","12/9/2025 1:13:35 PM"
"docs\Documentation\010_Tenant Onboarding\030_Post Deploy Operations\image_360_5.png","image_360_5.png",".png","17.79","12/9/2025 1:13:35 PM"
"docs\Documentation\010_Tenant Onboarding\030_Post Deploy Operations\000_AWS\010_Increase Oracle DBUSER_INDX tablespace size.md","010_Increase Oracle DBUSER_INDX tablespace size.md",".md","2.11","12/9/2025 1:13:35 PM"
"docs\Documentation\010_Tenant Onboarding\040_Teamcenter Dispatcher and Translators\.git-reviewers.json",".git-reviewers.json",".json","0.04","1/20/2026 4:55:14 PM"
"docs\Documentation\010_Tenant Onboarding\040_Teamcenter Dispatcher and Translators\000_Requirements.md","000_Requirements.md",".md","0.48","2/13/2026 12:28:15 PM"
"docs\Documentation\010_Tenant Onboarding\040_Teamcenter Dispatcher and Translators\010_Teamcenter Dispatcher Installation.md","010_Teamcenter Dispatcher Installation.md",".md","5.67","12/9/2025 1:13:35 PM"
"docs\Documentation\010_Tenant Onboarding\040_Teamcenter Dispatcher and Translators\020_Translators for TcX Standard and Advanced.md","020_Translators for TcX Standard and Advanced.md",".md","2.79","12/9/2025 1:13:35 PM"
"docs\Documentation\010_Tenant Onboarding\040_Teamcenter Dispatcher and Translators\030_Microsoft Office Installation.md","030_Microsoft Office Installation.md",".md","1.1","12/9/2025 1:13:35 PM"
"docs\Documentation\010_Tenant Onboarding\040_Teamcenter Dispatcher and Translators\040_Teamcenter Visualization Installation.md","040_Teamcenter Visualization Installation.md",".md","2.01","12/9/2025 1:13:35 PM"
"docs\Documentation\010_Tenant Onboarding\040_Teamcenter Dispatcher and Translators\050_Requirements Management Translators Setup.md","050_Requirements Management Translators Setup.md",".md","0.51","12/9/2025 1:13:35 PM"
"docs\Documentation\010_Tenant Onboarding\040_Teamcenter Dispatcher and Translators\060_Teamcenter Dispatcher Integration with NX.md","060_Teamcenter Dispatcher Integration with NX.md",".md","0.36","12/9/2025 1:13:35 PM"
"docs\Documentation\010_Tenant Onboarding\040_Teamcenter Dispatcher and Translators\070_NX Installation.md","070_NX Installation.md",".md","2.54","12/9/2025 1:13:35 PM"
"docs\Documentation\010_Tenant Onboarding\040_Teamcenter Dispatcher and Translators\080_Edit translator.xml.md","080_Edit translator.xml.md",".md","5.1","1/20/2026 5:40:21 PM"
"docs\Documentation\010_Tenant Onboarding\040_Teamcenter Dispatcher and Translators\090_Edit nxtransdirect.bat.md","090_Edit nxtransdirect.bat.md",".md","2.93","1/20/2026 5:40:21 PM"
"docs\Documentation\010_Tenant Onboarding\040_Teamcenter Dispatcher and Translators\100_NX Translation Test.md","100_NX Translation Test.md",".md","0.99","12/9/2025 1:13:35 PM"
"docs\Documentation\010_Tenant Onboarding\040_Teamcenter Dispatcher and Translators\100_nxtocgmdirect And nxtopvdirect Translator.md","100_nxtocgmdirect And nxtopvdirect Translator.md",".md","5.74","12/9/2025 1:13:35 PM"
"docs\Documentation\010_Tenant Onboarding\040_Teamcenter Dispatcher and Translators\110_Teamcenter Dispatcher Integration with Solid Edge.md","110_Teamcenter Dispatcher Integration with Solid Edge.md",".md","0.43","12/9/2025 1:13:35 PM"
"docs\Documentation\010_Tenant Onboarding\040_Teamcenter Dispatcher and Translators\120_Solid Edge Installation.md","120_Solid Edge Installation.md",".md","1.32","12/9/2025 1:13:35 PM"
"docs\Documentation\010_Tenant Onboarding\040_Teamcenter Dispatcher and Translators\130_Configure Teamcenter Environment.md","130_Configure Teamcenter Environment.md",".md","0.71","12/9/2025 1:13:35 PM"
"docs\Documentation\010_Tenant Onboarding\040_Teamcenter Dispatcher and Translators\140_Import Solid Edge Template.md","140_Import Solid Edge Template.md",".md","1.27","12/9/2025 1:13:35 PM"
"docs\Documentation\010_Tenant Onboarding\040_Teamcenter Dispatcher and Translators\150_Dispatcher Configuration for Solid Edge.md","150_Dispatcher Configuration for Solid Edge.md",".md","0.71","12/9/2025 1:13:35 PM"
"docs\Documentation\010_Tenant Onboarding\040_Teamcenter Dispatcher and Translators\160_Teamcenter Dispatcher Integration for Catia.md","160_Teamcenter Dispatcher Integration for Catia.md",".md","10.02","12/9/2025 1:13:35 PM"
"docs\Documentation\010_Tenant Onboarding\040_Teamcenter Dispatcher and Translators\170_Troubleshoot Dispatcher Translator Failures.md","170_Troubleshoot Dispatcher Translator Failures.md",".md","2.64","12/9/2025 1:13:35 PM"
"docs\Documentation\010_Tenant Onboarding\040_Teamcenter Dispatcher and Translators\180_Upgrade NX Dispatcher.md","180_Upgrade NX Dispatcher.md",".md","2.89","2/13/2026 12:31:13 PM"
"docs\Documentation\010_Tenant Onboarding\040_Teamcenter Dispatcher and Translators\image_168.png","image_168.png",".png","23.35","12/9/2025 1:13:35 PM"
"docs\Documentation\010_Tenant Onboarding\040_Teamcenter Dispatcher and Translators\image_169.png","image_169.png",".png","19.56","12/9/2025 1:13:35 PM"
"docs\Documentation\010_Tenant Onboarding\040_Teamcenter Dispatcher and Translators\image_170.png","image_170.png",".png","22.26","12/9/2025 1:13:35 PM"
"docs\Documentation\010_Tenant Onboarding\040_Teamcenter Dispatcher and Translators\image_171.png","image_171.png",".png","78.44","12/9/2025 1:13:35 PM"
"docs\Documentation\010_Tenant Onboarding\040_Teamcenter Dispatcher and Translators\image_172.png","image_172.png",".png","46.08","12/9/2025 1:13:35 PM"
"docs\Documentation\010_Tenant Onboarding\040_Teamcenter Dispatcher and Translators\image_173.png","image_173.png",".png","54.47","12/9/2025 1:13:35 PM"
"docs\Documentation\010_Tenant Onboarding\040_Teamcenter Dispatcher and Translators\image_174.png","image_174.png",".png","44.67","12/9/2025 1:13:35 PM"
"docs\Documentation\010_Tenant Onboarding\040_Teamcenter Dispatcher and Translators\image_175.png","image_175.png",".png","49.98","12/9/2025 1:13:35 PM"
"docs\Documentation\010_Tenant Onboarding\040_Teamcenter Dispatcher and Translators\image_176.png","image_176.png",".png","93.16","12/9/2025 1:13:35 PM"
"docs\Documentation\010_Tenant Onboarding\040_Teamcenter Dispatcher and Translators\image_177.png","image_177.png",".png","83.83","12/9/2025 1:13:35 PM"
"docs\Documentation\010_Tenant Onboarding\040_Teamcenter Dispatcher and Translators\image_178.png","image_178.png",".png","36.99","12/9/2025 1:13:35 PM"
"docs\Documentation\010_Tenant Onboarding\040_Teamcenter Dispatcher and Translators\image_179.png","image_179.png",".png","214.35","12/9/2025 1:13:35 PM"
"docs\Documentation\010_Tenant Onboarding\040_Teamcenter Dispatcher and Translators\image_180.png","image_180.png",".png","187.1","12/9/2025 1:13:35 PM"
"docs\Documentation\010_Tenant Onboarding\040_Teamcenter Dispatcher and Translators\image_181.png","image_181.png",".png","106.45","12/9/2025 1:13:35 PM"
"docs\Documentation\010_Tenant Onboarding\040_Teamcenter Dispatcher and Translators\image_182.png","image_182.png",".png","72.72","12/9/2025 1:13:35 PM"
"docs\Documentation\010_Tenant Onboarding\040_Teamcenter Dispatcher and Translators\image_183.png","image_183.png",".png","178.07","12/9/2025 1:13:35 PM"
"docs\Documentation\010_Tenant Onboarding\040_Teamcenter Dispatcher and Translators\image_184.png","image_184.png",".png","62.82","12/9/2025 1:13:35 PM"
"docs\Documentation\010_Tenant Onboarding\040_Teamcenter Dispatcher and Translators\image_185.png","image_185.png",".png","163.59","12/9/2025 1:13:35 PM"
"docs\Documentation\010_Tenant Onboarding\040_Teamcenter Dispatcher and Translators\image_186.png","image_186.png",".png","15.44","1/20/2026 5:40:21 PM"
"docs\Documentation\010_Tenant Onboarding\040_Teamcenter Dispatcher and Translators\image_187.5.png","image_187.5.png",".png","22.4","12/9/2025 1:13:35 PM"
"docs\Documentation\010_Tenant Onboarding\040_Teamcenter Dispatcher and Translators\image_187.png","image_187.png",".png","22.4","12/9/2025 1:13:35 PM"
"docs\Documentation\010_Tenant Onboarding\040_Teamcenter Dispatcher and Translators\image_189.png","image_189.png",".png","21.16","12/9/2025 1:13:35 PM"
"docs\Documentation\010_Tenant Onboarding\040_Teamcenter Dispatcher and Translators\image_190.png","image_190.png",".png","58.51","12/9/2025 1:13:35 PM"
"docs\Documentation\010_Tenant Onboarding\040_Teamcenter Dispatcher and Translators\image_191.png","image_191.png",".png","108.74","12/9/2025 1:13:35 PM"
"docs\Documentation\010_Tenant Onboarding\040_Teamcenter Dispatcher and Translators\image_192.png","image_192.png",".png","34.46","12/9/2025 1:13:35 PM"
"docs\Documentation\010_Tenant Onboarding\040_Teamcenter Dispatcher and Translators\image_193.png","image_193.png",".png","19.32","12/9/2025 1:13:35 PM"
"docs\Documentation\010_Tenant Onboarding\040_Teamcenter Dispatcher and Translators\image_194.png","image_194.png",".png","23.55","12/9/2025 1:13:35 PM"
"docs\Documentation\010_Tenant Onboarding\040_Teamcenter Dispatcher and Translators\image_195.png","image_195.png",".png","30.83","12/9/2025 1:13:35 PM"
"docs\Documentation\010_Tenant Onboarding\040_Teamcenter Dispatcher and Translators\image_196.png","image_196.png",".png","21.33","12/9/2025 1:13:35 PM"
"docs\Documentation\010_Tenant Onboarding\040_Teamcenter Dispatcher and Translators\image_197.png","image_197.png",".png","27.05","12/9/2025 1:13:35 PM"
"docs\Documentation\010_Tenant Onboarding\040_Teamcenter Dispatcher and Translators\image_198.png","image_198.png",".png","30.86","12/9/2025 1:13:35 PM"
"docs\Documentation\010_Tenant Onboarding\040_Teamcenter Dispatcher and Translators\image_199.png","image_199.png",".png","32.02","12/9/2025 1:13:35 PM"
"docs\Documentation\010_Tenant Onboarding\040_Teamcenter Dispatcher and Translators\image_200.png","image_200.png",".png","394.03","12/9/2025 1:13:35 PM"
"docs\Documentation\010_Tenant Onboarding\040_Teamcenter Dispatcher and Translators\image_201.png","image_201.png",".png","72.01","12/9/2025 1:13:35 PM"
"docs\Documentation\010_Tenant Onboarding\040_Teamcenter Dispatcher and Translators\image_202.png","image_202.png",".png","12.48","12/9/2025 1:13:35 PM"
"docs\Documentation\010_Tenant Onboarding\040_Teamcenter Dispatcher and Translators\image_203.png","image_203.png",".png","411.93","12/9/2025 1:13:35 PM"
"docs\Documentation\010_Tenant Onboarding\040_Teamcenter Dispatcher and Translators\image_204.png","image_204.png",".png","189.86","12/9/2025 1:13:35 PM"
"docs\Documentation\010_Tenant Onboarding\040_Teamcenter Dispatcher and Translators\image_205.png","image_205.png",".png","196.72","12/9/2025 1:13:35 PM"
"docs\Documentation\010_Tenant Onboarding\040_Teamcenter Dispatcher and Translators\image_206.png","image_206.png",".png","133.91","12/9/2025 1:13:35 PM"
"docs\Documentation\010_Tenant Onboarding\040_Teamcenter Dispatcher and Translators\image_207.png","image_207.png",".png","3.46","12/9/2025 1:13:35 PM"
"docs\Documentation\010_Tenant Onboarding\040_Teamcenter Dispatcher and Translators\image_208.png","image_208.png",".png","99.48","12/9/2025 1:13:35 PM"
"docs\Documentation\010_Tenant Onboarding\040_Teamcenter Dispatcher and Translators\image_209.png","image_209.png",".png","68.47","12/9/2025 1:13:35 PM"
"docs\Documentation\010_Tenant Onboarding\040_Teamcenter Dispatcher and Translators\image_210.png","image_210.png",".png","152.92","12/9/2025 1:13:35 PM"
"docs\Documentation\010_Tenant Onboarding\040_Teamcenter Dispatcher and Translators\image_211.png","image_211.png",".png","31.24","12/9/2025 1:13:35 PM"
"docs\Documentation\010_Tenant Onboarding\040_Teamcenter Dispatcher and Translators\image_212.png","image_212.png",".png","37.48","12/9/2025 1:13:35 PM"
"docs\Documentation\010_Tenant Onboarding\040_Teamcenter Dispatcher and Translators\image_213.png","image_213.png",".png","259.94","12/9/2025 1:13:35 PM"
"docs\Documentation\010_Tenant Onboarding\040_Teamcenter Dispatcher and Translators\image_214.png","image_214.png",".png","278.14","12/9/2025 1:13:35 PM"
"docs\Documentation\010_Tenant Onboarding\040_Teamcenter Dispatcher and Translators\image_215.png","image_215.png",".png","269.54","12/9/2025 1:13:35 PM"
"docs\Documentation\010_Tenant Onboarding\040_Teamcenter Dispatcher and Translators\image_216.png","image_216.png",".png","76.7","12/9/2025 1:13:35 PM"
"docs\Documentation\010_Tenant Onboarding\040_Teamcenter Dispatcher and Translators\image_217.png","image_217.png",".png","96.25","12/9/2025 1:13:35 PM"
"docs\Documentation\010_Tenant Onboarding\040_Teamcenter Dispatcher and Translators\image_218.png","image_218.png",".png","156.91","12/9/2025 1:13:35 PM"
"docs\Documentation\010_Tenant Onboarding\040_Teamcenter Dispatcher and Translators\image_221.png","image_221.png",".png","146.82","12/9/2025 1:13:35 PM"
"docs\Documentation\010_Tenant Onboarding\040_Teamcenter Dispatcher and Translators\image_226.png","image_226.png",".png","37.64","12/9/2025 1:13:35 PM"
"docs\Documentation\010_Tenant Onboarding\040_Teamcenter Dispatcher and Translators\image_227.png","image_227.png",".png","787.83","12/9/2025 1:13:35 PM"
"docs\Documentation\010_Tenant Onboarding\040_Teamcenter Dispatcher and Translators\image_228.png","image_228.png",".png","484.36","12/9/2025 1:13:35 PM"
"docs\Documentation\010_Tenant Onboarding\040_Teamcenter Dispatcher and Translators\image_229.png","image_229.png",".png","681.36","12/9/2025 1:13:35 PM"
"docs\Documentation\010_Tenant Onboarding\040_Teamcenter Dispatcher and Translators\image_230.png","image_230.png",".png","758.69","12/9/2025 1:13:35 PM"
"docs\Documentation\010_Tenant Onboarding\040_Teamcenter Dispatcher and Translators\image_231.png","image_231.png",".png","723.18","12/9/2025 1:13:35 PM"
"docs\Documentation\010_Tenant Onboarding\040_Teamcenter Dispatcher and Translators\image_232.png","image_232.png",".png","41.41","12/9/2025 1:13:35 PM"
"docs\Documentation\010_Tenant Onboarding\040_Teamcenter Dispatcher and Translators\image_233.png","image_233.png",".png","91.31","12/9/2025 1:13:35 PM"
"docs\Documentation\010_Tenant Onboarding\040_Teamcenter Dispatcher and Translators\image_234.png","image_234.png",".png","47.44","12/9/2025 1:13:35 PM"
"docs\Documentation\010_Tenant Onboarding\040_Teamcenter Dispatcher and Translators\image_235.png","image_235.png",".png","135.77","12/9/2025 1:13:35 PM"
"docs\Documentation\010_Tenant Onboarding\040_Teamcenter Dispatcher and Translators\image_236.png","image_236.png",".png","212.3","12/9/2025 1:13:35 PM"
"docs\Documentation\010_Tenant Onboarding\040_Teamcenter Dispatcher and Translators\image_337.png","image_337.png",".png","92.66","12/9/2025 1:13:35 PM"
"docs\Documentation\010_Tenant Onboarding\040_Teamcenter Dispatcher and Translators\image_338.png","image_338.png",".png","24.11","12/9/2025 1:13:35 PM"
"docs\Documentation\010_Tenant Onboarding\040_Teamcenter Dispatcher and Translators\image_339.png","image_339.png",".png","24.17","12/9/2025 1:13:35 PM"
"docs\Documentation\010_Tenant Onboarding\040_Teamcenter Dispatcher and Translators\image_340.png","image_340.png",".png","85.17","12/9/2025 1:13:35 PM"
"docs\Documentation\010_Tenant Onboarding\040_Teamcenter Dispatcher and Translators\image_343.png","image_343.png",".png","67.57","12/9/2025 1:13:35 PM"
"docs\Documentation\010_Tenant Onboarding\040_Teamcenter Dispatcher and Translators\image_344.png","image_344.png",".png","65.47","12/9/2025 1:13:35 PM"
"docs\Documentation\010_Tenant Onboarding\040_Teamcenter Dispatcher and Translators\image_345.png","image_345.png",".png","64.56","12/9/2025 1:13:35 PM"
"docs\Documentation\010_Tenant Onboarding\040_Teamcenter Dispatcher and Translators\image_346.png","image_346.png",".png","116.88","12/9/2025 1:13:35 PM"
"docs\Documentation\010_Tenant Onboarding\040_Teamcenter Dispatcher and Translators\image_347.png","image_347.png",".png","66","12/9/2025 1:13:35 PM"
"docs\Documentation\010_Tenant Onboarding\040_Teamcenter Dispatcher and Translators\image_348.png","image_348.png",".png","81.33","12/9/2025 1:13:35 PM"
"docs\Documentation\010_Tenant Onboarding\040_Teamcenter Dispatcher and Translators\image.png","image.png",".png","64.68","12/9/2025 1:13:35 PM"
"docs\Documentation\010_Tenant Onboarding\040_Teamcenter Dispatcher and Translators\image349.png","image349.png",".png","152.24","12/9/2025 1:13:35 PM"
"docs\Documentation\010_Tenant Onboarding\040_Teamcenter Dispatcher and Translators\image350.png","image350.png",".png","90.41","12/9/2025 1:13:35 PM"
"docs\Documentation\010_Tenant Onboarding\040_Teamcenter Dispatcher and Translators\image351.png","image351.png",".png","112.6","12/9/2025 1:13:35 PM"
"docs\Documentation\010_Tenant Onboarding\040_Teamcenter Dispatcher and Translators\image352.png","image352.png",".png","11.13","12/9/2025 1:13:35 PM"
"docs\Documentation\010_Tenant Onboarding\040_Teamcenter Dispatcher and Translators\image353.png","image353.png",".png","7.74","12/9/2025 1:13:35 PM"
"docs\Documentation\010_Tenant Onboarding\040_Teamcenter Dispatcher and Translators\image354.png","image354.png",".png","4.56","12/9/2025 1:13:35 PM"
"docs\Documentation\010_Tenant Onboarding\040_Teamcenter Dispatcher and Translators\image355.png","image355.png",".png","6.43","12/9/2025 1:13:35 PM"
"docs\Documentation\010_Tenant Onboarding\040_Teamcenter Dispatcher and Translators\image356.png","image356.png",".png","44.07","12/9/2025 1:13:35 PM"
"docs\Documentation\010_Tenant Onboarding\040_Teamcenter Dispatcher and Translators\image357.png","image357.png",".png","13.4","12/9/2025 1:13:35 PM"
"docs\Documentation\010_Tenant Onboarding\040_Teamcenter Dispatcher and Translators\image358.png","image358.png",".png","54.45","12/9/2025 1:13:35 PM"
"docs\Documentation\010_Tenant Onboarding\040_Teamcenter Dispatcher and Translators\image359.png","image359.png",".png","16.92","12/9/2025 1:13:35 PM"
"docs\Documentation\010_Tenant Onboarding\040_Teamcenter Dispatcher and Translators\image360.png","image360.png",".png","61.05","12/9/2025 1:13:35 PM"
"docs\Documentation\010_Tenant Onboarding\040_Teamcenter Dispatcher and Translators\image361.png","image361.png",".png","19.98","12/9/2025 1:13:35 PM"
"docs\Documentation\010_Tenant Onboarding\040_Teamcenter Dispatcher and Translators\image362.png","image362.png",".png","166.56","12/9/2025 1:13:35 PM"
"docs\Documentation\010_Tenant Onboarding\040_Teamcenter Dispatcher and Translators\image363.png","image363.png",".png","7.68","12/9/2025 1:13:35 PM"
"docs\Documentation\010_Tenant Onboarding\050_Validation Steps for Teamcenter X Products\.git-reviewers.json",".git-reviewers.json",".json","0.08","1/20/2026 4:55:14 PM"
"docs\Documentation\010_Tenant Onboarding\050_Validation Steps for Teamcenter X Products\000_Validation Steps for Teamcenter X Products.md","000_Validation Steps for Teamcenter X Products.md",".md","0.28","12/9/2025 1:13:35 PM"
"docs\Documentation\010_Tenant Onboarding\050_Validation Steps for Teamcenter X Products\010_Validation Steps for SolidWorks.md","010_Validation Steps for SolidWorks.md",".md","3.75","12/9/2025 1:13:35 PM"
"docs\Documentation\010_Tenant Onboarding\050_Validation Steps for Teamcenter X Products\020_Validation Steps for Teamcenter Active Assistant.md","020_Validation Steps for Teamcenter Active Assistant.md",".md","1.27","12/9/2025 1:13:35 PM"
"docs\Documentation\010_Tenant Onboarding\050_Validation Steps for Teamcenter X Products\030_Post Installation Steps for Creo Integration.md","030_Post Installation Steps for Creo Integration.md",".md","2.66","1/20/2026 5:40:21 PM"
"docs\Documentation\010_Tenant Onboarding\050_Validation Steps for Teamcenter X Products\040_Post Deploy Steps for AutoCAD.md","040_Post Deploy Steps for AutoCAD.md",".md","1.91","1/20/2026 5:40:21 PM"
"docs\Documentation\010_Tenant Onboarding\050_Validation Steps for Teamcenter X Products\050_Post Deploy Steps for Inventor Integration.md","050_Post Deploy Steps for Inventor Integration.md",".md","3.59","1/20/2026 5:40:21 PM"
"docs\Documentation\010_Tenant Onboarding\050_Validation Steps for Teamcenter X Products\060_Validation steps for Altium Integration.md","060_Validation steps for Altium Integration.md",".md","1.38","12/9/2025 1:13:35 PM"
"docs\Documentation\010_Tenant Onboarding\050_Validation Steps for Teamcenter X Products\070_Validation steps for Cadence Allegro.md","070_Validation steps for Cadence Allegro.md",".md","1.38","12/9/2025 1:13:35 PM"
"docs\Documentation\010_Tenant Onboarding\050_Validation Steps for Teamcenter X Products\080_Validation steps for Cadence Orcad.md","080_Validation steps for Cadence Orcad.md",".md","1.32","12/9/2025 1:13:35 PM"
"docs\Documentation\010_Tenant Onboarding\050_Validation Steps for Teamcenter X Products\090_Validation steps for AutoCAD or AutoCAD Electrical.md","090_Validation steps for AutoCAD or AutoCAD Electrical.md",".md","1.84","12/9/2025 1:13:35 PM"
"docs\Documentation\010_Tenant Onboarding\050_Validation Steps for Teamcenter X Products\100_Validation steps for CATIA.md","100_Validation steps for CATIA.md",".md","1.61","12/9/2025 1:13:35 PM"
"docs\Documentation\010_Tenant Onboarding\050_Validation Steps for Teamcenter X Products\110_Validation steps for CATIA V6 TC630605-XT.md","110_Validation steps for CATIA V6 TC630605-XT.md",".md","1.35","12/9/2025 1:13:35 PM"
"docs\Documentation\010_Tenant Onboarding\050_Validation Steps for Teamcenter X Products\120_Validation stepsfor PolarionX WIP.md","120_Validation stepsfor PolarionX WIP.md",".md","3.57","12/9/2025 1:13:35 PM"
"docs\Documentation\010_Tenant Onboarding\050_Validation Steps for Teamcenter X Products\130_Substance Compliance and CPM Deployment.md","130_Substance Compliance and CPM Deployment.md",".md","4.79","1/20/2026 5:40:21 PM"
"docs\Documentation\010_Tenant Onboarding\050_Validation Steps for Teamcenter X Products\140_Product Configurator Deployment.md","140_Product Configurator Deployment.md",".md","0.45","1/20/2026 5:40:21 PM"
"docs\Documentation\010_Tenant Onboarding\050_Validation Steps for Teamcenter X Products\170_Design BOM Alignment Automation Deployment.md","170_Design BOM Alignment Automation Deployment.md",".md","3.1","1/20/2026 5:40:21 PM"
"docs\Documentation\010_Tenant Onboarding\050_Validation Steps for Teamcenter X Products\180_Validation steps for Machine Builder.md","180_Validation steps for Machine Builder.md",".md","3.38","12/9/2025 1:13:35 PM"
"docs\Documentation\010_Tenant Onboarding\050_Validation Steps for Teamcenter X Products\190_Content Mgmt and Content Mgmt S1000D Deployment.md","190_Content Mgmt and Content Mgmt S1000D Deployment.md",".md","12.99","12/9/2025 1:13:35 PM"
"docs\Documentation\010_Tenant Onboarding\050_Validation Steps for Teamcenter X Products\220_TcX Part Manufacturing.md","220_TcX Part Manufacturing.md",".md","0.95","1/20/2026 5:40:21 PM"
"docs\Documentation\010_Tenant Onboarding\050_Validation Steps for Teamcenter X Products\image_170_001.png","image_170_001.png",".png","42.24","1/20/2026 5:40:21 PM"
"docs\Documentation\010_Tenant Onboarding\050_Validation Steps for Teamcenter X Products\image_170_002.png","image_170_002.png",".png","40.95","1/20/2026 5:40:21 PM"
"docs\Documentation\010_Tenant Onboarding\050_Validation Steps for Teamcenter X Products\image_170_003.png","image_170_003.png",".png","35.98","1/20/2026 5:40:21 PM"
"docs\Documentation\010_Tenant Onboarding\050_Validation Steps for Teamcenter X Products\image_170_004.png","image_170_004.png",".png","28.39","1/20/2026 5:40:21 PM"
"docs\Documentation\010_Tenant Onboarding\050_Validation Steps for Teamcenter X Products\image_190_001.png","image_190_001.png",".png","19.04","12/9/2025 1:13:35 PM"
"docs\Documentation\010_Tenant Onboarding\050_Validation Steps for Teamcenter X Products\image_190_002.png","image_190_002.png",".png","19.38","12/9/2025 1:13:35 PM"
"docs\Documentation\010_Tenant Onboarding\050_Validation Steps for Teamcenter X Products\image_190_003.png","image_190_003.png",".png","11.12","12/9/2025 1:13:35 PM"
"docs\Documentation\010_Tenant Onboarding\050_Validation Steps for Teamcenter X Products\image_190_004.png","image_190_004.png",".png","25.05","12/9/2025 1:13:35 PM"
"docs\Documentation\010_Tenant Onboarding\050_Validation Steps for Teamcenter X Products\image_190_005.png","image_190_005.png",".png","11.78","12/9/2025 1:13:35 PM"
"docs\Documentation\010_Tenant Onboarding\050_Validation Steps for Teamcenter X Products\image_190_006.png","image_190_006.png",".png","9.5","12/9/2025 1:13:35 PM"
"docs\Documentation\010_Tenant Onboarding\050_Validation Steps for Teamcenter X Products\image_190_007.png","image_190_007.png",".png","3.91","12/9/2025 1:13:35 PM"
"docs\Documentation\010_Tenant Onboarding\050_Validation Steps for Teamcenter X Products\image_190_008.png","image_190_008.png",".png","10.55","12/9/2025 1:13:35 PM"
"docs\Documentation\010_Tenant Onboarding\050_Validation Steps for Teamcenter X Products\image_190_009.png","image_190_009.png",".png","9.02","12/9/2025 1:13:35 PM"
"docs\Documentation\010_Tenant Onboarding\050_Validation Steps for Teamcenter X Products\image_190_010.png","image_190_010.png",".png","10.59","12/9/2025 1:13:35 PM"
"docs\Documentation\010_Tenant Onboarding\050_Validation Steps for Teamcenter X Products\image_190_011.png","image_190_011.png",".png","19.54","12/9/2025 1:13:35 PM"
"docs\Documentation\010_Tenant Onboarding\050_Validation Steps for Teamcenter X Products\image_190_012.png","image_190_012.png",".png","5.1","12/9/2025 1:13:35 PM"
"docs\Documentation\010_Tenant Onboarding\050_Validation Steps for Teamcenter X Products\image_190_013.png","image_190_013.png",".png","21.68","12/9/2025 1:13:35 PM"
"docs\Documentation\010_Tenant Onboarding\050_Validation Steps for Teamcenter X Products\image_190_014.png","image_190_014.png",".png","23.55","12/9/2025 1:13:35 PM"
"docs\Documentation\010_Tenant Onboarding\050_Validation Steps for Teamcenter X Products\image_190_015.png","image_190_015.png",".png","14.75","12/9/2025 1:13:35 PM"
"docs\Documentation\010_Tenant Onboarding\050_Validation Steps for Teamcenter X Products\image_190_016.png","image_190_016.png",".png","11.31","12/9/2025 1:13:35 PM"
"docs\Documentation\010_Tenant Onboarding\050_Validation Steps for Teamcenter X Products\image_190_017.png","image_190_017.png",".png","16.52","12/9/2025 1:13:35 PM"
"docs\Documentation\010_Tenant Onboarding\050_Validation Steps for Teamcenter X Products\image_190_018.png","image_190_018.png",".png","12.33","12/9/2025 1:13:35 PM"
"docs\Documentation\010_Tenant Onboarding\050_Validation Steps for Teamcenter X Products\image_190_019.png","image_190_019.png",".png","24.61","12/9/2025 1:13:35 PM"
"docs\Documentation\010_Tenant Onboarding\050_Validation Steps for Teamcenter X Products\image_190_020.png","image_190_020.png",".png","20.7","12/9/2025 1:13:35 PM"
"docs\Documentation\010_Tenant Onboarding\050_Validation Steps for Teamcenter X Products\image_237.png","image_237.png",".png","43","12/9/2025 1:13:35 PM"
"docs\Documentation\010_Tenant Onboarding\050_Validation Steps for Teamcenter X Products\image_238.png","image_238.png",".png","43","12/9/2025 1:13:35 PM"
"docs\Documentation\010_Tenant Onboarding\050_Validation Steps for Teamcenter X Products\image_239.png","image_239.png",".png","128.62","12/9/2025 1:13:35 PM"
"docs\Documentation\010_Tenant Onboarding\050_Validation Steps for Teamcenter X Products\image_240.png","image_240.png",".png","48.53","12/9/2025 1:13:35 PM"
"docs\Documentation\010_Tenant Onboarding\050_Validation Steps for Teamcenter X Products\image_241.png","image_241.png",".png","41","12/9/2025 1:13:35 PM"
"docs\Documentation\010_Tenant Onboarding\050_Validation Steps for Teamcenter X Products\image_242.png","image_242.png",".png","108.32","12/9/2025 1:13:35 PM"
"docs\Documentation\010_Tenant Onboarding\050_Validation Steps for Teamcenter X Products\image_243.png","image_243.png",".png","106.36","12/9/2025 1:13:35 PM"
"docs\Documentation\010_Tenant Onboarding\050_Validation Steps for Teamcenter X Products\image_244.png","image_244.png",".png","105.71","12/9/2025 1:13:35 PM"
"docs\Documentation\010_Tenant Onboarding\050_Validation Steps for Teamcenter X Products\image_245.png","image_245.png",".png","301.86","12/9/2025 1:13:35 PM"
"docs\Documentation\010_Tenant Onboarding\050_Validation Steps for Teamcenter X Products\image_246.png","image_246.png",".png","72.11","12/9/2025 1:13:35 PM"
"docs\Documentation\010_Tenant Onboarding\050_Validation Steps for Teamcenter X Products\image_247.png","image_247.png",".png","192.27","12/9/2025 1:13:35 PM"
"docs\Documentation\010_Tenant Onboarding\050_Validation Steps for Teamcenter X Products\image_248.png","image_248.png",".png","128.62","12/9/2025 1:13:35 PM"
"docs\Documentation\010_Tenant Onboarding\050_Validation Steps for Teamcenter X Products\image_249.png","image_249.png",".png","42.43","12/9/2025 1:13:35 PM"
"docs\Documentation\010_Tenant Onboarding\050_Validation Steps for Teamcenter X Products\image_250.png","image_250.png",".png","26.92","12/9/2025 1:13:35 PM"
"docs\Documentation\010_Tenant Onboarding\050_Validation Steps for Teamcenter X Products\image_251.png","image_251.png",".png","200.52","12/9/2025 1:13:35 PM"
"docs\Documentation\010_Tenant Onboarding\050_Validation Steps for Teamcenter X Products\image_252.png","image_252.png",".png","86.7","12/9/2025 1:13:35 PM"
"docs\Documentation\010_Tenant Onboarding\050_Validation Steps for Teamcenter X Products\image_253.png","image_253.png",".png","152.81","12/9/2025 1:13:35 PM"
"docs\Documentation\010_Tenant Onboarding\050_Validation Steps for Teamcenter X Products\image_254.png","image_254.png",".png","82.78","12/9/2025 1:13:35 PM"
"docs\Documentation\010_Tenant Onboarding\050_Validation Steps for Teamcenter X Products\image_255.png","image_255.png",".png","28.33","12/9/2025 1:13:35 PM"
"docs\Documentation\010_Tenant Onboarding\050_Validation Steps for Teamcenter X Products\image_256.png","image_256.png",".png","37.24","12/9/2025 1:13:35 PM"
"docs\Documentation\010_Tenant Onboarding\050_Validation Steps for Teamcenter X Products\image_257.png","image_257.png",".png","23.26","12/9/2025 1:13:35 PM"
"docs\Documentation\010_Tenant Onboarding\050_Validation Steps for Teamcenter X Products\image_258.png","image_258.png",".png","29.95","12/9/2025 1:13:35 PM"
"docs\Documentation\010_Tenant Onboarding\050_Validation Steps for Teamcenter X Products\image_259.png","image_259.png",".png","128.62","12/9/2025 1:13:35 PM"
"docs\Documentation\010_Tenant Onboarding\050_Validation Steps for Teamcenter X Products\image_260.png","image_260.png",".png","28.1","12/9/2025 1:13:35 PM"
"docs\Documentation\010_Tenant Onboarding\050_Validation Steps for Teamcenter X Products\image_261.png","image_261.png",".png","36.79","12/9/2025 1:13:35 PM"
"docs\Documentation\010_Tenant Onboarding\050_Validation Steps for Teamcenter X Products\image_262.png","image_262.png",".png","128.62","12/9/2025 1:13:35 PM"
"docs\Documentation\010_Tenant Onboarding\050_Validation Steps for Teamcenter X Products\image_263.png","image_263.png",".png","37.96","12/9/2025 1:13:35 PM"
"docs\Documentation\010_Tenant Onboarding\050_Validation Steps for Teamcenter X Products\image_264.png","image_264.png",".png","39.26","12/9/2025 1:13:35 PM"
"docs\Documentation\010_Tenant Onboarding\050_Validation Steps for Teamcenter X Products\image_265.png","image_265.png",".png","128.62","12/9/2025 1:13:35 PM"
"docs\Documentation\010_Tenant Onboarding\050_Validation Steps for Teamcenter X Products\image_266.png","image_266.png",".png","36.49","12/9/2025 1:13:35 PM"
"docs\Documentation\010_Tenant Onboarding\050_Validation Steps for Teamcenter X Products\image_267.png","image_267.png",".png","37.02","12/9/2025 1:13:35 PM"
"docs\Documentation\010_Tenant Onboarding\050_Validation Steps for Teamcenter X Products\image_268.png","image_268.png",".png","122.03","12/9/2025 1:13:35 PM"
"docs\Documentation\010_Tenant Onboarding\050_Validation Steps for Teamcenter X Products\image_269.png","image_269.png",".png","25.46","12/9/2025 1:13:35 PM"
"docs\Documentation\010_Tenant Onboarding\050_Validation Steps for Teamcenter X Products\image_270.png","image_270.png",".png","30.42","12/9/2025 1:13:35 PM"
"docs\Documentation\010_Tenant Onboarding\050_Validation Steps for Teamcenter X Products\image_271.png","image_271.png",".png","23.27","12/9/2025 1:13:35 PM"
"docs\Documentation\010_Tenant Onboarding\050_Validation Steps for Teamcenter X Products\image_272.png","image_272.png",".png","30.15","12/9/2025 1:13:35 PM"
"docs\Documentation\010_Tenant Onboarding\050_Validation Steps for Teamcenter X Products\image_273.png","image_273.png",".png","122.03","12/9/2025 1:13:35 PM"
"docs\Documentation\010_Tenant Onboarding\050_Validation Steps for Teamcenter X Products\image_274.png","image_274.png",".png","25.7","12/9/2025 1:13:35 PM"
"docs\Documentation\010_Tenant Onboarding\050_Validation Steps for Teamcenter X Products\image_275.png","image_275.png",".png","25.17","12/9/2025 1:13:35 PM"
"docs\Documentation\010_Tenant Onboarding\050_Validation Steps for Teamcenter X Products\image_276.png","image_276.png",".png","122.03","12/9/2025 1:13:35 PM"
"docs\Documentation\010_Tenant Onboarding\050_Validation Steps for Teamcenter X Products\image_277.png","image_277.png",".png","19.63","12/9/2025 1:13:35 PM"
"docs\Documentation\010_Tenant Onboarding\050_Validation Steps for Teamcenter X Products\image_278.png","image_278.png",".png","28.26","12/9/2025 1:13:35 PM"
"docs\Documentation\010_Tenant Onboarding\050_Validation Steps for Teamcenter X Products\image_279.png","image_279.png",".png","62.21","12/9/2025 1:13:35 PM"
"docs\Documentation\010_Tenant Onboarding\050_Validation Steps for Teamcenter X Products\image_280.png","image_280.png",".png","238.36","12/9/2025 1:13:35 PM"
"docs\Documentation\010_Tenant Onboarding\050_Validation Steps for Teamcenter X Products\image_281.png","image_281.png",".png","142.76","12/9/2025 1:13:35 PM"
"docs\Documentation\010_Tenant Onboarding\050_Validation Steps for Teamcenter X Products\image_282.png","image_282.png",".png","46.65","12/9/2025 1:13:35 PM"
"docs\Documentation\010_Tenant Onboarding\050_Validation Steps for Teamcenter X Products\image_283.png","image_283.png",".png","45.36","12/9/2025 1:13:35 PM"
"docs\Documentation\010_Tenant Onboarding\050_Validation Steps for Teamcenter X Products\image_284.png","image_284.png",".png","21.43","12/9/2025 1:13:35 PM"
"docs\Documentation\010_Tenant Onboarding\050_Validation Steps for Teamcenter X Products\image_285.png","image_285.png",".png","76.07","12/9/2025 1:13:35 PM"
"docs\Documentation\010_Tenant Onboarding\050_Validation Steps for Teamcenter X Products\image_286.png","image_286.png",".png","120.44","12/9/2025 1:13:35 PM"
"docs\Documentation\010_Tenant Onboarding\050_Validation Steps for Teamcenter X Products\image_287.png","image_287.png",".png","7.19","12/9/2025 1:13:35 PM"
"docs\Documentation\010_Tenant Onboarding\050_Validation Steps for Teamcenter X Products\image_288.png","image_288.png",".png","0.45","12/9/2025 1:13:35 PM"
"docs\Documentation\010_Tenant Onboarding\050_Validation Steps for Teamcenter X Products\image_289.png","image_289.png",".png","99.62","12/9/2025 1:13:35 PM"
"docs\Documentation\010_Tenant Onboarding\050_Validation Steps for Teamcenter X Products\image_290.png","image_290.png",".png","40.59","12/9/2025 1:13:35 PM"
"docs\Documentation\010_Tenant Onboarding\050_Validation Steps for Teamcenter X Products\image_291.png","image_291.png",".png","53.63","12/9/2025 1:13:35 PM"
"docs\Documentation\010_Tenant Onboarding\050_Validation Steps for Teamcenter X Products\image_293.png","image_293.png",".png","145.81","12/9/2025 1:13:35 PM"
"docs\Documentation\010_Tenant Onboarding\050_Validation Steps for Teamcenter X Products\image_294.png","image_294.png",".png","55.82","12/9/2025 1:13:35 PM"
"docs\Documentation\010_Tenant Onboarding\050_Validation Steps for Teamcenter X Products\image_295.png","image_295.png",".png","37.69","12/9/2025 1:13:35 PM"
"docs\Documentation\010_Tenant Onboarding\050_Validation Steps for Teamcenter X Products\image_296.png","image_296.png",".png","52.85","12/9/2025 1:13:35 PM"
"docs\Documentation\010_Tenant Onboarding\050_Validation Steps for Teamcenter X Products\image_297.png","image_297.png",".png","72.54","12/9/2025 1:13:35 PM"
"docs\Documentation\010_Tenant Onboarding\050_Validation Steps for Teamcenter X Products\image_298.png","image_298.png",".png","82.55","12/9/2025 1:13:35 PM"
"docs\Documentation\010_Tenant Onboarding\050_Validation Steps for Teamcenter X Products\image_299.png","image_299.png",".png","61.66","12/9/2025 1:13:35 PM"
"docs\Documentation\010_Tenant Onboarding\050_Validation Steps for Teamcenter X Products\image_300.png","image_300.png",".png","49.9","12/9/2025 1:13:35 PM"
"docs\Documentation\010_Tenant Onboarding\050_Validation Steps for Teamcenter X Products\image_301.png","image_301.png",".png","126.46","12/9/2025 1:13:35 PM"
"docs\Documentation\010_Tenant Onboarding\050_Validation Steps for Teamcenter X Products\image_302.png","image_302.png",".png","63.94","12/9/2025 1:13:35 PM"
"docs\Documentation\010_Tenant Onboarding\050_Validation Steps for Teamcenter X Products\image_303.png","image_303.png",".png","25.57","12/9/2025 1:13:35 PM"
"docs\Documentation\010_Tenant Onboarding\050_Validation Steps for Teamcenter X Products\image_304.png","image_304.png",".png","29.26","12/9/2025 1:13:35 PM"
"docs\Documentation\010_Tenant Onboarding\050_Validation Steps for Teamcenter X Products\image_305.png","image_305.png",".png","50.51","12/9/2025 1:13:35 PM"
"docs\Documentation\010_Tenant Onboarding\050_Validation Steps for Teamcenter X Products\image_306.png","image_306.png",".png","21.81","12/9/2025 1:13:35 PM"
"docs\Documentation\010_Tenant Onboarding\050_Validation Steps for Teamcenter X Products\image_307.png","image_307.png",".png","27.87","12/9/2025 1:13:35 PM"
"docs\Documentation\010_Tenant Onboarding\050_Validation Steps for Teamcenter X Products\image_308.png","image_308.png",".png","806.14","12/9/2025 1:13:35 PM"
"docs\Documentation\010_Tenant Onboarding\050_Validation Steps for Teamcenter X Products\image_309.png","image_309.png",".png","1047.04","12/9/2025 1:13:35 PM"
"docs\Documentation\010_Tenant Onboarding\050_Validation Steps for Teamcenter X Products\image_310.png","image_310.png",".png","66.4","12/9/2025 1:13:35 PM"
"docs\Documentation\010_Tenant Onboarding\050_Validation Steps for Teamcenter X Products\image_341.png","image_341.png",".png","813.75","12/9/2025 1:13:35 PM"
"docs\Documentation\010_Tenant Onboarding\050_Validation Steps for Teamcenter X Products\image_348.png","image_348.png",".png","128.92","12/9/2025 1:13:35 PM"
"docs\Documentation\010_Tenant Onboarding\050_Validation Steps for Teamcenter X Products\image_349.png","image_349.png",".png","42.55","12/9/2025 1:13:35 PM"
"docs\Documentation\010_Tenant Onboarding\050_Validation Steps for Teamcenter X Products\image_350.png","image_350.png",".png","128.13","12/9/2025 1:13:35 PM"
"docs\Documentation\010_Tenant Onboarding\050_Validation Steps for Teamcenter X Products\image_351.png","image_351.png",".png","112.65","12/9/2025 1:13:35 PM"
"docs\Documentation\010_Tenant Onboarding\050_Validation Steps for Teamcenter X Products\image_352.png","image_352.png",".png","43.92","12/9/2025 1:13:35 PM"
"docs\Documentation\010_Tenant Onboarding\050_Validation Steps for Teamcenter X Products\image_353.png","image_353.png",".png","67.27","12/9/2025 1:13:35 PM"
"docs\Documentation\010_Tenant Onboarding\050_Validation Steps for Teamcenter X Products\image_354.png","image_354.png",".png","130.14","12/9/2025 1:13:35 PM"
"docs\Documentation\010_Tenant Onboarding\050_Validation Steps for Teamcenter X Products\image_355.png","image_355.png",".png","84.6","12/9/2025 1:13:35 PM"
"docs\Documentation\010_Tenant Onboarding\050_Validation Steps for Teamcenter X Products\image_356.png","image_356.png",".png","99.76","12/9/2025 1:13:35 PM"
"docs\Documentation\010_Tenant Onboarding\050_Validation Steps for Teamcenter X Products\image_357.png","image_357.png",".png","91.98","12/9/2025 1:13:35 PM"
"docs\Documentation\010_Tenant Onboarding\050_Validation Steps for Teamcenter X Products\image_358.png","image_358.png",".png","135.85","12/9/2025 1:13:35 PM"
"docs\Documentation\010_Tenant Onboarding\050_Validation Steps for Teamcenter X Products\image_359.png","image_359.png",".png","141.74","12/9/2025 1:13:35 PM"
"docs\Documentation\010_Tenant Onboarding\050_Validation Steps for Teamcenter X Products\image_360.png","image_360.png",".png","159.38","12/9/2025 1:13:35 PM"
"docs\Documentation\010_Tenant Onboarding\050_Validation Steps for Teamcenter X Products\image_361.png","image_361.png",".png","115.17","12/9/2025 1:13:35 PM"
"docs\Documentation\010_Tenant Onboarding\060_Enable Xcelerator Admin Console for Teamcenter X\.git-reviewers.json",".git-reviewers.json",".json","0.04","1/20/2026 4:55:14 PM"
"docs\Documentation\010_Tenant Onboarding\060_Enable Xcelerator Admin Console for Teamcenter X\000_Enable Xcelerator Admin Console for Teamcenter X.md","000_Enable Xcelerator Admin Console for Teamcenter X.md",".md","0.43","12/9/2025 1:13:35 PM"
"docs\Documentation\010_Tenant Onboarding\060_Enable Xcelerator Admin Console for Teamcenter X\010_Enable Admin console to assign users.md","010_Enable Admin console to assign users.md",".md","4.79","2/13/2026 12:28:15 PM"
"docs\Documentation\010_Tenant Onboarding\060_Enable Xcelerator Admin Console for Teamcenter X\image_311.png","image_311.png",".png","93.52","12/9/2025 1:13:35 PM"
"docs\Documentation\010_Tenant Onboarding\060_Enable Xcelerator Admin Console for Teamcenter X\image_312.png","image_312.png",".png","60.91","12/9/2025 1:13:35 PM"
"docs\Documentation\010_Tenant Onboarding\060_Enable Xcelerator Admin Console for Teamcenter X\image_314.png","image_314.png",".png","131.68","12/9/2025 1:13:35 PM"
"docs\Documentation\010_Tenant Onboarding\060_Enable Xcelerator Admin Console for Teamcenter X\image_315.png","image_315.png",".png","9.01","12/9/2025 1:13:35 PM"
"docs\Documentation\010_Tenant Onboarding\060_Enable Xcelerator Admin Console for Teamcenter X\image_316.png","image_316.png",".png","16.34","12/9/2025 1:13:35 PM"
"docs\Documentation\010_Tenant Onboarding\060_Enable Xcelerator Admin Console for Teamcenter X\image_317.png","image_317.png",".png","12.23","12/9/2025 1:13:35 PM"
"docs\Documentation\010_Tenant Onboarding\060_Enable Xcelerator Admin Console for Teamcenter X\image_318.png","image_318.png",".png","20.6","12/9/2025 1:13:35 PM"
"docs\Documentation\010_Tenant Onboarding\060_Enable Xcelerator Admin Console for Teamcenter X\image_319.png","image_319.png",".png","51.39","12/9/2025 1:13:35 PM"
"docs\Documentation\010_Tenant Onboarding\060_Enable Xcelerator Admin Console for Teamcenter X\image_320.png","image_320.png",".png","79.63","12/9/2025 1:13:35 PM"
"docs\Documentation\010_Tenant Onboarding\060_Enable Xcelerator Admin Console for Teamcenter X\image_321.png","image_321.png",".png","28.51","12/9/2025 1:13:35 PM"
"docs\Documentation\010_Tenant Onboarding\070_Create CApS users in Teamcenter\.git-reviewers.json",".git-reviewers.json",".json","0.03","12/9/2025 1:13:35 PM"
"docs\Documentation\010_Tenant Onboarding\070_Create CApS users in Teamcenter\010_Automated Script approach\010_Automated Script approach.md","010_Automated Script approach.md",".md","6.23","2/13/2026 12:05:56 PM"
"docs\Documentation\010_Tenant Onboarding\070_Create CApS users in Teamcenter\010_Automated Script approach\020_AWS.md","020_AWS.md",".md","4.78","2/13/2026 12:05:56 PM"
"docs\Documentation\010_Tenant Onboarding\070_Create CApS users in Teamcenter\010_Automated Script approach\030_AZURE.md","030_AZURE.md",".md","4.64","12/9/2025 1:13:35 PM"
"docs\Documentation\010_Tenant Onboarding\070_Create CApS users in Teamcenter\020_Manual Steps approach\000_Create CAPS Users using make_user utility.md","000_Create CAPS Users using make_user utility.md",".md","1.74","12/9/2025 1:13:35 PM"
"docs\Documentation\010_Tenant Onboarding\070_Create CApS users in Teamcenter\020_Manual Steps approach\010_Creating User in SAM Account.md","010_Creating User in SAM Account.md",".md","0.59","12/9/2025 1:13:35 PM"
"docs\Documentation\010_Tenant Onboarding\070_Create CApS users in Teamcenter\020_Manual Steps approach\020_Creating User in Teamcenter.md","020_Creating User in Teamcenter.md",".md","1.25","12/9/2025 1:13:35 PM"
"docs\Documentation\010_Tenant Onboarding\070_Create CApS users in Teamcenter\020_Manual Steps approach\030_Creating User in LDAP.md","030_Creating User in LDAP.md",".md","2.32","12/9/2025 1:13:35 PM"
"docs\Documentation\010_Tenant Onboarding\070_Create CApS users in Teamcenter\020_Manual Steps approach\image_322.png","image_322.png",".png","21.76","12/9/2025 1:13:35 PM"
"docs\Documentation\010_Tenant Onboarding\070_Create CApS users in Teamcenter\020_Manual Steps approach\image_323.png","image_323.png",".png","167.38","12/9/2025 1:13:35 PM"
"docs\Documentation\010_Tenant Onboarding\080_License Configuration\.git-reviewers.json",".git-reviewers.json",".json","0.03","12/9/2025 1:13:35 PM"
"docs\Documentation\010_Tenant Onboarding\080_License Configuration\010_License Configuration for the Initial Installations.md","010_License Configuration for the Initial Installations.md",".md","2.74","12/9/2025 1:13:35 PM"
"docs\Documentation\010_Tenant Onboarding\080_License Configuration\015_Upload License file to common SA.md","015_Upload License file to common SA.md",".md","0.86","12/9/2025 1:13:35 PM"
"docs\Documentation\010_Tenant Onboarding\080_License Configuration\020_Teamcenter X Cloud License for Production deployment.md","020_Teamcenter X Cloud License for Production deployment.md",".md","0.45","12/9/2025 1:13:35 PM"
"docs\Documentation\010_Tenant Onboarding\080_License Configuration\030_Teamcenter X Cloud License.md","030_Teamcenter X Cloud License.md",".md","2.74","12/9/2025 1:13:35 PM"
"docs\Documentation\010_Tenant Onboarding\080_License Configuration\040_License Replacement.md","040_License Replacement.md",".md","2.78","12/9/2025 1:13:35 PM"
"docs\Documentation\010_Tenant Onboarding\080_License Configuration\image_324.png","image_324.png",".png","290.93","12/9/2025 1:13:35 PM"
"docs\Documentation\010_Tenant Onboarding\080_License Configuration\image_325.png","image_325.png",".png","82.76","12/9/2025 1:13:35 PM"
"docs\Documentation\010_Tenant Onboarding\080_License Configuration\image_326.png","image_326.png",".png","262.78","12/9/2025 1:13:35 PM"
"docs\Documentation\010_Tenant Onboarding\080_License Configuration\image_327.png","image_327.png",".png","22.23","12/9/2025 1:13:35 PM"
"docs\Documentation\010_Tenant Onboarding\080_License Configuration\image_328.png","image_328.png",".png","17.53","12/9/2025 1:13:35 PM"
"docs\Documentation\010_Tenant Onboarding\080_License Configuration\image_329.png","image_329.png",".png","11.17","12/9/2025 1:13:35 PM"
"docs\Documentation\010_Tenant Onboarding\080_License Configuration\image_330.png","image_330.png",".png","113.63","12/9/2025 1:13:35 PM"
"docs\Documentation\010_Tenant Onboarding\080_License Configuration\image_331.png","image_331.png",".png","129.7","12/9/2025 1:13:35 PM"
"docs\Documentation\010_Tenant Onboarding\080_License Configuration\image_332.png","image_332.png",".png","69.39","12/9/2025 1:13:35 PM"
"docs\Documentation\010_Tenant Onboarding\090_Datadog monitor and slo setup\.git-reviewers.json",".git-reviewers.json",".json","0.04","1/20/2026 4:55:14 PM"
"docs\Documentation\010_Tenant Onboarding\090_Datadog monitor and slo setup\010_Datadog - AWS Integration.md","010_Datadog - AWS Integration.md",".md","1.99","12/9/2025 1:13:35 PM"
"docs\Documentation\010_Tenant Onboarding\090_Datadog monitor and slo setup\015_Datadog - Azure Integration.md","015_Datadog - Azure Integration.md",".md","0.78","12/9/2025 1:13:35 PM"
"docs\Documentation\010_Tenant Onboarding\090_Datadog monitor and slo setup\090_Datadog monitor and slo setup.md","090_Datadog monitor and slo setup.md",".md","0.93","1/20/2026 5:40:21 PM"
"docs\Documentation\010_Tenant Onboarding\090_Datadog monitor and slo setup\image_090.png","image_090.png",".png","35.28","12/9/2025 1:13:35 PM"
"docs\Documentation\010_Tenant Onboarding\100_TcX Reports Configuration\.git-reviewers.json",".git-reviewers.json",".json","0.04","1/20/2026 4:55:14 PM"
"docs\Documentation\010_Tenant Onboarding\100_TcX Reports Configuration\000_TcX Reports Configuration.md","000_TcX Reports Configuration.md",".md","0.07","12/9/2025 1:13:35 PM"
"docs\Documentation\010_Tenant Onboarding\100_TcX Reports Configuration\010_TcX Usage Reports.md","010_TcX Usage Reports.md",".md","7.96","12/9/2025 1:13:35 PM"
"docs\Documentation\010_Tenant Onboarding\100_TcX Reports Configuration\020_TcX Billing Report.md","020_TcX Billing Report.md",".md","0","2/13/2026 12:05:56 PM"
"docs\Documentation\010_Tenant Onboarding\110_Enable xApps Integration with Teamcenter X\010_Pre-Reqs.md","010_Pre-Reqs.md",".md","1.21","12/9/2025 1:13:35 PM"
"docs\Documentation\010_Tenant Onboarding\110_Enable xApps Integration with Teamcenter X\020_XAppIssuers and XAppUsers.md","020_XAppIssuers and XAppUsers.md",".md","1.44","12/9/2025 1:13:35 PM"
"docs\Documentation\010_Tenant Onboarding\110_Enable xApps Integration with Teamcenter X\030_Bootstrapping a New Deployment.md","030_Bootstrapping a New Deployment.md",".md","1.74","12/9/2025 1:13:35 PM"
"docs\Documentation\010_Tenant Onboarding\110_Enable xApps Integration with Teamcenter X\040_Managing Existing TCX Deployments.md","040_Managing Existing TCX Deployments.md",".md","2","12/9/2025 1:13:35 PM"
"docs\Documentation\010_Tenant Onboarding\110_Enable xApps Integration with Teamcenter X\050_Sharing TCX clientID for Whitelisting.md","050_Sharing TCX clientID for Whitelisting.md",".md","0.52","12/9/2025 1:13:35 PM"
"docs\Documentation\010_Tenant Onboarding\110_Enable xApps Integration with Teamcenter X\060_Manual steps to rotate xApps AuthSecret in HC Vault.md","060_Manual steps to rotate xApps AuthSecret in HC Vault.md",".md","5.84","2/10/2026 11:28:46 AM"
"docs\Documentation\010_Tenant Onboarding\110_Enable xApps Integration with Teamcenter X\110_Enable xApps Integration with Teamcenter X.md","110_Enable xApps Integration with Teamcenter X.md",".md","0.73","12/9/2025 1:13:35 PM"
"docs\Documentation\010_Tenant Onboarding\110_Enable xApps Integration with Teamcenter X\image-1.png","image-1.png",".png","10.85","12/9/2025 1:13:35 PM"
"docs\Documentation\010_Tenant Onboarding\110_Enable xApps Integration with Teamcenter X\image-3.png","image-3.png",".png","57.12","12/9/2025 1:13:35 PM"
"docs\Documentation\010_Tenant Onboarding\110_Enable xApps Integration with Teamcenter X\image-6.png","image-6.png",".png","13.01","12/9/2025 1:13:35 PM"
"docs\Documentation\010_Tenant Onboarding\110_Enable xApps Integration with Teamcenter X\image-7.png","image-7.png",".png","27.05","12/9/2025 1:13:35 PM"
"docs\Documentation\010_Tenant Onboarding\110_Enable xApps Integration with Teamcenter X\image-8.png","image-8.png",".png","33.04","12/9/2025 1:13:35 PM"
"docs\Documentation\020_Operations\170_Offboarding TCX Customer.md","170_Offboarding TCX Customer.md",".md","2.3","12/9/2025 1:13:35 PM"
"docs\Documentation\020_Operations\image-1.png","image-1.png",".png","63.68","12/9/2025 1:13:35 PM"
"docs\Documentation\020_Operations\image-2.png","image-2.png",".png","78.79","12/9/2025 1:13:35 PM"
"docs\Documentation\020_Operations\image-3.png","image-3.png",".png","96.32","12/9/2025 1:13:35 PM"
"docs\Documentation\020_Operations\image-4.png","image-4.png",".png","53.38","12/9/2025 1:13:35 PM"
"docs\Documentation\020_Operations\image.png","image.png",".png","92.99","12/9/2025 1:13:35 PM"
"docs\Documentation\020_Operations\000_Full Clone Environment\.git-reviewers.json",".git-reviewers.json",".json","0.04","1/20/2026 4:55:14 PM"
"docs\Documentation\020_Operations\000_Full Clone Environment\001_Context.md","001_Context.md",".md","3.84","1/20/2026 5:40:21 PM"
"docs\Documentation\020_Operations\000_Full Clone Environment\010_Ansible Workflow Setup.md","010_Ansible Workflow Setup.md",".md","10.01","1/20/2026 5:40:21 PM"
"docs\Documentation\020_Operations\000_Full Clone Environment\020_Post replica deployment.md","020_Post replica deployment.md",".md","1.81","2/10/2026 11:28:46 AM"
"docs\Documentation\020_Operations\000_Full Clone Environment\image_330.png","image_330.png",".png","307.76","12/9/2025 1:13:35 PM"
"docs\Documentation\020_Operations\010_Partial Clone Environment\.git-reviewers.json",".git-reviewers.json",".json","0.04","1/20/2026 4:55:14 PM"
"docs\Documentation\020_Operations\010_Partial Clone Environment\001_Context.md","001_Context.md",".md","2.98","2/10/2026 11:28:17 AM"
"docs\Documentation\020_Operations\010_Partial Clone Environment\010_Pre-requisites.md","010_Pre-requisites.md",".md","1.62","12/9/2025 1:13:35 PM"
"docs\Documentation\020_Operations\010_Partial Clone Environment\020_Ansible Workflow Setup.md","020_Ansible Workflow Setup.md",".md","6.39","1/20/2026 5:40:21 PM"
"docs\Documentation\020_Operations\010_Partial Clone Environment\030_LDAP Sync.md","030_LDAP Sync.md",".md","3.21","12/9/2025 1:13:35 PM"
"docs\Documentation\020_Operations\010_Partial Clone Environment\image_030_inactive_user.png","image_030_inactive_user.png",".png","155.17","12/9/2025 1:13:35 PM"
"docs\Documentation\020_Operations\010_Partial Clone Environment\image_332.png","image_332.png",".png","241.17","12/9/2025 1:13:35 PM"
"docs\Documentation\020_Operations\010_Partial Clone Environment\image_333.png","image_333.png",".png","102.05","12/9/2025 1:13:35 PM"
"docs\Documentation\020_Operations\010_Partial Clone Environment\image_334.png","image_334.png",".png","46.16","12/9/2025 1:13:35 PM"
"docs\Documentation\020_Operations\010_Partial Clone Environment\image_335.png","image_335.png",".png","13.32","12/9/2025 1:13:35 PM"
"docs\Documentation\020_Operations\020_Applying Personalization\.git-reviewers.json",".git-reviewers.json",".json","0.03","12/9/2025 1:13:35 PM"
"docs\Documentation\020_Operations\020_Applying Personalization\000_Applying Personalization.md","000_Applying Personalization.md",".md","2.47","12/9/2025 1:13:35 PM"
"docs\Documentation\020_Operations\020_Applying Personalization\001_Pre-requistes.md","001_Pre-requistes.md",".md","0.75","12/9/2025 1:13:35 PM"
"docs\Documentation\020_Operations\020_Applying Personalization\030_Applying personalization updates to an existing deployment.md","030_Applying personalization updates to an existing deployment.md",".md","1.78","12/9/2025 1:13:35 PM"
"docs\Documentation\020_Operations\020_Applying Personalization\040_Applying admin data personalization changes.md","040_Applying admin data personalization changes.md",".md","4.52","12/9/2025 1:13:35 PM"
"docs\Documentation\020_Operations\020_Applying Personalization\image_336.png","image_336.png",".png","155.32","12/9/2025 1:13:35 PM"
"docs\Documentation\020_Operations\020_Applying Personalization\image_337.png","image_337.png",".png","189.44","12/9/2025 1:13:35 PM"
"docs\Documentation\020_Operations\020_Applying Personalization\010_Applying personalization to a new deployment\AWS\010_Applying personalization to a new deployment.md","010_Applying personalization to a new deployment.md",".md","2.14","12/9/2025 1:13:35 PM"
"docs\Documentation\020_Operations\020_Applying Personalization\010_Applying personalization to a new deployment\AZURE\010_Applying personalization to a new deployment.md","010_Applying personalization to a new deployment.md",".md","2.39","2/10/2026 11:28:46 AM"
"docs\Documentation\020_Operations\020_Applying Personalization\020_Applying personalization to an existing deployment\AWS\020_Applying personalization to an existing deployment.md","020_Applying personalization to an existing deployment.md",".md","2.85","1/20/2026 5:40:21 PM"
"docs\Documentation\020_Operations\020_Applying Personalization\020_Applying personalization to an existing deployment\AZURE\020_Applying personalization to an existing deployment.md","020_Applying personalization to an existing deployment.md",".md","3.13","1/20/2026 5:40:21 PM"
"docs\Documentation\020_Operations\025_Azure Policies\020_Img_001.png","020_Img_001.png",".png","38.8","12/9/2025 1:13:35 PM"
"docs\Documentation\020_Operations\025_Azure Policies\020_Img_002.png","020_Img_002.png",".png","65.15","12/9/2025 1:13:35 PM"
"docs\Documentation\020_Operations\025_Azure Policies\020_Img_003.png","020_Img_003.png",".png","41.08","12/9/2025 1:13:35 PM"
"docs\Documentation\020_Operations\025_Azure Policies\020_Img_004.png","020_Img_004.png",".png","100.44","12/9/2025 1:13:35 PM"
"docs\Documentation\020_Operations\025_Azure Policies\020_Img_005.png","020_Img_005.png",".png","39.31","12/9/2025 1:13:35 PM"
"docs\Documentation\020_Operations\025_Azure Policies\020_Img_006.png","020_Img_006.png",".png","46.7","12/9/2025 1:13:35 PM"
"docs\Documentation\020_Operations\025_Azure Policies\020_Img_007.png","020_Img_007.png",".png","64.96","12/9/2025 1:13:35 PM"
"docs\Documentation\020_Operations\025_Azure Policies\020_Img_008.png","020_Img_008.png",".png","35.87","12/9/2025 1:13:35 PM"
"docs\Documentation\020_Operations\025_Azure Policies\020_Img_009.png","020_Img_009.png",".png","63.3","12/9/2025 1:13:35 PM"
"docs\Documentation\020_Operations\025_Azure Policies\020_Img_010.png","020_Img_010.png",".png","38.76","12/9/2025 1:13:35 PM"
"docs\Documentation\020_Operations\025_Azure Policies\020_Img_011.png","020_Img_011.png",".png","48.52","12/9/2025 1:13:35 PM"
"docs\Documentation\020_Operations\025_Azure Policies\020_Img_012.png","020_Img_012.png",".png","84.45","12/9/2025 1:13:35 PM"
"docs\Documentation\020_Operations\025_Azure Policies\020_Img_013.png","020_Img_013.png",".png","68.53","12/9/2025 1:13:35 PM"
"docs\Documentation\020_Operations\025_Azure Policies\020_Img_014.png","020_Img_014.png",".png","43.79","12/9/2025 1:13:35 PM"
"docs\Documentation\020_Operations\025_Azure Policies\020_Img_015.png","020_Img_015.png",".png","42.1","12/9/2025 1:13:35 PM"
"docs\Documentation\020_Operations\025_Azure Policies\020_Img_016.png","020_Img_016.png",".png","70","12/9/2025 1:13:35 PM"
"docs\Documentation\020_Operations\025_Azure Policies\020_Img_017.png","020_Img_017.png",".png","57.32","12/9/2025 1:13:35 PM"
"docs\Documentation\020_Operations\025_Azure Policies\020_Img_018.png","020_Img_018.png",".png","25.68","12/9/2025 1:13:35 PM"
"docs\Documentation\020_Operations\025_Azure Policies\020_Img_019.png","020_Img_019.png",".png","40.69","12/9/2025 1:13:35 PM"
"docs\Documentation\020_Operations\025_Azure Policies\020_Img_020.png","020_Img_020.png",".png","58.32","12/9/2025 1:13:35 PM"
"docs\Documentation\020_Operations\025_Azure Policies\020_Img_021.png","020_Img_021.png",".png","38.54","12/9/2025 1:13:35 PM"
"docs\Documentation\020_Operations\025_Azure Policies\020_Img_022.png","020_Img_022.png",".png","40.27","12/9/2025 1:13:35 PM"
"docs\Documentation\020_Operations\025_Azure Policies\020_Img_023.png","020_Img_023.png",".png","59.47","12/9/2025 1:13:35 PM"
"docs\Documentation\020_Operations\025_Azure Policies\020_Img_024.png","020_Img_024.png",".png","52.27","12/9/2025 1:13:35 PM"
"docs\Documentation\020_Operations\025_Azure Policies\020_Img_025.png","020_Img_025.png",".png","41.14","12/9/2025 1:13:35 PM"
"docs\Documentation\020_Operations\025_Azure Policies\020_Img_026.png","020_Img_026.png",".png","19.63","12/9/2025 1:13:35 PM"
"docs\Documentation\020_Operations\025_Azure Policies\020_Img_027.png","020_Img_027.png",".png","42.77","12/9/2025 1:13:35 PM"
"docs\Documentation\020_Operations\025_Azure Policies\020_Img_028.png","020_Img_028.png",".png","23.69","12/9/2025 1:13:35 PM"
"docs\Documentation\020_Operations\025_Azure Policies\020_Introduction.md","020_Introduction.md",".md","0.34","12/9/2025 1:13:35 PM"
"docs\Documentation\020_Operations\025_Azure Policies\030_Pre-Requisites.md","030_Pre-Requisites.md",".md","0.35","12/9/2025 1:13:35 PM"
"docs\Documentation\020_Operations\025_Azure Policies\040_Assign Policy.md","040_Assign Policy.md",".md","2.85","12/9/2025 1:13:35 PM"
"docs\Documentation\020_Operations\025_Azure Policies\050_Delete Policy.md","050_Delete Policy.md",".md","0.78","12/9/2025 1:13:35 PM"
"docs\Documentation\020_Operations\025_Azure Policies\060_Remediate Policy.md","060_Remediate Policy.md",".md","1.47","12/9/2025 1:13:35 PM"
"docs\Documentation\020_Operations\025_Azure Policies\070_Check Compliance.md","070_Check Compliance.md",".md","0.9","12/9/2025 1:13:35 PM"
"docs\Documentation\020_Operations\025_Azure Policies\080_Create Custom Policy.md","080_Create Custom Policy.md",".md","1.11","12/9/2025 1:13:35 PM"
"docs\Documentation\020_Operations\025_Azure Policies\Policy Exclusions and Exemptions.md","Policy Exclusions and Exemptions.md",".md","3.44","12/9/2025 1:13:35 PM"
"docs\Documentation\020_Operations\030_Day N Operations\.git-reviewers.json",".git-reviewers.json",".json","0.06","1/20/2026 4:55:14 PM"
"docs\Documentation\020_Operations\030_Day N Operations\000_Day N Operations.md","000_Day N Operations.md",".md","0.97","12/9/2025 1:13:35 PM"
"docs\Documentation\020_Operations\030_Day N Operations\010_Prerequisites.md","010_Prerequisites.md",".md","0.1","12/9/2025 1:13:35 PM"
"docs\Documentation\020_Operations\030_Day N Operations\020_Executing Teamcenter ITK Utilities.md","020_Executing Teamcenter ITK Utilities.md",".md","2.39","12/9/2025 1:13:35 PM"
"docs\Documentation\020_Operations\030_Day N Operations\030_Shutdown and restart workloads.md","030_Shutdown and restart workloads.md",".md","4.72","2/10/2026 11:28:46 AM"
"docs\Documentation\020_Operations\030_Day N Operations\040_Changing configuration or preferences.md","040_Changing configuration or preferences.md",".md","1.88","12/9/2025 1:13:35 PM"
"docs\Documentation\020_Operations\030_Day N Operations\050_Build AW client artifacts awbuild.md","050_Build AW client artifacts awbuild.md",".md","0.91","12/9/2025 1:13:35 PM"
"docs\Documentation\020_Operations\030_Day N Operations\080_Configure Admin License Server.md","080_Configure Admin License Server.md",".md","1.53","12/9/2025 1:13:35 PM"
"docs\Documentation\020_Operations\030_Day N Operations\090_Indexing after a data load operation.md","090_Indexing after a data load operation.md",".md","4.09","12/9/2025 1:13:35 PM"
"docs\Documentation\020_Operations\030_Day N Operations\110_Stop DC Services.md","110_Stop DC Services.md",".md","0.45","12/9/2025 1:13:35 PM"
"docs\Documentation\020_Operations\030_Day N Operations\120_Vault Credential Rotation via Ansible.md","120_Vault Credential Rotation via Ansible.md",".md","1.83","12/9/2025 1:13:35 PM"
"docs\Documentation\020_Operations\030_Day N Operations\140_Perform AD join for CyberArk connection.md","140_Perform AD join for CyberArk connection.md",".md","1.36","12/9/2025 1:13:35 PM"
"docs\Documentation\020_Operations\030_Day N Operations\150_Deactivate user.md","150_Deactivate user.md",".md","0.39","12/9/2025 1:13:35 PM"
"docs\Documentation\020_Operations\030_Day N Operations\160_Manual Istio Version Upgrade.md","160_Manual Istio Version Upgrade.md",".md","1.86","12/9/2025 1:13:35 PM"
"docs\Documentation\020_Operations\030_Day N Operations\170_Manual update of Kubernetes labels.md","170_Manual update of Kubernetes labels.md",".md","1.29","12/9/2025 1:13:35 PM"
"docs\Documentation\020_Operations\030_Day N Operations\180_Setup Classification AI.md","180_Setup Classification AI.md",".md","3.31","12/9/2025 1:13:35 PM"
"docs\Documentation\020_Operations\030_Day N Operations\190_Gitlab Access Token Rotation Operation.md","190_Gitlab Access Token Rotation Operation.md",".md","1.6","12/9/2025 1:13:35 PM"
"docs\Documentation\020_Operations\030_Day N Operations\200_SRE Onboarding operations.md","200_SRE Onboarding operations.md",".md","3.11","12/9/2025 1:13:35 PM"
"docs\Documentation\020_Operations\030_Day N Operations\210_POSTGRES_Encoding_Settings_for_tcprofilevars copy.md","210_POSTGRES_Encoding_Settings_for_tcprofilevars copy.md",".md","0.62","12/9/2025 1:13:35 PM"
"docs\Documentation\020_Operations\030_Day N Operations\230_Resize Azure NetApp Files Resources.md","230_Resize Azure NetApp Files Resources.md",".md","3.38","1/20/2026 5:40:21 PM"
"docs\Documentation\020_Operations\030_Day N Operations\236_NetApp_failover_mechanism.md","236_NetApp_failover_mechanism.md",".md","4.16","1/20/2026 5:40:21 PM"
"docs\Documentation\020_Operations\030_Day N Operations\237_NetApp_failback_mechanism.md","237_NetApp_failback_mechanism.md",".md","6.25","1/20/2026 5:40:21 PM"
"docs\Documentation\020_Operations\030_Day N Operations\240_Login to CorpServer.md","240_Login to CorpServer.md",".md","1.47","12/9/2025 1:13:35 PM"
"docs\Documentation\020_Operations\030_Day N Operations\240_Manual configurations of SQL MI.md","240_Manual configurations of SQL MI.md",".md","0.79","12/9/2025 1:13:35 PM"
"docs\Documentation\020_Operations\030_Day N Operations\250_VM Resize Operation.md","250_VM Resize Operation.md",".md","9.41","1/20/2026 5:40:21 PM"
"docs\Documentation\020_Operations\030_Day N Operations\260_Upload_latest_DC_status_in_tenant_repo.md","260_Upload_latest_DC_status_in_tenant_repo.md",".md","3.1","12/9/2025 1:13:35 PM"
"docs\Documentation\020_Operations\030_Day N Operations\270_Update Runner IPs as part of Allow List.md","270_Update Runner IPs as part of Allow List.md",".md","1.62","1/20/2026 5:40:21 PM"
"docs\Documentation\020_Operations\030_Day N Operations\675-screenshot-20250103-044034.png","675-screenshot-20250103-044034.png",".png","9.22","12/9/2025 1:13:35 PM"
"docs\Documentation\020_Operations\030_Day N Operations\676-screenshot-20250103-044034.png","676-screenshot-20250103-044034.png",".png","54.43","12/9/2025 1:13:35 PM"
"docs\Documentation\020_Operations\030_Day N Operations\dc_quick_deploy_status.png","dc_quick_deploy_status.png",".png","157.38","12/9/2025 1:13:35 PM"
"docs\Documentation\020_Operations\030_Day N Operations\image_337.png","image_337.png",".png","1.88","12/9/2025 1:13:35 PM"
"docs\Documentation\020_Operations\030_Day N Operations\image_338.png","image_338.png",".png","25.38","12/9/2025 1:13:35 PM"
"docs\Documentation\020_Operations\030_Day N Operations\image_339 copy.png","image_339 copy.png",".png","43.08","12/9/2025 1:13:35 PM"
"docs\Documentation\020_Operations\030_Day N Operations\image_339.png","image_339.png",".png","43.08","12/9/2025 1:13:35 PM"
"docs\Documentation\020_Operations\030_Day N Operations\image_340.png","image_340.png",".png","136.42","12/9/2025 1:13:35 PM"
"docs\Documentation\020_Operations\030_Day N Operations\image_341.png","image_341.png",".png","94.1","12/9/2025 1:13:35 PM"
"docs\Documentation\020_Operations\030_Day N Operations\image_342.png","image_342.png",".png","21.76","12/9/2025 1:13:35 PM"
"docs\Documentation\020_Operations\030_Day N Operations\image_343.png","image_343.png",".png","167.38","12/9/2025 1:13:35 PM"
"docs\Documentation\020_Operations\030_Day N Operations\image_344.png","image_344.png",".png","1.12","12/9/2025 1:13:35 PM"
"docs\Documentation\020_Operations\030_Day N Operations\image_345.png","image_345.png",".png","1.12","12/9/2025 1:13:35 PM"
"docs\Documentation\020_Operations\030_Day N Operations\image_351.png","image_351.png",".png","43.74","12/9/2025 1:13:35 PM"
"docs\Documentation\020_Operations\030_Day N Operations\image_352.png","image_352.png",".png","42.02","12/9/2025 1:13:35 PM"
"docs\Documentation\020_Operations\030_Day N Operations\image_353.png","image_353.png",".png","22.41","12/9/2025 1:13:35 PM"
"docs\Documentation\020_Operations\030_Day N Operations\image_354.png","image_354.png",".png","60.95","12/9/2025 1:13:35 PM"
"docs\Documentation\020_Operations\030_Day N Operations\image_355.png","image_355.png",".png","176.29","12/9/2025 1:13:35 PM"
"docs\Documentation\020_Operations\030_Day N Operations\image_356.png","image_356.png",".png","115.38","12/9/2025 1:13:35 PM"
"docs\Documentation\020_Operations\030_Day N Operations\image_357.png","image_357.png",".png","100.15","12/9/2025 1:13:35 PM"
"docs\Documentation\020_Operations\030_Day N Operations\image_358.png","image_358.png",".png","39.3","12/9/2025 1:13:35 PM"
"docs\Documentation\020_Operations\030_Day N Operations\image_359.png","image_359.png",".png","95.98","12/9/2025 1:13:35 PM"
"docs\Documentation\020_Operations\030_Day N Operations\image_363.png","image_363.png",".png","94.27","1/20/2026 5:40:21 PM"
"docs\Documentation\020_Operations\030_Day N Operations\image_364.png","image_364.png",".png","90.74","1/20/2026 5:40:21 PM"
"docs\Documentation\020_Operations\030_Day N Operations\image_365.png","image_365.png",".png","71.52","1/20/2026 5:40:21 PM"
"docs\Documentation\020_Operations\030_Day N Operations\image_366.png","image_366.png",".png","118.2","1/20/2026 5:40:21 PM"
"docs\Documentation\020_Operations\030_Day N Operations\image_367.png","image_367.png",".png","118.13","1/20/2026 5:40:21 PM"
"docs\Documentation\020_Operations\030_Day N Operations\image_372.png","image_372.png",".png","409.82","12/9/2025 1:13:35 PM"
"docs\Documentation\020_Operations\030_Day N Operations\image_373.png","image_373.png",".png","106.59","12/9/2025 1:13:35 PM"
"docs\Documentation\020_Operations\030_Day N Operations\image_374.png","image_374.png",".png","48.79","12/9/2025 1:13:35 PM"
"docs\Documentation\020_Operations\030_Day N Operations\image_375.png","image_375.png",".png","67.37","12/9/2025 1:13:35 PM"
"docs\Documentation\020_Operations\030_Day N Operations\image_380.png","image_380.png",".png","47.55","12/9/2025 1:13:35 PM"
"docs\Documentation\020_Operations\030_Day N Operations\image_400.png","image_400.png",".png","169.06","1/20/2026 5:40:21 PM"
"docs\Documentation\020_Operations\030_Day N Operations\image_401.png","image_401.png",".png","83.81","1/20/2026 5:40:21 PM"
"docs\Documentation\020_Operations\030_Day N Operations\image_407.png","image_407.png",".png","169.5","1/20/2026 5:40:21 PM"
"docs\Documentation\020_Operations\030_Day N Operations\image_408.png","image_408.png",".png","29.27","1/20/2026 5:40:21 PM"
"docs\Documentation\020_Operations\030_Day N Operations\image_409.png","image_409.png",".png","157.11","1/20/2026 5:40:21 PM"
"docs\Documentation\020_Operations\030_Day N Operations\image_410.png","image_410.png",".png","164.16","1/20/2026 5:40:21 PM"
"docs\Documentation\020_Operations\030_Day N Operations\image_413.png","image_413.png",".png","150.8","1/20/2026 5:40:21 PM"
"docs\Documentation\020_Operations\030_Day N Operations\image_414.png","image_414.png",".png","158.12","1/20/2026 5:40:21 PM"
"docs\Documentation\020_Operations\030_Day N Operations\image_415.png","image_415.png",".png","167.95","1/20/2026 5:40:21 PM"
"docs\Documentation\020_Operations\030_Day N Operations\image_416.png","image_416.png",".png","15.15","1/20/2026 5:40:21 PM"
"docs\Documentation\020_Operations\030_Day N Operations\image_417.png","image_417.png",".png","166.24","1/20/2026 5:40:21 PM"
"docs\Documentation\020_Operations\030_Day N Operations\image_418.png","image_418.png",".png","61.9","1/20/2026 5:40:21 PM"
"docs\Documentation\020_Operations\030_Day N Operations\image_423.png","image_423.png",".png","48.37","1/20/2026 5:40:21 PM"
"docs\Documentation\020_Operations\030_Day N Operations\image_424.png","image_424.png",".png","135.14","1/20/2026 5:40:21 PM"
"docs\Documentation\020_Operations\030_Day N Operations\image_425.png","image_425.png",".png","14.23","1/20/2026 5:40:21 PM"
"docs\Documentation\020_Operations\030_Day N Operations\image_426.png","image_426.png",".png","11.09","1/20/2026 5:40:21 PM"
"docs\Documentation\020_Operations\030_Day N Operations\image_427.png","image_427.png",".png","62.05","1/20/2026 5:40:21 PM"
"docs\Documentation\020_Operations\030_Day N Operations\image_428.png","image_428.png",".png","145.21","1/20/2026 5:40:21 PM"
"docs\Documentation\020_Operations\030_Day N Operations\image_429.png","image_429.png",".png","177.99","1/20/2026 5:40:21 PM"
"docs\Documentation\020_Operations\030_Day N Operations\image_430.png","image_430.png",".png","175.89","1/20/2026 5:40:21 PM"
"docs\Documentation\020_Operations\030_Day N Operations\image_431.png","image_431.png",".png","178.48","1/20/2026 5:40:21 PM"
"docs\Documentation\020_Operations\030_Day N Operations\image_432.png","image_432.png",".png","266.07","1/20/2026 5:40:21 PM"
"docs\Documentation\020_Operations\030_Day N Operations\image_433.png","image_433.png",".png","219.24","1/20/2026 5:40:21 PM"
"docs\Documentation\020_Operations\030_Day N Operations\image_434.png","image_434.png",".png","50.46","1/20/2026 5:40:21 PM"
"docs\Documentation\020_Operations\030_Day N Operations\image_435.png","image_435.png",".png","225.1","1/20/2026 5:40:21 PM"
"docs\Documentation\020_Operations\030_Day N Operations\image_436.png","image_436.png",".png","161.18","1/20/2026 5:40:21 PM"
"docs\Documentation\020_Operations\030_Day N Operations\image_437.png","image_437.png",".png","134.38","1/20/2026 5:40:21 PM"
"docs\Documentation\020_Operations\030_Day N Operations\image_438.png","image_438.png",".png","30.41","1/20/2026 5:40:21 PM"
"docs\Documentation\020_Operations\030_Day N Operations\image_439.png","image_439.png",".png","47.98","1/20/2026 5:40:21 PM"
"docs\Documentation\020_Operations\030_Day N Operations\image_440.png","image_440.png",".png","126.3","1/20/2026 5:40:21 PM"
"docs\Documentation\020_Operations\030_Day N Operations\image_441.png","image_441.png",".png","31.71","1/20/2026 5:40:21 PM"
"docs\Documentation\020_Operations\030_Day N Operations\image_442.png","image_442.png",".png","177.29","1/20/2026 5:40:21 PM"
"docs\Documentation\020_Operations\030_Day N Operations\image_445.png","image_445.png",".png","169.31","1/20/2026 5:40:21 PM"
"docs\Documentation\020_Operations\030_Day N Operations\image_446.png","image_446.png",".png","161.16","1/20/2026 5:40:21 PM"
"docs\Documentation\020_Operations\030_Day N Operations\runner-ip-error.png","runner-ip-error.png",".png","140.53","1/20/2026 5:40:21 PM"
"docs\Documentation\020_Operations\030_Day N Operations\sre_operation.png","sre_operation.png",".png","75.88","12/9/2025 1:13:35 PM"
"docs\Documentation\020_Operations\030_Day N Operations\060_LDAP configuration for users\000_Admin Users steps.md","000_Admin Users steps.md",".md","2.15","12/9/2025 1:13:35 PM"
"docs\Documentation\020_Operations\030_Day N Operations\060_LDAP configuration for users\010_Non Admin users for NON-PROD.md","010_Non Admin users for NON-PROD.md",".md","3.3","12/9/2025 1:13:35 PM"
"docs\Documentation\020_Operations\030_Day N Operations\060_LDAP configuration for users\image_341.png","image_341.png",".png","94.1","12/9/2025 1:13:35 PM"
"docs\Documentation\020_Operations\030_Day N Operations\060_LDAP configuration for users\image_342.png","image_342.png",".png","21.76","12/9/2025 1:13:35 PM"
"docs\Documentation\020_Operations\030_Day N Operations\060_LDAP configuration for users\image_343.png","image_343.png",".png","167.38","12/9/2025 1:13:35 PM"
"docs\Documentation\020_Operations\030_Day N Operations\100_Adding additional modules\000_Context.md","000_Context.md",".md","1.66","1/20/2026 5:40:21 PM"
"docs\Documentation\020_Operations\030_Day N Operations\100_Adding additional modules\020_Environment Tier Transition.md","020_Environment Tier Transition.md",".md","1.31","12/9/2025 1:13:35 PM"
"docs\Documentation\020_Operations\040_Updating-an-Existing-Deployment\.git-reviewers.json",".git-reviewers.json",".json","0.04","1/20/2026 4:55:14 PM"
"docs\Documentation\020_Operations\040_Updating-an-Existing-Deployment\000_Updating-an-Existing-Deployment.md","000_Updating-an-Existing-Deployment.md",".md","0.95","12/9/2025 1:13:35 PM"
"docs\Documentation\020_Operations\040_Updating-an-Existing-Deployment\010_Pre-requisites.md","010_Pre-requisites.md",".md","0.86","12/9/2025 1:13:35 PM"
"docs\Documentation\020_Operations\040_Updating-an-Existing-Deployment\020_Steps for Updating cTcX Environment.md","020_Steps for Updating cTcX Environment.md",".md","3.21","12/9/2025 1:13:35 PM"
"docs\Documentation\020_Operations\040_Updating-an-Existing-Deployment\030_Manual Steps to Perform After Pipeline Completion.md","030_Manual Steps to Perform After Pipeline Completion.md",".md","3.91","12/9/2025 1:13:35 PM"
"docs\Documentation\020_Operations\040_Updating-an-Existing-Deployment\image_358.png","image_358.png",".png","47.1","12/9/2025 1:13:35 PM"
"docs\Documentation\020_Operations\040_Updating-an-Existing-Deployment\image_359.png","image_359.png",".png","27.04","12/9/2025 1:13:35 PM"
"docs\Documentation\020_Operations\040_Updating-an-Existing-Deployment\image_360.png","image_360.png",".png","121.44","12/9/2025 1:13:35 PM"
"docs\Documentation\020_Operations\045_Upgrading an existing Deployment\.git-reviewers.json",".git-reviewers.json",".json","0.04","1/20/2026 4:55:14 PM"
"docs\Documentation\020_Operations\045_Upgrading an existing Deployment\000_Upgrading an existing Deployment.md","000_Upgrading an existing Deployment.md",".md","1.12","12/9/2025 1:13:35 PM"
"docs\Documentation\020_Operations\045_Upgrading an existing Deployment\030_Manual steps to be performed before pipeline starts.md","030_Manual steps to be performed before pipeline starts.md",".md","3.24","1/20/2026 5:40:21 PM"
"docs\Documentation\020_Operations\045_Upgrading an existing Deployment\040_Known deployment failures.md","040_Known deployment failures.md",".md","1.37","12/9/2025 1:13:35 PM"
"docs\Documentation\020_Operations\045_Upgrading an existing Deployment\050_Steps for Updating cTcX Environment.md","050_Steps for Updating cTcX Environment.md",".md","4.42","12/9/2025 1:13:35 PM"
"docs\Documentation\020_Operations\045_Upgrading an existing Deployment\060_Manual steps to be performed after pipeline completion.md","060_Manual steps to be performed after pipeline completion.md",".md","2.82","1/20/2026 5:40:21 PM"
"docs\Documentation\020_Operations\045_Upgrading an existing Deployment\230-screenshot-20240212-141530.png","230-screenshot-20240212-141530.png",".png","47.1","12/9/2025 1:13:35 PM"
"docs\Documentation\020_Operations\045_Upgrading an existing Deployment\231-screenshot-20240212-141530.png","231-screenshot-20240212-141530.png",".png","27.04","12/9/2025 1:13:35 PM"
"docs\Documentation\020_Operations\045_Upgrading an existing Deployment\image_379.png","image_379.png",".png","548.76","12/9/2025 1:13:35 PM"
"docs\Documentation\020_Operations\045_Upgrading an existing Deployment\image_380.png","image_380.png",".png","89.52","12/9/2025 1:13:35 PM"
"docs\Documentation\020_Operations\045_Upgrading an existing Deployment\010_Pre-requisites\000_General pre-requisites.md","000_General pre-requisites.md",".md","1.07","1/20/2026 5:40:21 PM"
"docs\Documentation\020_Operations\045_Upgrading an existing Deployment\010_Pre-requisites\010_Fixing LDAP entries in essentials 14.3 deployment.md","010_Fixing LDAP entries in essentials 14.3 deployment.md",".md","1.33","1/20/2026 5:40:21 PM"
"docs\Documentation\020_Operations\045_Upgrading an existing Deployment\010_Pre-requisites\020_Disable Deletion Protection on RDS.md","020_Disable Deletion Protection on RDS.md",".md","0.89","1/20/2026 5:40:21 PM"
"docs\Documentation\020_Operations\045_Upgrading an existing Deployment\010_Pre-requisites\030_DSS Key Rotation.md","030_DSS Key Rotation.md",".md","0.47","1/20/2026 5:40:21 PM"
"docs\Documentation\020_Operations\045_Upgrading an existing Deployment\010_Pre-requisites\040_Check DC software status.md","040_Check DC software status.md",".md","0.97","1/20/2026 5:40:21 PM"
"docs\Documentation\020_Operations\045_Upgrading an existing Deployment\010_Pre-requisites\060_Manual steps to be performed before pipeline starts.md","060_Manual steps to be performed before pipeline starts.md",".md","3.36","1/20/2026 5:40:21 PM"
"docs\Documentation\020_Operations\045_Upgrading an existing Deployment\010_Pre-requisites\image_376.png","image_376.png",".png","19.28","12/9/2025 1:13:35 PM"
"docs\Documentation\020_Operations\045_Upgrading an existing Deployment\010_Pre-requisites\image_377.png","image_377.png",".png","33.78","12/9/2025 1:13:35 PM"
"docs\Documentation\020_Operations\045_Upgrading an existing Deployment\010_Pre-requisites\image-1.png","image-1.png",".png","140.2","1/20/2026 5:40:21 PM"
"docs\Documentation\020_Operations\045_Upgrading an existing Deployment\010_Pre-requisites\image-2.png","image-2.png",".png","133.79","1/20/2026 5:40:21 PM"
"docs\Documentation\020_Operations\045_Upgrading an existing Deployment\010_Pre-requisites\image-3.png","image-3.png",".png","180.24","1/20/2026 5:40:21 PM"
"docs\Documentation\020_Operations\045_Upgrading an existing Deployment\010_Pre-requisites\image-4.png","image-4.png",".png","70.19","1/20/2026 5:40:21 PM"
"docs\Documentation\020_Operations\045_Upgrading an existing Deployment\010_Pre-requisites\image.png","image.png",".png","6.58","1/20/2026 5:40:21 PM"
"docs\Documentation\020_Operations\045_Upgrading an existing Deployment\020_Known issues and workarounds\000_Appending hostname in  etc hosts file.md","000_Appending hostname in  etc hosts file.md",".md","0.69","12/9/2025 1:13:35 PM"
"docs\Documentation\020_Operations\045_Upgrading an existing Deployment\020_Known issues and workarounds\010_Unable to create the cloud service for 'cloudvolume 094300001df99ad76330'.md","010_Unable to create the cloud service for 'cloudvolume 094300001df99ad76330'.md",".md","0.65","1/20/2026 5:40:21 PM"
"docs\Documentation\020_Operations\045_Upgrading an existing Deployment\020_Known issues and workarounds\image_377.png","image_377.png",".png","26.7","12/9/2025 1:13:35 PM"
"docs\Documentation\020_Operations\045_Upgrading an existing Deployment\020_Known issues and workarounds\image_378.png","image_378.png",".png","21.74","12/9/2025 1:13:35 PM"
"docs\Documentation\020_Operations\045_Upgrading an existing Deployment\030_Setup triad license for HA environments\000_Overview.md","000_Overview.md",".md","0.16","12/9/2025 1:13:35 PM"
"docs\Documentation\020_Operations\045_Upgrading an existing Deployment\030_Setup triad license for HA environments\010_Update Helm charts.md","010_Update Helm charts.md",".md","1.79","12/9/2025 1:13:35 PM"
"docs\Documentation\020_Operations\045_Upgrading an existing Deployment\030_Setup triad license for HA environments\020_Update license on additional instances.md","020_Update license on additional instances.md",".md","6.6","12/9/2025 1:13:35 PM"
"docs\Documentation\020_Operations\045_Upgrading an existing Deployment\030_Setup triad license for HA environments\040_Verification of triad setup.md","040_Verification of triad setup.md",".md","2.06","12/9/2025 1:13:35 PM"
"docs\Documentation\020_Operations\045_Upgrading an existing Deployment\030_Setup triad license for HA environments\050_Adding license entry in TC.md","050_Adding license entry in TC.md",".md","1.99","12/9/2025 1:13:35 PM"
"docs\Documentation\020_Operations\045_Upgrading an existing Deployment\030_Setup triad license for HA environments\060_Testing of triad license setup.md","060_Testing of triad license setup.md",".md","1.46","12/9/2025 1:13:35 PM"
"docs\Documentation\020_Operations\045_Upgrading an existing Deployment\030_Setup triad license for HA environments\070_Modifications required after upgrade completed.md","070_Modifications required after upgrade completed.md",".md","2.99","12/9/2025 1:13:35 PM"
"docs\Documentation\020_Operations\045_Upgrading an existing Deployment\030_Setup triad license for HA environments\image1.png","image1.png",".png","119.13","12/9/2025 1:13:35 PM"
"docs\Documentation\020_Operations\045_Upgrading an existing Deployment\030_Setup triad license for HA environments\image10.png","image10.png",".png","29.34","12/9/2025 1:13:35 PM"
"docs\Documentation\020_Operations\045_Upgrading an existing Deployment\030_Setup triad license for HA environments\image11.png","image11.png",".png","14.76","12/9/2025 1:13:35 PM"
"docs\Documentation\020_Operations\045_Upgrading an existing Deployment\030_Setup triad license for HA environments\image2.png","image2.png",".png","30.85","12/9/2025 1:13:35 PM"
"docs\Documentation\020_Operations\045_Upgrading an existing Deployment\030_Setup triad license for HA environments\image3.png","image3.png",".png","39.7","12/9/2025 1:13:35 PM"
"docs\Documentation\020_Operations\045_Upgrading an existing Deployment\030_Setup triad license for HA environments\image4.png","image4.png",".png","14.43","12/9/2025 1:13:35 PM"
"docs\Documentation\020_Operations\045_Upgrading an existing Deployment\030_Setup triad license for HA environments\image5.png","image5.png",".png","93.64","12/9/2025 1:13:35 PM"
"docs\Documentation\020_Operations\045_Upgrading an existing Deployment\030_Setup triad license for HA environments\image6.png","image6.png",".png","95.42","12/9/2025 1:13:35 PM"
"docs\Documentation\020_Operations\045_Upgrading an existing Deployment\030_Setup triad license for HA environments\image7.png","image7.png",".png","106.73","12/9/2025 1:13:35 PM"
"docs\Documentation\020_Operations\045_Upgrading an existing Deployment\030_Setup triad license for HA environments\image8.png","image8.png",".png","20.52","12/9/2025 1:13:35 PM"
"docs\Documentation\020_Operations\045_Upgrading an existing Deployment\030_Setup triad license for HA environments\image9.png","image9.png",".png","39.54","12/9/2025 1:13:35 PM"
"docs\Documentation\020_Operations\045_Upgrading an existing Deployment\030_Setup triad license for HA environments\005_Create extra VMs\005_AWS.md","005_AWS.md",".md","3.68","12/9/2025 1:13:35 PM"
"docs\Documentation\020_Operations\045_Upgrading an existing Deployment\030_Setup triad license for HA environments\005_Create extra VMs\006_AZURE.md","006_AZURE.md",".md","5.34","12/9/2025 1:13:35 PM"
"docs\Documentation\020_Operations\045_Upgrading an existing Deployment\030_Setup triad license for HA environments\005_Create extra VMs\image-1.png","image-1.png",".png","168.21","12/9/2025 1:13:35 PM"
"docs\Documentation\020_Operations\045_Upgrading an existing Deployment\030_Setup triad license for HA environments\005_Create extra VMs\image-10.png","image-10.png",".png","54.87","12/9/2025 1:13:35 PM"
"docs\Documentation\020_Operations\045_Upgrading an existing Deployment\030_Setup triad license for HA environments\005_Create extra VMs\image-11.png","image-11.png",".png","57.36","12/9/2025 1:13:35 PM"
"docs\Documentation\020_Operations\045_Upgrading an existing Deployment\030_Setup triad license for HA environments\005_Create extra VMs\image-12.png","image-12.png",".png","53.96","12/9/2025 1:13:35 PM"
"docs\Documentation\020_Operations\045_Upgrading an existing Deployment\030_Setup triad license for HA environments\005_Create extra VMs\image-13.png","image-13.png",".png","61.7","12/9/2025 1:13:35 PM"
"docs\Documentation\020_Operations\045_Upgrading an existing Deployment\030_Setup triad license for HA environments\005_Create extra VMs\image-14.png","image-14.png",".png","25.3","12/9/2025 1:13:35 PM"
"docs\Documentation\020_Operations\045_Upgrading an existing Deployment\030_Setup triad license for HA environments\005_Create extra VMs\image-15.png","image-15.png",".png","74.79","12/9/2025 1:13:35 PM"
"docs\Documentation\020_Operations\045_Upgrading an existing Deployment\030_Setup triad license for HA environments\005_Create extra VMs\image-2.png","image-2.png",".png","115.22","12/9/2025 1:13:35 PM"
"docs\Documentation\020_Operations\045_Upgrading an existing Deployment\030_Setup triad license for HA environments\005_Create extra VMs\image-3.png","image-3.png",".png","119.16","12/9/2025 1:13:35 PM"
"docs\Documentation\020_Operations\045_Upgrading an existing Deployment\030_Setup triad license for HA environments\005_Create extra VMs\image-4.png","image-4.png",".png","65.2","12/9/2025 1:13:35 PM"
"docs\Documentation\020_Operations\045_Upgrading an existing Deployment\030_Setup triad license for HA environments\005_Create extra VMs\image-6.png","image-6.png",".png","103.33","12/9/2025 1:13:35 PM"
"docs\Documentation\020_Operations\045_Upgrading an existing Deployment\030_Setup triad license for HA environments\005_Create extra VMs\image-7.png","image-7.png",".png","54.48","12/9/2025 1:13:35 PM"
"docs\Documentation\020_Operations\045_Upgrading an existing Deployment\030_Setup triad license for HA environments\005_Create extra VMs\image-9.png","image-9.png",".png","50.9","12/9/2025 1:13:35 PM"
"docs\Documentation\020_Operations\045_Upgrading an existing Deployment\030_Setup triad license for HA environments\005_Create extra VMs\image.png","image.png",".png","110.28","12/9/2025 1:13:35 PM"
"docs\Documentation\020_Operations\050_Password Maintenance\.git-reviewers.json",".git-reviewers.json",".json","0.04","1/20/2026 4:55:14 PM"
"docs\Documentation\020_Operations\050_Password Maintenance\000_Password Maintenance.md","000_Password Maintenance.md",".md","1.29","2/10/2026 11:28:46 AM"
"docs\Documentation\020_Operations\050_Password Maintenance\010_Annual_Rotation\010_Azure Storage Account Key Rotation.md","010_Azure Storage Account Key Rotation.md",".md","4.7","2/10/2026 11:28:46 AM"
"docs\Documentation\020_Operations\050_Password Maintenance\010_Annual_Rotation\020_Azure Root SP Key Rotation.md","020_Azure Root SP Key Rotation.md",".md","2.34","2/10/2026 11:28:46 AM"
"docs\Documentation\020_Operations\050_Password Maintenance\010_Annual_Rotation\030_Azure OIDC App Key Rotation.md","030_Azure OIDC App Key Rotation.md",".md","2.07","2/10/2026 11:28:46 AM"
"docs\Documentation\020_Operations\050_Password Maintenance\010_Annual_Rotation\040_Gitlab Access Token Rotation.md","040_Gitlab Access Token Rotation.md",".md","1.55","2/10/2026 11:28:46 AM"
"docs\Documentation\020_Operations\050_Password Maintenance\010_Annual_Rotation\image_358.png","image_358.png",".png","39.3","2/10/2026 11:28:46 AM"
"docs\Documentation\020_Operations\050_Password Maintenance\010_Annual_Rotation\image_501.png","image_501.png",".png","135.13","2/10/2026 11:28:46 AM"
"docs\Documentation\020_Operations\050_Password Maintenance\010_Annual_Rotation\image_502.png","image_502.png",".png","54.79","2/10/2026 11:28:46 AM"
"docs\Documentation\020_Operations\050_Password Maintenance\010_Annual_Rotation\image_503.png","image_503.png",".png","34.85","2/10/2026 11:28:46 AM"
"docs\Documentation\020_Operations\050_Password Maintenance\010_Annual_Rotation\image_504.png","image_504.png",".png","50.54","2/10/2026 11:28:46 AM"
"docs\Documentation\020_Operations\050_Password Maintenance\020_On_Demand_Update\010_Admin infodba Password Update.md","010_Admin infodba Password Update.md",".md","0.68","2/10/2026 11:28:46 AM"
"docs\Documentation\020_Operations\050_Password Maintenance\020_On_Demand_Update\020_DC Password Change.md","020_DC Password Change.md",".md","3.08","2/11/2026 12:27:40 PM"
"docs\Documentation\020_Operations\050_Password Maintenance\020_On_Demand_Update\030_Vault Credential Rotation.md","030_Vault Credential Rotation.md",".md","1.83","2/10/2026 11:28:46 AM"
"docs\Documentation\020_Operations\050_Password Maintenance\020_On_Demand_Update\image_361.png","image_361.png",".png","26.82","2/10/2026 11:28:46 AM"
"docs\Documentation\020_Operations\050_Password Maintenance\020_On_Demand_Update\image_362.png","image_362.png",".png","35.12","2/10/2026 11:28:46 AM"
"docs\Documentation\020_Operations\050_Password Maintenance\020_On_Demand_Update\040_Day N Password Rotation\000_Intro.md","000_Intro.md",".md","0.82","2/10/2026 11:28:46 AM"
"docs\Documentation\020_Operations\050_Password Maintenance\020_On_Demand_Update\040_Day N Password Rotation\005_Prerequisites before running password maintenance.md","005_Prerequisites before running password maintenance.md",".md","0.92","2/11/2026 12:27:40 PM"
"docs\Documentation\020_Operations\050_Password Maintenance\020_On_Demand_Update\040_Day N Password Rotation\010_Shutdown workload.md","010_Shutdown workload.md",".md","0.47","2/10/2026 11:28:46 AM"
"docs\Documentation\020_Operations\050_Password Maintenance\020_On_Demand_Update\040_Day N Password Rotation\020_Vault password update.md","020_Vault password update.md",".md","0.4","2/11/2026 12:27:41 PM"
"docs\Documentation\020_Operations\050_Password Maintenance\020_On_Demand_Update\040_Day N Password Rotation\030_Run Pipeline in Maintenance Mode to Apply Password Change.md","030_Run Pipeline in Maintenance Mode to Apply Password Change.md",".md","1.46","2/10/2026 11:28:46 AM"
"docs\Documentation\020_Operations\050_Password Maintenance\020_On_Demand_Update\040_Day N Password Rotation\040_Restart Workload.md","040_Restart Workload.md",".md","0.74","2/10/2026 11:28:46 AM"
"docs\Documentation\020_Operations\050_Password Maintenance\020_On_Demand_Update\040_Day N Password Rotation\050_Validation for rotated password.md","050_Validation for rotated password.md",".md","0.54","2/10/2026 11:28:46 AM"
"docs\Documentation\020_Operations\050_Password Maintenance\020_On_Demand_Update\040_Day N Password Rotation\image_363.png","image_363.png",".png","31.44","2/10/2026 11:28:46 AM"
"docs\Documentation\020_Operations\050_Password Maintenance\020_On_Demand_Update\040_Day N Password Rotation\image_364.png","image_364.png",".png","17.76","2/10/2026 11:28:46 AM"
"docs\Documentation\020_Operations\050_Password Maintenance\020_On_Demand_Update\040_Day N Password Rotation\image_365_new.png","image_365_new.png",".png","76.75","2/11/2026 12:27:41 PM"
"docs\Documentation\020_Operations\050_Password Maintenance\020_On_Demand_Update\040_Day N Password Rotation\image_365.png","image_365.png",".png","22.26","2/10/2026 11:28:46 AM"
"docs\Documentation\020_Operations\050_Password Maintenance\020_On_Demand_Update\040_Day N Password Rotation\image_366.png","image_366.png",".png","33.1","2/10/2026 11:28:46 AM"
"docs\Documentation\020_Operations\050_Password Maintenance\020_On_Demand_Update\040_Day N Password Rotation\image_367.png","image_367.png",".png","45.23","2/10/2026 11:28:46 AM"
"docs\Documentation\020_Operations\050_Password Maintenance\020_On_Demand_Update\040_Day N Password Rotation\image_368.png","image_368.png",".png","27.7","2/10/2026 11:28:46 AM"
"docs\Documentation\020_Operations\050_Password Maintenance\020_On_Demand_Update\040_Day N Password Rotation\image_369.png","image_369.png",".png","31.69","2/10/2026 11:28:46 AM"
"docs\Documentation\020_Operations\050_Password Maintenance\020_On_Demand_Update\040_Day N Password Rotation\image_370.png","image_370.png",".png","148.97","2/10/2026 11:28:46 AM"
"docs\Documentation\020_Operations\050_Password Maintenance\020_On_Demand_Update\040_Day N Password Rotation\image_371.png","image_371.png",".png","33.78","2/10/2026 11:28:46 AM"
"docs\Documentation\020_Operations\055_Storage_Cleanup_Operation\.git-reviewers.json",".git-reviewers.json",".json","0.04","1/20/2026 4:55:14 PM"
"docs\Documentation\020_Operations\055_Storage_Cleanup_Operation\000_cloud_storage_cleanup.md","000_cloud_storage_cleanup.md",".md","2.51","12/9/2025 1:13:35 PM"
"docs\Documentation\020_Operations\060_Environment Cleanup Teardown\.git-reviewers.json",".git-reviewers.json",".json","0.04","1/20/2026 4:55:14 PM"
"docs\Documentation\020_Operations\060_Environment Cleanup Teardown\000_Environment Cleanup Teardown.md","000_Environment Cleanup Teardown.md",".md","0.98","12/9/2025 1:13:35 PM"
"docs\Documentation\020_Operations\060_Environment Cleanup Teardown\010_Cleanup Teardown Validation\image_370.png","image_370.png",".png","67.74","12/9/2025 1:13:35 PM"
"docs\Documentation\020_Operations\060_Environment Cleanup Teardown\010_Cleanup Teardown Validation\image_371.png","image_371.png",".png","44.88","12/9/2025 1:13:35 PM"
"docs\Documentation\020_Operations\060_Environment Cleanup Teardown\010_Cleanup Teardown Validation\image_372.png","image_372.png",".png","110.78","12/9/2025 1:13:35 PM"
"docs\Documentation\020_Operations\060_Environment Cleanup Teardown\010_Cleanup Teardown Validation\000_Identify Resources\000_Identify Resources.md","000_Identify Resources.md",".md","1.34","12/9/2025 1:13:35 PM"
"docs\Documentation\020_Operations\060_Environment Cleanup Teardown\010_Cleanup Teardown Validation\000_Identify Resources\image_370.png","image_370.png",".png","67.74","12/9/2025 1:13:35 PM"
"docs\Documentation\020_Operations\060_Environment Cleanup Teardown\010_Cleanup Teardown Validation\000_Identify Resources\image_371.png","image_371.png",".png","44.88","12/9/2025 1:13:35 PM"
"docs\Documentation\020_Operations\060_Environment Cleanup Teardown\010_Cleanup Teardown Validation\000_Identify Resources\image_372.png","image_372.png",".png","110.78","12/9/2025 1:13:35 PM"
"docs\Documentation\020_Operations\060_Environment Cleanup Teardown\010_Cleanup Teardown Validation\010_Check if the ENV Namespace is Deleted from the Vault\010_Check if the ENV Namespace is Deleted from the Vault.md","010_Check if the ENV Namespace is Deleted from the Vault.md",".md","0.33","12/9/2025 1:13:35 PM"
"docs\Documentation\020_Operations\060_Environment Cleanup Teardown\010_Cleanup Teardown Validation\020_Check for the Destroy Action in Tenant Repo\020_Check for the Destroy Action in Tenant Repo.md","020_Check for the Destroy Action in Tenant Repo.md",".md","0.2","12/9/2025 1:13:35 PM"
"docs\Documentation\020_Operations\060_Environment Cleanup Teardown\020_Pre-Destroy Action in Tenant Repo\020_Pre-Destroy Action in Tenant Repo.md","020_Pre-Destroy Action in Tenant Repo.md",".md","1.81","12/9/2025 1:13:35 PM"
"docs\Documentation\020_Operations\060_Environment Cleanup Teardown\020_Pre-Destroy Action in Tenant Repo\025_Automated Pre-Destroy Action.md","025_Automated Pre-Destroy Action.md",".md","1.85","2/10/2026 11:28:46 AM"
"docs\Documentation\020_Operations\060_Environment Cleanup Teardown\020_Pre-Destroy Action in Tenant Repo\image_373.png","image_373.png",".png","60","12/9/2025 1:13:35 PM"
"docs\Documentation\020_Operations\060_Environment Cleanup Teardown\020_Pre-Destroy Action in Tenant Repo\image_374.png","image_374.png",".png","61.5","12/9/2025 1:13:35 PM"
"docs\Documentation\020_Operations\060_Environment Cleanup Teardown\020_Pre-Destroy Action in Tenant Repo\image_375.png","image_375.png",".png","61.59","12/9/2025 1:13:35 PM"
"docs\Documentation\020_Operations\060_Environment Cleanup Teardown\020_Pre-Destroy Action in Tenant Repo\image_376.png","image_376.png",".png","53.32","12/9/2025 1:13:35 PM"
"docs\Documentation\020_Operations\060_Environment Cleanup Teardown\020_Pre-Destroy Action in Tenant Repo\image_377.png","image_377.png",".png","51.08","12/9/2025 1:13:35 PM"
"docs\Documentation\020_Operations\060_Environment Cleanup Teardown\020_Pre-Destroy Action in Tenant Repo\image_378.png","image_378.png",".png","54.89","12/9/2025 1:13:35 PM"
"docs\Documentation\020_Operations\070_Automated Backup and Restore of TcX environment\.git-reviewers.json",".git-reviewers.json",".json","0.04","1/20/2026 4:55:14 PM"
"docs\Documentation\020_Operations\070_Automated Backup and Restore of TcX environment\000_Automated Backup and Restore of TcX environment.md","000_Automated Backup and Restore of TcX environment.md",".md","0","2/13/2026 12:05:56 PM"
"docs\Documentation\020_Operations\070_Automated Backup and Restore of TcX environment\010_Scope.md","010_Scope.md",".md","0.42","12/9/2025 1:13:35 PM"
"docs\Documentation\020_Operations\070_Automated Backup and Restore of TcX environment\020_Automated Backup.md","020_Automated Backup.md",".md","6.17","12/9/2025 1:13:35 PM"
"docs\Documentation\020_Operations\070_Automated Backup and Restore of TcX environment\050_ Restore TcX environment.md","050_ Restore TcX environment.md",".md","6.64","2/13/2026 12:28:15 PM"
"docs\Documentation\020_Operations\070_Automated Backup and Restore of TcX environment\060_Validate Azure Backup.md","060_Validate Azure Backup.md",".md","1.76","12/9/2025 1:13:35 PM"
"docs\Documentation\020_Operations\070_Automated Backup and Restore of TcX environment\070_1_SQLMI AdHoc Backup Introduction.md","070_1_SQLMI AdHoc Backup Introduction.md",".md","0.53","12/9/2025 1:13:35 PM"
"docs\Documentation\020_Operations\070_Automated Backup and Restore of TcX environment\070_2_SQLMI Adhoc Backup and Restore Prerequisites.md","070_2_SQLMI Adhoc Backup and Restore Prerequisites.md",".md","2.2","12/9/2025 1:13:35 PM"
"docs\Documentation\020_Operations\070_Automated Backup and Restore of TcX environment\070_3_SQLMI Adhoc Backup Steps.md","070_3_SQLMI Adhoc Backup Steps.md",".md","3.62","12/9/2025 1:13:35 PM"
"docs\Documentation\020_Operations\070_Automated Backup and Restore of TcX environment\070_4_SQLMI AdHoc Restore Steps.md","070_4_SQLMI AdHoc Restore Steps.md",".md","3.73","12/9/2025 1:13:35 PM"
"docs\Documentation\020_Operations\070_Automated Backup and Restore of TcX environment\080_Manual VM Backup.md","080_Manual VM Backup.md",".md","1.69","12/9/2025 1:13:35 PM"
"docs\Documentation\020_Operations\070_Automated Backup and Restore of TcX environment\081_Manual VM Restore.md","081_Manual VM Restore.md",".md","3.59","12/9/2025 1:13:35 PM"
"docs\Documentation\020_Operations\070_Automated Backup and Restore of TcX environment\090_Manual File Shares AdHoc Backup.md","090_Manual File Shares AdHoc Backup.md",".md","1.66","12/9/2025 1:13:35 PM"
"docs\Documentation\020_Operations\070_Automated Backup and Restore of TcX environment\091_Manual File Shares Restore.md","091_Manual File Shares Restore.md",".md","1.73","12/9/2025 1:13:35 PM"
"docs\Documentation\020_Operations\070_Automated Backup and Restore of TcX environment\image_373.png","image_373.png",".png","33.87","12/9/2025 1:13:35 PM"
"docs\Documentation\020_Operations\070_Automated Backup and Restore of TcX environment\image_374.png","image_374.png",".png","47.21","12/9/2025 1:13:35 PM"
"docs\Documentation\020_Operations\070_Automated Backup and Restore of TcX environment\image_375.png","image_375.png",".png","47.21","12/9/2025 1:13:35 PM"
"docs\Documentation\020_Operations\070_Automated Backup and Restore of TcX environment\image_376.png","image_376.png",".png","43.62","12/9/2025 1:13:35 PM"
"docs\Documentation\020_Operations\070_Automated Backup and Restore of TcX environment\image_377.png","image_377.png",".png","56.86","12/9/2025 1:13:35 PM"
"docs\Documentation\020_Operations\070_Automated Backup and Restore of TcX environment\image_378.png","image_378.png",".png","52.75","12/9/2025 1:13:35 PM"
"docs\Documentation\020_Operations\070_Automated Backup and Restore of TcX environment\image_379.png","image_379.png",".png","33.89","12/9/2025 1:13:35 PM"
"docs\Documentation\020_Operations\070_Automated Backup and Restore of TcX environment\image_380.png","image_380.png",".png","32.08","12/9/2025 1:13:35 PM"
"docs\Documentation\020_Operations\070_Automated Backup and Restore of TcX environment\image_381.png","image_381.png",".png","63.38","12/9/2025 1:13:35 PM"
"docs\Documentation\020_Operations\070_Automated Backup and Restore of TcX environment\image_382.png","image_382.png",".png","83.14","12/9/2025 1:13:35 PM"
"docs\Documentation\020_Operations\070_Automated Backup and Restore of TcX environment\image_383.png","image_383.png",".png","43.21","12/9/2025 1:13:35 PM"
"docs\Documentation\020_Operations\070_Automated Backup and Restore of TcX environment\image_384.png","image_384.png",".png","58.97","12/9/2025 1:13:35 PM"
"docs\Documentation\020_Operations\070_Automated Backup and Restore of TcX environment\image_385.png","image_385.png",".png","58.31","12/9/2025 1:13:35 PM"
"docs\Documentation\020_Operations\070_Automated Backup and Restore of TcX environment\image_386.png","image_386.png",".png","133.06","12/9/2025 1:13:35 PM"
"docs\Documentation\020_Operations\070_Automated Backup and Restore of TcX environment\image_387.png","image_387.png",".png","132.45","12/9/2025 1:13:35 PM"
"docs\Documentation\020_Operations\070_Automated Backup and Restore of TcX environment\image_388.png","image_388.png",".png","145.81","12/9/2025 1:13:35 PM"
"docs\Documentation\020_Operations\070_Automated Backup and Restore of TcX environment\image_389.png","image_389.png",".png","102.54","12/9/2025 1:13:35 PM"
"docs\Documentation\020_Operations\070_Automated Backup and Restore of TcX environment\image_391.png","image_391.png",".png","58.97","12/9/2025 1:13:35 PM"
"docs\Documentation\020_Operations\070_Automated Backup and Restore of TcX environment\image_392.png","image_392.png",".png","90.1","12/9/2025 1:13:35 PM"
"docs\Documentation\020_Operations\070_Automated Backup and Restore of TcX environment\image393.png","image393.png",".png","195.54","12/9/2025 1:13:35 PM"
"docs\Documentation\020_Operations\070_Automated Backup and Restore of TcX environment\image394.png","image394.png",".png","162.94","12/9/2025 1:13:35 PM"
"docs\Documentation\020_Operations\070_Automated Backup and Restore of TcX environment\image395.png","image395.png",".png","106.85","12/9/2025 1:13:35 PM"
"docs\Documentation\020_Operations\070_Automated Backup and Restore of TcX environment\image396.png","image396.png",".png","93.06","12/9/2025 1:13:35 PM"
"docs\Documentation\020_Operations\070_Automated Backup and Restore of TcX environment\image397.png","image397.png",".png","54.94","12/9/2025 1:13:35 PM"
"docs\Documentation\020_Operations\070_Automated Backup and Restore of TcX environment\image398.png","image398.png",".png","54.28","12/9/2025 1:13:35 PM"
"docs\Documentation\020_Operations\070_Automated Backup and Restore of TcX environment\image399.png","image399.png",".png","63.02","12/9/2025 1:13:35 PM"
"docs\Documentation\020_Operations\070_Automated Backup and Restore of TcX environment\image400.png","image400.png",".png","45.08","12/9/2025 1:13:35 PM"
"docs\Documentation\020_Operations\070_Automated Backup and Restore of TcX environment\image401.png","image401.png",".png","70.6","12/9/2025 1:13:35 PM"
"docs\Documentation\020_Operations\070_Automated Backup and Restore of TcX environment\image402.png","image402.png",".png","69.05","12/9/2025 1:13:35 PM"
"docs\Documentation\020_Operations\070_Automated Backup and Restore of TcX environment\image403.png","image403.png",".png","80.76","12/9/2025 1:13:35 PM"
"docs\Documentation\020_Operations\070_Automated Backup and Restore of TcX environment\image404.png","image404.png",".png","64.3","12/9/2025 1:13:35 PM"
"docs\Documentation\020_Operations\070_Automated Backup and Restore of TcX environment\image405.png","image405.png",".png","53.72","12/9/2025 1:13:35 PM"
"docs\Documentation\020_Operations\070_Automated Backup and Restore of TcX environment\image406.png","image406.png",".png","54.94","12/9/2025 1:13:35 PM"
"docs\Documentation\020_Operations\070_Automated Backup and Restore of TcX environment\image407.png","image407.png",".png","45.42","12/9/2025 1:13:35 PM"
"docs\Documentation\020_Operations\070_Automated Backup and Restore of TcX environment\image408.png","image408.png",".png","45.42","12/9/2025 1:13:35 PM"
"docs\Documentation\020_Operations\070_Automated Backup and Restore of TcX environment\image409.png","image409.png",".png","21.99","12/9/2025 1:13:35 PM"
"docs\Documentation\020_Operations\070_Automated Backup and Restore of TcX environment\image410.png","image410.png",".png","186.8","12/9/2025 1:13:35 PM"
"docs\Documentation\020_Operations\070_Automated Backup and Restore of TcX environment\image411.png","image411.png",".png","115.71","12/9/2025 1:13:35 PM"
"docs\Documentation\020_Operations\070_Automated Backup and Restore of TcX environment\image412.png","image412.png",".png","67.15","12/9/2025 1:13:35 PM"
"docs\Documentation\020_Operations\070_Automated Backup and Restore of TcX environment\image413.png","image413.png",".png","116.96","12/9/2025 1:13:35 PM"
"docs\Documentation\020_Operations\070_Automated Backup and Restore of TcX environment\image414.png","image414.png",".png","144.8","12/9/2025 1:13:35 PM"
"docs\Documentation\020_Operations\070_Automated Backup and Restore of TcX environment\image415.png","image415.png",".png","72.02","12/9/2025 1:13:35 PM"
"docs\Documentation\020_Operations\070_Automated Backup and Restore of TcX environment\image416.png","image416.png",".png","129.46","12/9/2025 1:13:35 PM"
"docs\Documentation\020_Operations\070_Automated Backup and Restore of TcX environment\image417.png","image417.png",".png","141.32","12/9/2025 1:13:35 PM"
"docs\Documentation\020_Operations\070_Automated Backup and Restore of TcX environment\image418.png","image418.png",".png","149.59","12/9/2025 1:13:35 PM"
"docs\Documentation\020_Operations\070_Automated Backup and Restore of TcX environment\image419.png","image419.png",".png","133.3","12/9/2025 1:13:35 PM"
"docs\Documentation\020_Operations\070_Automated Backup and Restore of TcX environment\image420.png","image420.png",".png","125.35","12/9/2025 1:13:35 PM"
"docs\Documentation\020_Operations\070_Automated Backup and Restore of TcX environment\image421.png","image421.png",".png","158.09","12/9/2025 1:13:35 PM"
"docs\Documentation\020_Operations\070_Automated Backup and Restore of TcX environment\image422.png","image422.png",".png","183.48","12/9/2025 1:13:35 PM"
"docs\Documentation\020_Operations\070_Automated Backup and Restore of TcX environment\image423.png","image423.png",".png","77.4","12/9/2025 1:13:35 PM"
"docs\Documentation\020_Operations\070_Automated Backup and Restore of TcX environment\image424.png","image424.png",".png","132.08","12/9/2025 1:13:35 PM"
"docs\Documentation\020_Operations\070_Automated Backup and Restore of TcX environment\image425.png","image425.png",".png","125.75","12/9/2025 1:13:35 PM"
"docs\Documentation\020_Operations\070_Automated Backup and Restore of TcX environment\image426.png","image426.png",".png","120.01","12/9/2025 1:13:35 PM"
"docs\Documentation\020_Operations\070_Automated Backup and Restore of TcX environment\image427.png","image427.png",".png","148.42","12/9/2025 1:13:35 PM"
"docs\Documentation\020_Operations\070_Automated Backup and Restore of TcX environment\image428.png","image428.png",".png","15.55","12/9/2025 1:13:35 PM"
"docs\Documentation\020_Operations\070_Automated Backup and Restore of TcX environment\image429.png","image429.png",".png","78.93","12/9/2025 1:13:35 PM"
"docs\Documentation\020_Operations\070_Automated Backup and Restore of TcX environment\image430.png","image430.png",".png","54.55","12/9/2025 1:13:35 PM"
"docs\Documentation\020_Operations\070_Automated Backup and Restore of TcX environment\image431.png","image431.png",".png","53.27","12/9/2025 1:13:35 PM"
"docs\Documentation\020_Operations\070_Automated Backup and Restore of TcX environment\image432.png","image432.png",".png","20.29","12/9/2025 1:13:35 PM"
"docs\Documentation\020_Operations\070_Automated Backup and Restore of TcX environment\image433.png","image433.png",".png","37.73","12/9/2025 1:13:35 PM"
"docs\Documentation\020_Operations\070_Automated Backup and Restore of TcX environment\image434.png","image434.png",".png","36.51","12/9/2025 1:13:35 PM"
"docs\Documentation\020_Operations\070_Automated Backup and Restore of TcX environment\image435.png","image435.png",".png","66.51","12/9/2025 1:13:35 PM"
"docs\Documentation\020_Operations\070_Automated Backup and Restore of TcX environment\image439.png","image439.png",".png","57.48","12/9/2025 1:13:35 PM"
"docs\Documentation\020_Operations\070_Automated Backup and Restore of TcX environment\image441.png","image441.png",".png","61.02","12/9/2025 1:13:35 PM"
"docs\Documentation\020_Operations\070_Automated Backup and Restore of TcX environment\image442.png","image442.png",".png","65.38","12/9/2025 1:13:35 PM"
"docs\Documentation\020_Operations\070_Automated Backup and Restore of TcX environment\image443.png","image443.png",".png","88.48","12/9/2025 1:13:35 PM"
"docs\Documentation\020_Operations\070_Automated Backup and Restore of TcX environment\image444.png","image444.png",".png","94.47","12/9/2025 1:13:35 PM"
"docs\Documentation\020_Operations\070_Automated Backup and Restore of TcX environment\image445.png","image445.png",".png","62.56","12/9/2025 1:13:35 PM"
"docs\Documentation\020_Operations\070_Automated Backup and Restore of TcX environment\image446.png","image446.png",".png","9.79","12/9/2025 1:13:35 PM"
"docs\Documentation\020_Operations\070_Automated Backup and Restore of TcX environment\image447.png","image447.png",".png","67.11","12/9/2025 1:13:35 PM"
"docs\Documentation\020_Operations\070_Automated Backup and Restore of TcX environment\image448.png","image448.png",".png","52.71","12/9/2025 1:13:35 PM"
"docs\Documentation\020_Operations\070_Automated Backup and Restore of TcX environment\image449.png","image449.png",".png","97.33","12/9/2025 1:13:35 PM"
"docs\Documentation\020_Operations\070_Automated Backup and Restore of TcX environment\image450.png","image450.png",".png","61.65","12/9/2025 1:13:35 PM"
"docs\Documentation\020_Operations\070_Automated Backup and Restore of TcX environment\image451.png","image451.png",".png","47.15","12/9/2025 1:13:35 PM"
"docs\Documentation\020_Operations\070_Automated Backup and Restore of TcX environment\image452.png","image452.png",".png","28.37","12/9/2025 1:13:35 PM"
"docs\Documentation\020_Operations\070_Automated Backup and Restore of TcX environment\image453.png","image453.png",".png","73.51","12/9/2025 1:13:35 PM"
"docs\Documentation\020_Operations\070_Automated Backup and Restore of TcX environment\image454.png","image454.png",".png","58.81","12/9/2025 1:13:35 PM"
"docs\Documentation\020_Operations\070_Automated Backup and Restore of TcX environment\image455.png","image455.png",".png","90.32","12/9/2025 1:13:35 PM"
"docs\Documentation\020_Operations\070_Automated Backup and Restore of TcX environment\image456.png","image456.png",".png","74.88","12/9/2025 1:13:35 PM"
"docs\Documentation\020_Operations\070_Automated Backup and Restore of TcX environment\image457.png","image457.png",".png","42.46","12/9/2025 1:13:35 PM"
"docs\Documentation\020_Operations\070_Automated Backup and Restore of TcX environment\image458.png","image458.png",".png","32.87","12/9/2025 1:13:35 PM"
"docs\Documentation\020_Operations\070_Automated Backup and Restore of TcX environment\image459.png","image459.png",".png","69.14","12/9/2025 1:13:35 PM"
"docs\Documentation\020_Operations\070_Automated Backup and Restore of TcX environment\image460.png","image460.png",".png","47.86","12/9/2025 1:13:35 PM"
"docs\Documentation\020_Operations\070_Automated Backup and Restore of TcX environment\030_Schedule Automated Backup\000_AWS\001_Schedule Automated Backup.md","001_Schedule Automated Backup.md",".md","4.55","12/9/2025 1:13:35 PM"
"docs\Documentation\020_Operations\070_Automated Backup and Restore of TcX environment\030_Schedule Automated Backup\010_Azure\011_Schedule Automated Backup.md","011_Schedule Automated Backup.md",".md","4.27","12/9/2025 1:13:35 PM"
"docs\Documentation\020_Operations\070_Automated Backup and Restore of TcX environment\040_Schedule Automated Retention\000_AWS\001_Schedule Automated Retention.md","001_Schedule Automated Retention.md",".md","4.26","12/9/2025 1:13:35 PM"
"docs\Documentation\020_Operations\070_Automated Backup and Restore of TcX environment\040_Schedule Automated Retention\010_Azure\011_Schedule Automated Retention.md","011_Schedule Automated Retention.md",".md","4.34","12/9/2025 1:13:35 PM"
"docs\Documentation\020_Operations\080_Troubleshooting\.git-reviewers.json",".git-reviewers.json",".json","0.06","1/20/2026 4:55:14 PM"
"docs\Documentation\020_Operations\080_Troubleshooting\010_Enable Diagnostic logs for tcservers.md","010_Enable Diagnostic logs for tcservers.md",".md","6.39","2/13/2026 12:28:15 PM"
"docs\Documentation\020_Operations\080_Troubleshooting\050_Deploy Utils failure due to clearlocks.md","050_Deploy Utils failure due to clearlocks.md",".md","0.46","12/9/2025 1:13:35 PM"
"docs\Documentation\020_Operations\080_Troubleshooting\051_Pipeline RPM db corruption issues.md","051_Pipeline RPM db corruption issues.md",".md","0.19","12/9/2025 1:13:35 PM"
"docs\Documentation\020_Operations\080_Troubleshooting\053_Datadog Agent Installation Failure in Pipeline.md","053_Datadog Agent Installation Failure in Pipeline.md",".md","2.5","12/9/2025 1:13:35 PM"
"docs\Documentation\020_Operations\080_Troubleshooting\055_Memory Bottlenecks in FMS with Concurrent Users.md","055_Memory Bottlenecks in FMS with Concurrent Users.md",".md","3.57","12/9/2025 1:13:35 PM"
"docs\Documentation\020_Operations\080_Troubleshooting\056_Pipeline failing at Task - No space left on device.md","056_Pipeline failing at Task - No space left on device.md",".md","4.57","12/9/2025 1:13:35 PM"
"docs\Documentation\020_Operations\080_Troubleshooting\058_Empty client_id and client_secret in Vault for Samauth.md","058_Empty client_id and client_secret in Vault for Samauth.md",".md","0.77","12/9/2025 1:13:35 PM"
"docs\Documentation\020_Operations\080_Troubleshooting\061_Utility Delay Due to Dead Processes.md","061_Utility Delay Due to Dead Processes.md",".md","1.53","12/9/2025 1:13:35 PM"
"docs\Documentation\020_Operations\080_Troubleshooting\062_Deployutils failure with import_default_rule_dat.md","062_Deployutils failure with import_default_rule_dat.md",".md","1.2","12/9/2025 1:13:35 PM"
"docs\Documentation\020_Operations\080_Troubleshooting\063_NX Foundation Fresh Deployment Error in postDatabaseUpdate.md","063_NX Foundation Fresh Deployment Error in postDatabaseUpdate.md",".md","1.49","12/9/2025 1:13:35 PM"
"docs\Documentation\020_Operations\080_Troubleshooting\064_Deployutils Fails Due to Pod Eviction.md","064_Deployutils Fails Due to Pod Eviction.md",".md","0.71","12/9/2025 1:13:35 PM"
"docs\Documentation\020_Operations\080_Troubleshooting\065_Post-Deploy Error  ldap_add ENTRY_ALREADY_EXISTS.md","065_Post-Deploy Error  ldap_add ENTRY_ALREADY_EXISTS.md",".md","0.66","12/9/2025 1:13:35 PM"
"docs\Documentation\020_Operations\080_Troubleshooting\067_Pool Manager K8s API Failure Cause Pool DB Loss.md","067_Pool Manager K8s API Failure Cause Pool DB Loss.md",".md","0.57","12/9/2025 1:13:35 PM"
"docs\Documentation\020_Operations\080_Troubleshooting\068_Manually unzip kits on windows.md","068_Manually unzip kits on windows.md",".md","0.21","12/9/2025 1:13:35 PM"
"docs\Documentation\020_Operations\080_Troubleshooting\110_Solr pod out of memory issue in Teamcenter X Essentials due to high concurrent users.md","110_Solr pod out of memory issue in Teamcenter X Essentials due to high concurrent users.md",".md","2.15","12/9/2025 1:13:35 PM"
"docs\Documentation\020_Operations\080_Troubleshooting\120_TcX Upgrade from AW6.2 to AW2412 for SSR Visualization customers.md","120_TcX Upgrade from AW6.2 to AW2412 for SSR Visualization customers.md",".md","0.51","12/9/2025 1:13:35 PM"
"docs\Documentation\020_Operations\080_Troubleshooting\130_EC2 instance failed to connect to DB in Shared VPC Database.md","130_EC2 instance failed to connect to DB in Shared VPC Database.md",".md","0.84","12/9/2025 1:13:35 PM"
"docs\Documentation\020_Operations\080_Troubleshooting\130_Modify DB parameters for performance tuning.md","130_Modify DB parameters for performance tuning.md",".md","3.66","1/20/2026 5:40:21 PM"
"docs\Documentation\020_Operations\080_Troubleshooting\150_Pipeline failing for deployDispatcher true.md","150_Pipeline failing for deployDispatcher true.md",".md","0.26","12/9/2025 1:13:35 PM"
"docs\Documentation\020_Operations\080_Troubleshooting\160_Failure launching NX Integration.md","160_Failure launching NX Integration.md",".md","0.35","12/9/2025 1:13:35 PM"
"docs\Documentation\020_Operations\080_Troubleshooting\170_How to Recover from tc-ldap pod crash in running environment.md","170_How to Recover from tc-ldap pod crash in running environment.md",".md","3.96","12/9/2025 1:13:35 PM"
"docs\Documentation\020_Operations\080_Troubleshooting\185_Post-deploy stage Failed while accessing secrets from vault.md","185_Post-deploy stage Failed while accessing secrets from vault.md",".md","0.18","12/9/2025 1:13:35 PM"
"docs\Documentation\020_Operations\080_Troubleshooting\210_Hybrid deployment with an ATDD QD fails with databaseUpdate error.md","210_Hybrid deployment with an ATDD QD fails with databaseUpdate error.md",".md","0.97","12/9/2025 1:13:35 PM"
"docs\Documentation\020_Operations\080_Troubleshooting\220_ClamAV_timeout_Settings.md","220_ClamAV_timeout_Settings.md",".md","0.66","1/20/2026 5:40:21 PM"
"docs\Documentation\020_Operations\080_Troubleshooting\230_Troubleshooting - Rich client unable to download the client cache.md","230_Troubleshooting - Rich client unable to download the client cache.md",".md","2.24","12/9/2025 1:13:35 PM"
"docs\Documentation\020_Operations\080_Troubleshooting\240_PoolManager pod runs out of memory with high concurrent users.md","240_PoolManager pod runs out of memory with high concurrent users.md",".md","2.84","12/9/2025 1:13:35 PM"
"docs\Documentation\020_Operations\080_Troubleshooting\250_Pipeline failing on lnx64 with error dd_agent_systemd.status.SubState not running.md","250_Pipeline failing on lnx64 with error dd_agent_systemd.status.SubState not running.md",".md","0.41","12/9/2025 1:13:35 PM"
"docs\Documentation\020_Operations\080_Troubleshooting\260_Post deploy fails with 404 or 502.md","260_Post deploy fails with 404 or 502.md",".md","0.64","12/9/2025 1:13:35 PM"
"docs\Documentation\020_Operations\080_Troubleshooting\260_Restart deployutils if post deploy fails.md","260_Restart deployutils if post deploy fails.md",".md","2.16","12/9/2025 1:13:35 PM"
"docs\Documentation\020_Operations\080_Troubleshooting\270_Fsx Restore Pipeline Failures.md","270_Fsx Restore Pipeline Failures.md",".md","3.91","12/9/2025 1:13:35 PM"
"docs\Documentation\020_Operations\080_Troubleshooting\280_EFS_Throughput_Issues_for_Large_File_Upload.md","280_EFS_Throughput_Issues_for_Large_File_Upload.md",".md","1.19","1/20/2026 5:40:21 PM"
"docs\Documentation\020_Operations\080_Troubleshooting\280_Permission Denied Async Jobs Tracking File.md","280_Permission Denied Async Jobs Tracking File.md",".md","0.71","12/9/2025 1:13:35 PM"
"docs\Documentation\020_Operations\080_Troubleshooting\290_Disabling FMS Virus Scan.md","290_Disabling FMS Virus Scan.md",".md","0.97","12/9/2025 1:13:35 PM"
"docs\Documentation\020_Operations\080_Troubleshooting\300_FSC Virus Scanner.md","300_FSC Virus Scanner.md",".md","3.14","12/9/2025 1:13:35 PM"
"docs\Documentation\020_Operations\080_Troubleshooting\301_Gitlab Runner IP is NOT allowed.md","301_Gitlab Runner IP is NOT allowed.md",".md","0.41","1/20/2026 5:40:21 PM"
"docs\Documentation\020_Operations\080_Troubleshooting\image_346.png","image_346.png",".png","56.3","1/20/2026 5:40:21 PM"
"docs\Documentation\020_Operations\080_Troubleshooting\image_347.png","image_347.png",".png","87.38","1/20/2026 5:40:21 PM"
"docs\Documentation\020_Operations\080_Troubleshooting\image_348.png","image_348.png",".png","73.73","1/20/2026 5:40:21 PM"
"docs\Documentation\020_Operations\080_Troubleshooting\image_349.png","image_349.png",".png","35.6","1/20/2026 5:40:21 PM"
"docs\Documentation\020_Operations\080_Troubleshooting\image_350.png","image_350.png",".png","93.13","1/20/2026 5:40:21 PM"
"docs\Documentation\020_Operations\080_Troubleshooting\image_382.png","image_382.png",".png","65.73","12/9/2025 1:13:35 PM"
"docs\Documentation\020_Operations\080_Troubleshooting\image_383.png","image_383.png",".png","217.03","12/9/2025 1:13:35 PM"
"docs\Documentation\020_Operations\080_Troubleshooting\image_384.png","image_384.png",".png","212.07","12/9/2025 1:13:35 PM"
"docs\Documentation\020_Operations\080_Troubleshooting\image_385.png","image_385.png",".png","16.99","12/9/2025 1:13:35 PM"
"docs\Documentation\020_Operations\080_Troubleshooting\image_386.png","image_386.png",".png","39.96","12/9/2025 1:13:35 PM"
"docs\Documentation\020_Operations\080_Troubleshooting\image_387.png","image_387.png",".png","53.52","12/9/2025 1:13:35 PM"
"docs\Documentation\020_Operations\080_Troubleshooting\image_388.png","image_388.png",".png","84.53","12/9/2025 1:13:35 PM"
"docs\Documentation\020_Operations\080_Troubleshooting\image_389.png","image_389.png",".png","123.09","12/9/2025 1:13:35 PM"
"docs\Documentation\020_Operations\080_Troubleshooting\image_390.png","image_390.png",".png","28.92","12/9/2025 1:13:35 PM"
"docs\Documentation\020_Operations\080_Troubleshooting\image_391.png","image_391.png",".png","62.49","12/9/2025 1:13:35 PM"
"docs\Documentation\020_Operations\080_Troubleshooting\image_392.png","image_392.png",".png","79.12","12/9/2025 1:13:35 PM"
"docs\Documentation\020_Operations\080_Troubleshooting\image_394.png","image_394.png",".png","180.86","12/9/2025 1:13:35 PM"
"docs\Documentation\020_Operations\080_Troubleshooting\image_395.png","image_395.png",".png","202.53","12/9/2025 1:13:35 PM"
"docs\Documentation\020_Operations\080_Troubleshooting\image_396.png","image_396.png",".png","172.59","12/9/2025 1:13:35 PM"
"docs\Documentation\020_Operations\080_Troubleshooting\image_400.png","image_400.png",".png","81.93","12/9/2025 1:13:35 PM"
"docs\Documentation\020_Operations\080_Troubleshooting\image_401.png","image_401.png",".png","62.29","12/9/2025 1:13:35 PM"
"docs\Documentation\020_Operations\080_Troubleshooting\image_402.png","image_402.png",".png","390.73","12/9/2025 1:13:35 PM"
"docs\Documentation\020_Operations\080_Troubleshooting\image_403.png","image_403.png",".png","186.86","12/9/2025 1:13:35 PM"
"docs\Documentation\020_Operations\080_Troubleshooting\image_404.png","image_404.png",".png","189.51","12/9/2025 1:13:35 PM"
"docs\Documentation\020_Operations\080_Troubleshooting\image_406.png","image_406.png",".png","105.59","12/9/2025 1:13:35 PM"
"docs\Documentation\020_Operations\080_Troubleshooting\image_409.png","image_409.png",".png","58.08","12/9/2025 1:13:35 PM"
"docs\Documentation\020_Operations\080_Troubleshooting\image_410.png","image_410.png",".png","16.36","12/9/2025 1:13:35 PM"
"docs\Documentation\020_Operations\080_Troubleshooting\image_411.png","image_411.png",".png","149.67","12/9/2025 1:13:35 PM"
"docs\Documentation\020_Operations\080_Troubleshooting\image_412.png","image_412.png",".png","148.63","12/9/2025 1:13:35 PM"
"docs\Documentation\020_Operations\080_Troubleshooting\image_413.png","image_413.png",".png","155.02","12/9/2025 1:13:35 PM"
"docs\Documentation\020_Operations\080_Troubleshooting\image_414.png","image_414.png",".png","219.82","12/9/2025 1:13:35 PM"
"docs\Documentation\020_Operations\080_Troubleshooting\image_415.png","image_415.png",".png","48.13","12/9/2025 1:13:35 PM"
"docs\Documentation\020_Operations\080_Troubleshooting\image_416.png","image_416.png",".png","10.51","12/9/2025 1:13:35 PM"
"docs\Documentation\020_Operations\080_Troubleshooting\image_417.png","image_417.png",".png","22.54","12/9/2025 1:13:35 PM"
"docs\Documentation\020_Operations\080_Troubleshooting\image_418_1.png","image_418_1.png",".png","22.54","12/9/2025 1:13:35 PM"
"docs\Documentation\020_Operations\080_Troubleshooting\image_418.png","image_418.png",".png","5.83","12/9/2025 1:13:35 PM"
"docs\Documentation\020_Operations\080_Troubleshooting\image_419.png","image_419.png",".png","65.3","12/9/2025 1:13:35 PM"
"docs\Documentation\020_Operations\080_Troubleshooting\image_420.png","image_420.png",".png","20.55","12/9/2025 1:13:35 PM"
"docs\Documentation\020_Operations\080_Troubleshooting\image_421.png","image_421.png",".png","53.24","12/9/2025 1:13:35 PM"
"docs\Documentation\020_Operations\080_Troubleshooting\image_422.png","image_422.png",".png","33.13","12/9/2025 1:13:35 PM"
"docs\Documentation\020_Operations\080_Troubleshooting\image_423.png","image_423.png",".png","26.05","12/9/2025 1:13:35 PM"
"docs\Documentation\020_Operations\080_Troubleshooting\image_424.png","image_424.png",".png","67.18","12/9/2025 1:13:35 PM"
"docs\Documentation\020_Operations\080_Troubleshooting\image_425.png","image_425.png",".png","75.81","12/9/2025 1:13:35 PM"
"docs\Documentation\020_Operations\080_Troubleshooting\image_426.png","image_426.png",".png","68.76","12/9/2025 1:13:35 PM"
"docs\Documentation\020_Operations\080_Troubleshooting\image_427.png","image_427.png",".png","42.75","12/9/2025 1:13:35 PM"
"docs\Documentation\020_Operations\080_Troubleshooting\image_428.png","image_428.png",".png","11.98","12/9/2025 1:13:35 PM"
"docs\Documentation\020_Operations\080_Troubleshooting\image_429.png","image_429.png",".png","198.26","12/9/2025 1:13:35 PM"
"docs\Documentation\020_Operations\080_Troubleshooting\image_430.png","image_430.png",".png","34.25","12/9/2025 1:13:35 PM"
"docs\Documentation\020_Operations\080_Troubleshooting\image_431.png","image_431.png",".png","49.47","12/9/2025 1:13:35 PM"
"docs\Documentation\020_Operations\080_Troubleshooting\image_434.png","image_434.png",".png","76.64","12/9/2025 1:13:35 PM"
"docs\Documentation\020_Operations\080_Troubleshooting\image_435.png","image_435.png",".png","87.04","12/9/2025 1:13:35 PM"
"docs\Documentation\020_Operations\080_Troubleshooting\image_450.png","image_450.png",".png","105.66","12/9/2025 1:13:35 PM"
"docs\Documentation\020_Operations\080_Troubleshooting\image_451.png","image_451.png",".png","14.45","12/9/2025 1:13:35 PM"
"docs\Documentation\020_Operations\080_Troubleshooting\image_452.png","image_452.png",".png","71.56","12/9/2025 1:13:35 PM"
"docs\Documentation\020_Operations\080_Troubleshooting\image_493.png","image_493.png",".png","83.36","12/9/2025 1:13:35 PM"
"docs\Documentation\020_Operations\080_Troubleshooting\image_delete_azure_vm.png","image_delete_azure_vm.png",".png","150.76","12/9/2025 1:13:35 PM"
"docs\Documentation\020_Operations\080_Troubleshooting\image_post_deploy_404.png","image_post_deploy_404.png",".png","87.46","12/9/2025 1:13:35 PM"
"docs\Documentation\020_Operations\080_Troubleshooting\image_vm_free_unallocated_space.png","image_vm_free_unallocated_space.png",".png","79.28","12/9/2025 1:13:35 PM"
"docs\Documentation\020_Operations\080_Troubleshooting\image_vm_increase_root_volume.png","image_vm_increase_root_volume.png",".png","134.49","12/9/2025 1:13:35 PM"
"docs\Documentation\020_Operations\080_Troubleshooting\image-1.png","image-1.png",".png","182.46","12/9/2025 1:13:35 PM"
"docs\Documentation\020_Operations\080_Troubleshooting\image-10.png","image-10.png",".png","148.65","1/20/2026 5:40:21 PM"
"docs\Documentation\020_Operations\080_Troubleshooting\image-2.png","image-2.png",".png","191.75","12/9/2025 1:13:35 PM"
"docs\Documentation\020_Operations\080_Troubleshooting\image-3.png","image-3.png",".png","162.11","12/9/2025 1:13:35 PM"
"docs\Documentation\020_Operations\080_Troubleshooting\image-4.png","image-4.png",".png","180.19","12/9/2025 1:13:35 PM"
"docs\Documentation\020_Operations\080_Troubleshooting\image-5.png","image-5.png",".png","182.49","12/9/2025 1:13:35 PM"
"docs\Documentation\020_Operations\080_Troubleshooting\image-6.png","image-6.png",".png","162.11","12/9/2025 1:13:35 PM"
"docs\Documentation\020_Operations\080_Troubleshooting\image-7.png","image-7.png",".png","179.72","12/9/2025 1:13:35 PM"
"docs\Documentation\020_Operations\080_Troubleshooting\image-8.png","image-8.png",".png","181.42","12/9/2025 1:13:35 PM"
"docs\Documentation\020_Operations\080_Troubleshooting\image-9.png","image-9.png",".png","14.33","12/9/2025 1:13:35 PM"
"docs\Documentation\020_Operations\080_Troubleshooting\image.png","image.png",".png","380.19","12/9/2025 1:13:35 PM"
"docs\Documentation\020_Operations\080_Troubleshooting\image001_fsx_search.PNG","image001_fsx_search.PNG",".PNG","171.35","12/9/2025 1:13:35 PM"
"docs\Documentation\020_Operations\080_Troubleshooting\image002_fsx_select_file_system.PNG","image002_fsx_select_file_system.PNG",".PNG","113.77","12/9/2025 1:13:35 PM"
"docs\Documentation\020_Operations\080_Troubleshooting\image003_fsx_select_volumePNG.PNG","image003_fsx_select_volumePNG.PNG",".PNG","137.23","12/9/2025 1:13:35 PM"
"docs\Documentation\020_Operations\080_Troubleshooting\image004_fsx_delete_volume.PNG","image004_fsx_delete_volume.PNG",".PNG","249.86","12/9/2025 1:13:35 PM"
"docs\Documentation\020_Operations\080_Troubleshooting\image005_fsx_delete_volume_cnf_no_bk.PNG","image005_fsx_delete_volume_cnf_no_bk.PNG",".PNG","231.45","12/9/2025 1:13:35 PM"
"docs\Documentation\020_Operations\080_Troubleshooting\image006_fsx_create_volume.PNG","image006_fsx_create_volume.PNG",".PNG","221.04","12/9/2025 1:13:35 PM"
"docs\Documentation\020_Operations\080_Troubleshooting\image008_fsx_cloudwatch.png","image008_fsx_cloudwatch.png",".png","158.66","12/9/2025 1:13:35 PM"
"docs\Documentation\020_Operations\080_Troubleshooting\image009_fsx_detailed_matrics.png","image009_fsx_detailed_matrics.png",".png","47.48","12/9/2025 1:13:35 PM"
"docs\Documentation\020_Operations\080_Troubleshooting\image010_fsx_search_filesystem.png","image010_fsx_search_filesystem.png",".png","69.44","12/9/2025 1:13:35 PM"
"docs\Documentation\020_Operations\080_Troubleshooting\image011_fsx_select_metrics.png","image011_fsx_select_metrics.png",".png","175.28","12/9/2025 1:13:35 PM"
"docs\Documentation\020_Operations\080_Troubleshooting\image012_fsx_graphed_metrics.png","image012_fsx_graphed_metrics.png",".png","92.46","12/9/2025 1:13:35 PM"
"docs\Documentation\020_Operations\080_Troubleshooting\000_AZURE\081_Cell_creation\293_manage-bootstrap-rg_failed.md","293_manage-bootstrap-rg_failed.md",".md","1.37","12/9/2025 1:13:35 PM"
"docs\Documentation\020_Operations\080_Troubleshooting\000_AZURE\081_Cell_creation\image_495.png","image_495.png",".png","74.79","12/9/2025 1:13:35 PM"
"docs\Documentation\020_Operations\080_Troubleshooting\000_AZURE\081_Cell_creation\image_500.png","image_500.png",".png","56.96","12/9/2025 1:13:35 PM"
"docs\Documentation\020_Operations\080_Troubleshooting\000_AZURE\081_Tenant_create\292_Backup Instance In Protection Error.md","292_Backup Instance In Protection Error.md",".md","2.46","12/9/2025 1:13:35 PM"
"docs\Documentation\020_Operations\080_Troubleshooting\000_AZURE\081_Tenant_create\293_invalid-client-secret-error.md","293_invalid-client-secret-error.md",".md","0.31","12/9/2025 1:13:35 PM"
"docs\Documentation\020_Operations\080_Troubleshooting\000_AZURE\081_Tenant_create\image_453.png","image_453.png",".png","160.07","12/9/2025 1:13:35 PM"
"docs\Documentation\020_Operations\080_Troubleshooting\000_AZURE\081_Tenant_create\image_454.png","image_454.png",".png","104.29","12/9/2025 1:13:35 PM"
"docs\Documentation\020_Operations\080_Troubleshooting\000_AZURE\081_Tenant_create\image_455.png","image_455.png",".png","160.22","12/9/2025 1:13:35 PM"
"docs\Documentation\020_Operations\080_Troubleshooting\000_AZURE\081_Tenant_create\image_456.png","image_456.png",".png","130.3","12/9/2025 1:13:35 PM"
"docs\Documentation\020_Operations\080_Troubleshooting\000_AZURE\081_Tenant_create\image_457.png","image_457.png",".png","193.73","12/9/2025 1:13:35 PM"
"docs\Documentation\020_Operations\080_Troubleshooting\000_AZURE\081_Tenant_create\image_458.png","image_458.png",".png","103.97","12/9/2025 1:13:35 PM"
"docs\Documentation\020_Operations\080_Troubleshooting\000_AZURE\081_Tenant_create\image_459.png","image_459.png",".png","195.14","12/9/2025 1:13:35 PM"
"docs\Documentation\020_Operations\080_Troubleshooting\000_AZURE\081_Tenant_create\image_460.png","image_460.png",".png","196.57","12/9/2025 1:13:35 PM"
"docs\Documentation\020_Operations\080_Troubleshooting\000_AZURE\081_Tenant_create\image_461.png","image_461.png",".png","49.42","12/9/2025 1:13:35 PM"
"docs\Documentation\020_Operations\080_Troubleshooting\000_AZURE\081_Tenant_create\image_462.png","image_462.png",".png","160.31","12/9/2025 1:13:35 PM"
"docs\Documentation\020_Operations\080_Troubleshooting\000_AZURE\081_Tenant_create\image_501.png","image_501.png",".png","48.7","12/9/2025 1:13:35 PM"
"docs\Documentation\020_Operations\080_Troubleshooting\000_AZURE\081_Tenant_create\image_502.png","image_502.png",".png","47.11","12/9/2025 1:13:35 PM"
"docs\Documentation\020_Operations\080_Troubleshooting\000_AZURE\082_Build_infra_stage\183_Build stage Failed due to ForbiddenByRbac.md","183_Build stage Failed due to ForbiddenByRbac.md",".md","0.39","12/9/2025 1:13:35 PM"
"docs\Documentation\020_Operations\080_Troubleshooting\000_AZURE\082_Build_infra_stage\220_Azure_pipeline fails in the build-infra stage while formatting disk.md","220_Azure_pipeline fails in the build-infra stage while formatting disk.md",".md","0.28","12/9/2025 1:13:35 PM"
"docs\Documentation\020_Operations\080_Troubleshooting\000_AZURE\082_Build_infra_stage\269_Build-infra failed vault connectivity issue.md","269_Build-infra failed vault connectivity issue.md",".md","0.25","12/9/2025 1:13:35 PM"
"docs\Documentation\020_Operations\080_Troubleshooting\000_AZURE\082_Build_infra_stage\270_Build-infra failed sqlmi already exist.md","270_Build-infra failed sqlmi already exist.md",".md","1.03","12/9/2025 1:13:35 PM"
"docs\Documentation\020_Operations\080_Troubleshooting\000_AZURE\082_Build_infra_stage\271_Build-infra failed with Virtual Network Peering Error.md","271_Build-infra failed with Virtual Network Peering Error.md",".md","0.65","12/9/2025 1:13:35 PM"
"docs\Documentation\020_Operations\080_Troubleshooting\000_AZURE\082_Build_infra_stage\272_Build-infra failed with resource already exists.md","272_Build-infra failed with resource already exists.md",".md","1.54","12/9/2025 1:13:35 PM"
"docs\Documentation\020_Operations\080_Troubleshooting\000_AZURE\082_Build_infra_stage\294_Generic_Inconsistent_Pipeline_Issues.md","294_Generic_Inconsistent_Pipeline_Issues.md",".md","4.26","2/10/2026 11:28:46 AM"
"docs\Documentation\020_Operations\080_Troubleshooting\000_AZURE\082_Build_infra_stage\image_11.png","image_11.png",".png","115.47","12/9/2025 1:13:35 PM"
"docs\Documentation\020_Operations\080_Troubleshooting\000_AZURE\082_Build_infra_stage\image_12.png","image_12.png",".png","47.3","12/9/2025 1:13:35 PM"
"docs\Documentation\020_Operations\080_Troubleshooting\000_AZURE\082_Build_infra_stage\image_405.png","image_405.png",".png","87.71","12/9/2025 1:13:35 PM"
"docs\Documentation\020_Operations\080_Troubleshooting\000_AZURE\082_Build_infra_stage\image_440.png","image_440.png",".png","251.16","12/9/2025 1:13:35 PM"
"docs\Documentation\020_Operations\080_Troubleshooting\000_AZURE\082_Build_infra_stage\image_441.png","image_441.png",".png","89.18","12/9/2025 1:13:35 PM"
"docs\Documentation\020_Operations\080_Troubleshooting\000_AZURE\082_Build_infra_stage\image_442.png","image_442.png",".png","78.71","12/9/2025 1:13:35 PM"
"docs\Documentation\020_Operations\080_Troubleshooting\000_AZURE\082_Build_infra_stage\image_443.png","image_443.png",".png","243.37","12/9/2025 1:13:35 PM"
"docs\Documentation\020_Operations\080_Troubleshooting\000_AZURE\082_Build_infra_stage\image_444.png","image_444.png",".png","74.66","12/9/2025 1:13:35 PM"
"docs\Documentation\020_Operations\080_Troubleshooting\000_AZURE\082_Build_infra_stage\image_445.png","image_445.png",".png","86.12","12/9/2025 1:13:35 PM"
"docs\Documentation\020_Operations\080_Troubleshooting\000_AZURE\082_Build_infra_stage\image_446.png","image_446.png",".png","69.7","12/9/2025 1:13:35 PM"
"docs\Documentation\020_Operations\080_Troubleshooting\000_AZURE\082_Build_infra_stage\image_azure_disk_mount.png","image_azure_disk_mount.png",".png","62.06","12/9/2025 1:13:35 PM"
"docs\Documentation\020_Operations\080_Troubleshooting\000_AZURE\082_Build_infra_stage\image_azure_sqlmi_already_exist.png","image_azure_sqlmi_already_exist.png",".png","65.33","12/9/2025 1:13:35 PM"
"docs\Documentation\020_Operations\080_Troubleshooting\000_AZURE\082_Build_infra_stage\image_peering_disconnected.png","image_peering_disconnected.png",".png","60.93","12/9/2025 1:13:35 PM"
"docs\Documentation\020_Operations\080_Troubleshooting\000_AZURE\082_Build_infra_stage\image_sqlmi_delete.png","image_sqlmi_delete.png",".png","84.74","12/9/2025 1:13:35 PM"
"docs\Documentation\020_Operations\080_Troubleshooting\000_AZURE\082_Build_infra_stage\image-10.png","image-10.png",".png","252.08","12/9/2025 1:13:35 PM"
"docs\Documentation\020_Operations\080_Troubleshooting\000_AZURE\082_Build_infra_stage\image-11.png","image-11.png",".png","74.84","12/9/2025 1:13:35 PM"
"docs\Documentation\020_Operations\080_Troubleshooting\000_AZURE\082_Build_infra_stage\image-12.png","image-12.png",".png","119.26","12/9/2025 1:13:35 PM"
"docs\Documentation\020_Operations\080_Troubleshooting\000_AZURE\082_Build_infra_stage\image-13.png","image-13.png",".png","94.24","12/9/2025 1:13:35 PM"
"docs\Documentation\020_Operations\080_Troubleshooting\000_AZURE\082_Build_infra_stage\image-14.png","image-14.png",".png","65.48","12/9/2025 1:13:35 PM"
"docs\Documentation\020_Operations\080_Troubleshooting\000_AZURE\082_Build_infra_stage\image-15.png","image-15.png",".png","35.87","12/9/2025 1:13:35 PM"
"docs\Documentation\020_Operations\080_Troubleshooting\000_AZURE\083_Destroy\200_Destroy stage failing due to build-infra stage failure during apply-terraform in previous run.md","200_Destroy stage failing due to build-infra stage failure during apply-terraform in previous run.md",".md","1.52","12/9/2025 1:13:35 PM"
"docs\Documentation\020_Operations\080_Troubleshooting\000_AZURE\083_Destroy\291_Tenant Destroy fails with NetworkIntentPolicy.md","291_Tenant Destroy fails with NetworkIntentPolicy.md",".md","0.9","12/9/2025 1:13:35 PM"
"docs\Documentation\020_Operations\080_Troubleshooting\000_AZURE\083_Destroy\292_Issue while deleting the Restore Point Collection.md","292_Issue while deleting the Restore Point Collection.md",".md","5.88","1/20/2026 5:40:21 PM"
"docs\Documentation\020_Operations\080_Troubleshooting\000_AZURE\083_Destroy\293_Error Deleting Disk Encryption Set.md","293_Error Deleting Disk Encryption Set.md",".md","0.79","1/20/2026 5:40:21 PM"
"docs\Documentation\020_Operations\080_Troubleshooting\000_AZURE\083_Destroy\image_407.png","image_407.png",".png","80.72","12/9/2025 1:13:35 PM"
"docs\Documentation\020_Operations\080_Troubleshooting\000_AZURE\083_Destroy\image_408.png","image_408.png",".png","72.27","12/9/2025 1:13:35 PM"
"docs\Documentation\020_Operations\080_Troubleshooting\000_AZURE\083_Destroy\image_432.png","image_432.png",".png","65.21","12/9/2025 1:13:35 PM"
"docs\Documentation\020_Operations\080_Troubleshooting\000_AZURE\083_Destroy\image_433.png","image_433.png",".png","79.55","12/9/2025 1:13:35 PM"
"docs\Documentation\020_Operations\080_Troubleshooting\000_AZURE\083_Destroy\image_448.png","image_448.png",".png","107.88","12/9/2025 1:13:35 PM"
"docs\Documentation\020_Operations\080_Troubleshooting\000_AZURE\083_Destroy\image_449.png","image_449.png",".png","220.16","12/9/2025 1:13:35 PM"
"docs\Documentation\020_Operations\080_Troubleshooting\000_AZURE\083_Destroy\image_551.png","image_551.png",".png","162.2","1/20/2026 5:40:21 PM"
"docs\Documentation\020_Operations\080_Troubleshooting\000_AZURE\083_Destroy\image_552.png","image_552.png",".png","86.84","1/20/2026 5:40:21 PM"
"docs\Documentation\020_Operations\080_Troubleshooting\000_AZURE\083_Destroy\image_553.png","image_553.png",".png","5.95","1/20/2026 5:40:21 PM"
"docs\Documentation\020_Operations\080_Troubleshooting\000_AZURE\083_Destroy\image_554.png","image_554.png",".png","38.02","1/20/2026 5:40:21 PM"
"docs\Documentation\020_Operations\080_Troubleshooting\000_AZURE\083_Destroy\image_555.png","image_555.png",".png","113.15","1/20/2026 5:40:21 PM"
"docs\Documentation\020_Operations\080_Troubleshooting\000_AZURE\083_Destroy\image_556.png","image_556.png",".png","136.21","1/20/2026 5:40:21 PM"
"docs\Documentation\020_Operations\080_Troubleshooting\000_AZURE\083_Destroy\image_557.png","image_557.png",".png","153.39","1/20/2026 5:40:21 PM"
"docs\Documentation\020_Operations\080_Troubleshooting\000_AZURE\083_Destroy\image_558.png","image_558.png",".png","111.05","1/20/2026 5:40:21 PM"
"docs\Documentation\020_Operations\080_Troubleshooting\000_AZURE\083_Destroy\image_559.png","image_559.png",".png","190.23","1/20/2026 5:40:21 PM"
"docs\Documentation\020_Operations\080_Troubleshooting\000_AZURE\083_Destroy\image_560.png","image_560.png",".png","106.72","1/20/2026 5:40:21 PM"
"docs\Documentation\020_Operations\080_Troubleshooting\000_AZURE\084_Post-deploy\261_Post deploy fails with 503.md","261_Post deploy fails with 503.md",".md","1.82","12/9/2025 1:13:35 PM"
"docs\Documentation\020_Operations\080_Troubleshooting\000_AZURE\084_Post-deploy\261_Post deploy fails with timeout.md","261_Post deploy fails with timeout.md",".md","1.83","12/9/2025 1:13:35 PM"
"docs\Documentation\020_Operations\080_Troubleshooting\000_AZURE\084_Post-deploy\262_Post deploy fails with connection timeout during banner exchange.md","262_Post deploy fails with connection timeout during banner exchange.md",".md","1.4","12/9/2025 1:13:35 PM"
"docs\Documentation\020_Operations\080_Troubleshooting\000_AZURE\084_Post-deploy\image_447.png","image_447.png",".png","179.86","12/9/2025 1:13:35 PM"
"docs\Documentation\020_Operations\080_Troubleshooting\000_AZURE\084_Post-deploy\image_448.png","image_448.png",".png","64.47","12/9/2025 1:13:35 PM"
"docs\Documentation\020_Operations\080_Troubleshooting\000_AZURE\084_Post-deploy\image_449.png","image_449.png",".png","127.46","12/9/2025 1:13:35 PM"
"docs\Documentation\020_Operations\080_Troubleshooting\000_AZURE\084_Post-deploy\image_450.png","image_450.png",".png","23.65","12/9/2025 1:13:35 PM"
"docs\Documentation\020_Operations\080_Troubleshooting\000_AZURE\084_Post-deploy\image.png","image.png",".png","133.05","12/9/2025 1:13:35 PM"
"docs\Documentation\020_Operations\090_Optional Product Integrations\.git-reviewers.json",".git-reviewers.json",".json","0.03","12/9/2025 1:13:35 PM"
"docs\Documentation\020_Operations\090_Optional Product Integrations\000_Optional Product Integrations.md","000_Optional Product Integrations.md",".md","0.3","12/9/2025 1:13:35 PM"
"docs\Documentation\020_Operations\090_Optional Product Integrations\020_Configure For SolidEdge X Support.md","020_Configure For SolidEdge X Support.md",".md","1.38","12/9/2025 1:13:35 PM"
"docs\Documentation\020_Operations\090_Optional Product Integrations\030_Configure SolidWorks or SolidWorks Enterprise Integration.md","030_Configure SolidWorks or SolidWorks Enterprise Integration.md",".md","1.26","12/9/2025 1:13:35 PM"
"docs\Documentation\020_Operations\090_Optional Product Integrations\image_412.png","image_412.png",".png","43.68","12/9/2025 1:13:35 PM"
"docs\Documentation\020_Operations\090_Optional Product Integrations\image_413.png","image_413.png",".png","70.09","12/9/2025 1:13:35 PM"
"docs\Documentation\020_Operations\090_Optional Product Integrations\image_414.png","image_414.png",".png","26.23","12/9/2025 1:13:35 PM"
"docs\Documentation\020_Operations\090_Optional Product Integrations\image_415.png","image_415.png",".png","45.64","12/9/2025 1:13:35 PM"
"docs\Documentation\020_Operations\090_Optional Product Integrations\image_416.png","image_416.png",".png","25.73","12/9/2025 1:13:35 PM"
"docs\Documentation\020_Operations\090_Optional Product Integrations\image_417.png","image_417.png",".png","55.86","12/9/2025 1:13:35 PM"
"docs\Documentation\020_Operations\090_Optional Product Integrations\image_418.png","image_418.png",".png","128.62","12/9/2025 1:13:35 PM"
"docs\Documentation\020_Operations\090_Optional Product Integrations\image_419.png","image_419.png",".png","160.55","12/9/2025 1:13:35 PM"
"docs\Documentation\020_Operations\090_Optional Product Integrations\image_420.png","image_420.png",".png","49.4","12/9/2025 1:13:35 PM"
"docs\Documentation\020_Operations\090_Optional Product Integrations\image_421.png","image_421.png",".png","38.15","12/9/2025 1:13:35 PM"
"docs\Documentation\020_Operations\090_Optional Product Integrations\image_422.png","image_422.png",".png","10.83","12/9/2025 1:13:35 PM"
"docs\Documentation\020_Operations\090_Optional Product Integrations\image_423_1.png","image_423_1.png",".png","30.34","12/9/2025 1:13:35 PM"
"docs\Documentation\020_Operations\090_Optional Product Integrations\image_423.png","image_423.png",".png","9.5","12/9/2025 1:13:35 PM"
"docs\Documentation\020_Operations\090_Optional Product Integrations\image_424.png","image_424.png",".png","28.68","12/9/2025 1:13:35 PM"
"docs\Documentation\020_Operations\090_Optional Product Integrations\image_425.png","image_425.png",".png","64.6","12/9/2025 1:13:35 PM"
"docs\Documentation\020_Operations\090_Optional Product Integrations\image_426.png","image_426.png",".png","114.04","12/9/2025 1:13:35 PM"
"docs\Documentation\020_Operations\090_Optional Product Integrations\image_427.png","image_427.png",".png","52.76","12/9/2025 1:13:35 PM"
"docs\Documentation\020_Operations\090_Optional Product Integrations\image_430.png","image_430.png",".png","65.3","12/9/2025 1:13:35 PM"
"docs\Documentation\020_Operations\090_Optional Product Integrations\image_431.png","image_431.png",".png","20.55","12/9/2025 1:13:35 PM"
"docs\Documentation\020_Operations\090_Optional Product Integrations\image_432.png","image_432.png",".png","53.24","12/9/2025 1:13:35 PM"
"docs\Documentation\020_Operations\090_Optional Product Integrations\image_433.png","image_433.png",".png","33.13","12/9/2025 1:13:35 PM"
"docs\Documentation\020_Operations\090_Optional Product Integrations\image_434.png","image_434.png",".png","26.05","12/9/2025 1:13:35 PM"
"docs\Documentation\020_Operations\090_Optional Product Integrations\image_435.png","image_435.png",".png","67.18","12/9/2025 1:13:35 PM"
"docs\Documentation\020_Operations\090_Optional Product Integrations\image_445.png","image_445.png",".png","51.39","12/9/2025 1:13:35 PM"
"docs\Documentation\020_Operations\090_Optional Product Integrations\010_Teamcenter X Essentials\000_Prerequisites.md","000_Prerequisites.md",".md","0.28","12/9/2025 1:13:35 PM"
"docs\Documentation\020_Operations\090_Optional Product Integrations\010_Teamcenter X Essentials\010_Post-Steps.md","010_Post-Steps.md",".md","10.37","12/9/2025 1:13:35 PM"
"docs\Documentation\020_Operations\090_Optional Product Integrations\010_Teamcenter X Essentials\020_Single Tenant Backup Restore.md","020_Single Tenant Backup Restore.md",".md","6.57","12/9/2025 1:13:35 PM"
"docs\Documentation\020_Operations\090_Optional Product Integrations\010_Teamcenter X Essentials\030_Transition.md","030_Transition.md",".md","0.06","12/9/2025 1:13:35 PM"
"docs\Documentation\020_Operations\090_Optional Product Integrations\010_Teamcenter X Essentials\image_405.png","image_405.png",".png","40.43","12/9/2025 1:13:35 PM"
"docs\Documentation\020_Operations\090_Optional Product Integrations\010_Teamcenter X Essentials\image_406.png","image_406.png",".png","15.72","12/9/2025 1:13:35 PM"
"docs\Documentation\020_Operations\090_Optional Product Integrations\010_Teamcenter X Essentials\image_407.png","image_407.png",".png","74.73","12/9/2025 1:13:35 PM"
"docs\Documentation\020_Operations\090_Optional Product Integrations\010_Teamcenter X Essentials\image_408.png","image_408.png",".png","86.38","12/9/2025 1:13:35 PM"
"docs\Documentation\020_Operations\090_Optional Product Integrations\010_Teamcenter X Essentials\image_409.png","image_409.png",".png","6.5","12/9/2025 1:13:35 PM"
"docs\Documentation\020_Operations\090_Optional Product Integrations\010_Teamcenter X Essentials\image_410.png","image_410.png",".png","25.39","12/9/2025 1:13:35 PM"
"docs\Documentation\020_Operations\090_Optional Product Integrations\010_Teamcenter X Essentials\image_411.png","image_411.png",".png","45.46","12/9/2025 1:13:35 PM"
"docs\Documentation\020_Operations\090_Optional Product Integrations\010_Teamcenter X Essentials\image_446.png","image_446.png",".png","40.65","12/9/2025 1:13:35 PM"
"docs\Documentation\020_Operations\090_Optional Product Integrations\010_Teamcenter X Essentials\image_447.png","image_447.png",".png","41.56","12/9/2025 1:13:35 PM"
"docs\Documentation\020_Operations\090_Optional Product Integrations\010_Teamcenter X Essentials\image_448.png","image_448.png",".png","24.4","12/9/2025 1:13:35 PM"
"docs\Documentation\020_Operations\090_Optional Product Integrations\050_Multi-Site Deployment\000_Multi-Site Deployment.md","000_Multi-Site Deployment.md",".md","0.9","12/9/2025 1:13:35 PM"
"docs\Documentation\020_Operations\090_Optional Product Integrations\050_Multi-Site Deployment\010_Pre-requisites.md","010_Pre-requisites.md",".md","2.24","12/9/2025 1:13:35 PM"
"docs\Documentation\020_Operations\090_Optional Product Integrations\050_Multi-Site Deployment\020_Pipeline Automation.md","020_Pipeline Automation.md",".md","10.78","12/9/2025 1:13:35 PM"
"docs\Documentation\020_Operations\090_Optional Product Integrations\050_Multi-Site Deployment\070_AM Rule Tree.md","070_AM Rule Tree.md",".md","0.14","12/9/2025 1:13:35 PM"
"docs\Documentation\020_Operations\090_Optional Product Integrations\050_Multi-Site Deployment\100_Proxy User Password File Rotation.md","100_Proxy User Password File Rotation.md",".md","0.34","12/9/2025 1:13:35 PM"
"docs\Documentation\020_Operations\090_Optional Product Integrations\050_Multi-Site Deployment\101_Checking for Success.md","101_Checking for Success.md",".md","2.64","12/9/2025 1:13:35 PM"
"docs\Documentation\020_Operations\090_Optional Product Integrations\050_Multi-Site Deployment\102_User OnBoarding.md","102_User OnBoarding.md",".md","1.8","12/9/2025 1:13:35 PM"
"docs\Documentation\020_Operations\090_Optional Product Integrations\050_Multi-Site Deployment\103_Offline MultiSite.md","103_Offline MultiSite.md",".md","2.9","12/9/2025 1:13:35 PM"
"docs\Documentation\020_Operations\090_Optional Product Integrations\050_Multi-Site Deployment\104_Tc On Prem to TcX Configuration Check.md","104_Tc On Prem to TcX Configuration Check.md",".md","7","12/9/2025 1:13:35 PM"
"docs\Documentation\020_Operations\090_Optional Product Integrations\050_Multi-Site Deployment\image_428.png","image_428.png",".png","149.7","12/9/2025 1:13:35 PM"
"docs\Documentation\020_Operations\090_Optional Product Integrations\050_Multi-Site Deployment\image_429.png","image_429.png",".png","1.07","12/9/2025 1:13:35 PM"
"docs\Documentation\020_Operations\090_Optional Product Integrations\050_Multi-Site Deployment\ItemCreation2.png","ItemCreation2.png",".png","36.87","12/9/2025 1:13:35 PM"
"docs\Documentation\020_Operations\090_Optional Product Integrations\050_Multi-Site Deployment\ItemRecieved.png","ItemRecieved.png",".png","50.46","12/9/2025 1:13:35 PM"
"docs\Documentation\020_Operations\090_Optional Product Integrations\050_Multi-Site Deployment\OfflineExport.png","OfflineExport.png",".png","26.7","12/9/2025 1:13:35 PM"
"docs\Documentation\020_Operations\090_Optional Product Integrations\050_Multi-Site Deployment\Publish.png","Publish.png",".png","26.55","12/9/2025 1:13:35 PM"
"docs\Documentation\020_Operations\090_Optional Product Integrations\050_Multi-Site Deployment\RecChooseFile.png","RecChooseFile.png",".png","43.66","12/9/2025 1:13:35 PM"
"docs\Documentation\020_Operations\090_Optional Product Integrations\050_Multi-Site Deployment\RecieveFromSite.png","RecieveFromSite.png",".png","52.07","12/9/2025 1:13:35 PM"
"docs\Documentation\020_Operations\090_Optional Product Integrations\050_Multi-Site Deployment\RecieveMsg.png","RecieveMsg.png",".png","44.36","12/9/2025 1:13:35 PM"
"docs\Documentation\020_Operations\090_Optional Product Integrations\050_Multi-Site Deployment\RemoteSearchRecieve.png","RemoteSearchRecieve.png",".png","226.79","12/9/2025 1:13:35 PM"
"docs\Documentation\020_Operations\090_Optional Product Integrations\050_Multi-Site Deployment\Search.png","Search.png",".png","60.72","12/9/2025 1:13:35 PM"
"docs\Documentation\020_Operations\090_Optional Product Integrations\050_Multi-Site Deployment\Secrets.png","Secrets.png",".png","56.93","12/9/2025 1:13:35 PM"
"docs\Documentation\020_Operations\090_Optional Product Integrations\050_Multi-Site Deployment\ShareMenu.png","ShareMenu.png",".png","65.22","12/9/2025 1:13:35 PM"
"docs\Documentation\020_Operations\090_Optional Product Integrations\050_Multi-Site Deployment\SharePanel.png","SharePanel.png",".png","156.8","12/9/2025 1:13:35 PM"
"docs\Documentation\020_Operations\090_Optional Product Integrations\050_Multi-Site Deployment\ShareWithSites.png","ShareWithSites.png",".png","147.33","12/9/2025 1:13:35 PM"
"docs\Documentation\020_Operations\090_Optional Product Integrations\050_Multi-Site Deployment\symmetrickey.png","symmetrickey.png",".png","151.51","12/9/2025 1:13:35 PM"
"docs\Documentation\020_Operations\090_Optional Product Integrations\050_Multi-Site Deployment\whitelistrules.png","whitelistrules.png",".png","46.14","12/9/2025 1:13:35 PM"
"docs\Documentation\020_Operations\090_Optional Product Integrations\060_Partner Connect Deployment\010_Partner Connect Deployment.md","010_Partner Connect Deployment.md",".md","11.71","12/9/2025 1:13:35 PM"
"docs\Documentation\020_Operations\090_Optional Product Integrations\060_Partner Connect Deployment\020_Partner Connect Validation.md","020_Partner Connect Validation.md",".md","7.01","12/9/2025 1:13:35 PM"
"docs\Documentation\020_Operations\090_Optional Product Integrations\060_Partner Connect Deployment\image_01.png","image_01.png",".png","357.06","12/9/2025 1:13:35 PM"
"docs\Documentation\020_Operations\090_Optional Product Integrations\060_Partner Connect Deployment\image_02.png","image_02.png",".png","61.5","12/9/2025 1:13:35 PM"
"docs\Documentation\020_Operations\090_Optional Product Integrations\060_Partner Connect Deployment\image_03.png","image_03.png",".png","123.69","12/9/2025 1:13:35 PM"
"docs\Documentation\020_Operations\090_Optional Product Integrations\060_Partner Connect Deployment\image_04.png","image_04.png",".png","41.6","12/9/2025 1:13:35 PM"
"docs\Documentation\020_Operations\090_Optional Product Integrations\060_Partner Connect Deployment\image_04a.png","image_04a.png",".png","27.67","12/9/2025 1:13:35 PM"
"docs\Documentation\020_Operations\090_Optional Product Integrations\060_Partner Connect Deployment\image_05.png","image_05.png",".png","41.51","12/9/2025 1:13:35 PM"
"docs\Documentation\020_Operations\090_Optional Product Integrations\060_Partner Connect Deployment\image_06.png","image_06.png",".png","28.9","12/9/2025 1:13:35 PM"
"docs\Documentation\020_Operations\090_Optional Product Integrations\060_Partner Connect Deployment\image_07.png","image_07.png",".png","130.47","12/9/2025 1:13:35 PM"
"docs\Documentation\020_Operations\090_Optional Product Integrations\060_Partner Connect Deployment\image_08.png","image_08.png",".png","91.46","12/9/2025 1:13:35 PM"
"docs\Documentation\020_Operations\090_Optional Product Integrations\060_Partner Connect Deployment\image_09.png","image_09.png",".png","20.04","12/9/2025 1:13:35 PM"
"docs\Documentation\020_Operations\090_Optional Product Integrations\060_Partner Connect Deployment\image_10.png","image_10.png",".png","31.8","12/9/2025 1:13:35 PM"
"docs\Documentation\020_Operations\090_Optional Product Integrations\060_Partner Connect Deployment\image_11.png","image_11.png",".png","19.41","12/9/2025 1:13:35 PM"
"docs\Documentation\020_Operations\090_Optional Product Integrations\060_Partner Connect Deployment\image_12.png","image_12.png",".png","49.31","12/9/2025 1:13:35 PM"
"docs\Documentation\020_Operations\090_Optional Product Integrations\060_Partner Connect Deployment\image_13.png","image_13.png",".png","81.46","12/9/2025 1:13:35 PM"
"docs\Documentation\020_Operations\090_Optional Product Integrations\060_Partner Connect Deployment\image_14.png","image_14.png",".png","24.94","12/9/2025 1:13:35 PM"
"docs\Documentation\020_Operations\090_Optional Product Integrations\060_Partner Connect Deployment\image_15.png","image_15.png",".png","167.72","12/9/2025 1:13:35 PM"
"docs\Documentation\020_Operations\090_Optional Product Integrations\060_Partner Connect Deployment\image_16.png","image_16.png",".png","59.96","12/9/2025 1:13:35 PM"
"docs\Documentation\020_Operations\090_Optional Product Integrations\060_Partner Connect Deployment\image_17.png","image_17.png",".png","53.35","12/9/2025 1:13:35 PM"
"docs\Documentation\020_Operations\090_Optional Product Integrations\060_Partner Connect Deployment\image_18.png","image_18.png",".png","130.89","12/9/2025 1:13:35 PM"
"docs\Documentation\020_Operations\090_Optional Product Integrations\060_Partner Connect Deployment\image_19.png","image_19.png",".png","29.34","12/9/2025 1:13:35 PM"
"docs\Documentation\020_Operations\090_Optional Product Integrations\060_Partner Connect Deployment\image_20.png","image_20.png",".png","31.69","12/9/2025 1:13:35 PM"
"docs\Documentation\020_Operations\090_Optional Product Integrations\060_Partner Connect Deployment\image_21.png","image_21.png",".png","36.03","12/9/2025 1:13:35 PM"
"docs\Documentation\020_Operations\090_Optional Product Integrations\060_Partner Connect Deployment\image_22.png","image_22.png",".png","176.43","12/9/2025 1:13:35 PM"
"docs\Documentation\020_Operations\090_Optional Product Integrations\060_Partner Connect Deployment\image_23.png","image_23.png",".png","30.42","12/9/2025 1:13:35 PM"
"docs\Documentation\020_Operations\090_Optional Product Integrations\060_Partner Connect Deployment\image_24.png","image_24.png",".png","92.02","12/9/2025 1:13:35 PM"
"docs\Documentation\020_Operations\090_Optional Product Integrations\060_Partner Connect Deployment\image_25.png","image_25.png",".png","32.15","12/9/2025 1:13:35 PM"
"docs\Documentation\020_Operations\090_Optional Product Integrations\060_Partner Connect Deployment\image_26.png","image_26.png",".png","116.79","12/9/2025 1:13:35 PM"
"docs\Documentation\020_Operations\090_Optional Product Integrations\060_Partner Connect Deployment\image_27.png","image_27.png",".png","26.46","12/9/2025 1:13:35 PM"
"docs\Documentation\020_Operations\090_Optional Product Integrations\060_Partner Connect Deployment\image_28.png","image_28.png",".png","82.38","12/9/2025 1:13:35 PM"
"docs\Documentation\020_Operations\090_Optional Product Integrations\060_Partner Connect Deployment\image_29.png","image_29.png",".png","30.88","12/9/2025 1:13:35 PM"
"docs\Documentation\020_Operations\090_Optional Product Integrations\060_Partner Connect Deployment\image_30.png","image_30.png",".png","48.91","12/9/2025 1:13:35 PM"
"docs\Documentation\020_Operations\090_Optional Product Integrations\060_Partner Connect Deployment\image_31.png","image_31.png",".png","23.03","12/9/2025 1:13:35 PM"
"docs\Documentation\020_Operations\090_Optional Product Integrations\060_Partner Connect Deployment\image_32.png","image_32.png",".png","51.96","12/9/2025 1:13:35 PM"
"docs\Documentation\020_Operations\090_Optional Product Integrations\060_Partner Connect Deployment\image_33.png","image_33.png",".png","25.63","12/9/2025 1:13:35 PM"
"docs\Documentation\020_Operations\090_Optional Product Integrations\060_Partner Connect Deployment\image_34.png","image_34.png",".png","163.17","12/9/2025 1:13:35 PM"
"docs\Documentation\020_Operations\090_Optional Product Integrations\060_Partner Connect Deployment\image_35.png","image_35.png",".png","36.04","12/9/2025 1:13:35 PM"
"docs\Documentation\020_Operations\090_Optional Product Integrations\060_Partner Connect Deployment\image_36.png","image_36.png",".png","12.44","12/9/2025 1:13:35 PM"
"docs\Documentation\020_Operations\090_Optional Product Integrations\060_Partner Connect Deployment\image_37.png","image_37.png",".png","155.17","12/9/2025 1:13:35 PM"
"docs\Documentation\020_Operations\090_Optional Product Integrations\060_Partner Connect Deployment\image_38.png","image_38.png",".png","59.17","12/9/2025 1:13:35 PM"
"docs\Documentation\020_Operations\090_Optional Product Integrations\060_Partner Connect Deployment\image_39.png","image_39.png",".png","58.48","12/9/2025 1:13:35 PM"
"docs\Documentation\020_Operations\090_Optional Product Integrations\060_Partner Connect Deployment\image_40.png","image_40.png",".png","53.26","12/9/2025 1:13:35 PM"
"docs\Documentation\020_Operations\090_Optional Product Integrations\060_Partner Connect Deployment\image_41.png","image_41.png",".png","159.37","12/9/2025 1:13:35 PM"
"docs\Documentation\020_Operations\090_Optional Product Integrations\060_Partner Connect Deployment\image_42.png","image_42.png",".png","138.32","12/9/2025 1:13:35 PM"
"docs\Documentation\020_Operations\090_Optional Product Integrations\060_Partner Connect Deployment\image_455.png","image_455.png",".png","100.68","12/9/2025 1:13:35 PM"
"docs\Documentation\020_Operations\090_Optional Product Integrations\060_Partner Connect Deployment\image_456.png","image_456.png",".png","100.86","12/9/2025 1:13:35 PM"
"docs\Documentation\020_Operations\090_Optional Product Integrations\060_Partner Connect Deployment\image_457.png","image_457.png",".png","114.12","12/9/2025 1:13:35 PM"
"docs\Documentation\020_Operations\090_Optional Product Integrations\060_Partner Connect Deployment\image_458.png","image_458.png",".png","94.91","12/9/2025 1:13:35 PM"
"docs\Documentation\020_Operations\090_Optional Product Integrations\060_Partner Connect Deployment\image_459.png","image_459.png",".png","36.61","12/9/2025 1:13:35 PM"
"docs\Documentation\020_Operations\090_Optional Product Integrations\060_Partner Connect Deployment\image_460.png","image_460.png",".png","42.57","12/9/2025 1:13:35 PM"
"docs\Documentation\020_Operations\090_Optional Product Integrations\060_Partner Connect Deployment\image_461.png","image_461.png",".png","50.73","12/9/2025 1:13:35 PM"
"docs\Documentation\020_Operations\090_Optional Product Integrations\060_Partner Connect Deployment\image_462.png","image_462.png",".png","101.23","12/9/2025 1:13:35 PM"
"docs\Documentation\020_Operations\090_Optional Product Integrations\060_Partner Connect Deployment\image_463.png","image_463.png",".png","35.5","12/9/2025 1:13:35 PM"
"docs\Documentation\020_Operations\090_Optional Product Integrations\060_Partner Connect Deployment\image_464.png","image_464.png",".png","33.06","12/9/2025 1:13:35 PM"
"docs\Documentation\020_Operations\090_Optional Product Integrations\060_Partner Connect Deployment\image_465.png","image_465.png",".png","35.61","12/9/2025 1:13:35 PM"
"docs\Documentation\020_Operations\090_Optional Product Integrations\060_Partner Connect Deployment\image_466.png","image_466.png",".png","33.82","12/9/2025 1:13:35 PM"
"docs\Documentation\020_Operations\090_Optional Product Integrations\060_Partner Connect Deployment\image_467.png","image_467.png",".png","37.19","12/9/2025 1:13:35 PM"
"docs\Documentation\020_Operations\090_Optional Product Integrations\060_Partner Connect Deployment\image_468.png","image_468.png",".png","34.56","12/9/2025 1:13:35 PM"
"docs\Documentation\020_Operations\090_Optional Product Integrations\060_Partner Connect Deployment\image_469.png","image_469.png",".png","88.68","12/9/2025 1:13:35 PM"
"docs\Documentation\020_Operations\090_Optional Product Integrations\060_Partner Connect Deployment\image_470.png","image_470.png",".png","92.34","12/9/2025 1:13:35 PM"
"docs\Documentation\020_Operations\090_Optional Product Integrations\060_Partner Connect Deployment\image_471.png","image_471.png",".png","95.97","12/9/2025 1:13:35 PM"
"docs\Documentation\020_Operations\090_Optional Product Integrations\060_Partner Connect Deployment\image_472.png","image_472.png",".png","99.74","12/9/2025 1:13:35 PM"
"docs\Documentation\020_Operations\090_Optional Product Integrations\060_Partner Connect Deployment\image_473.png","image_473.png",".png","66.94","12/9/2025 1:13:35 PM"
"docs\Documentation\020_Operations\090_Optional Product Integrations\070_Supplier Connect Deployment\000_Supplier Connect Deployment.md","000_Supplier Connect Deployment.md",".md","0.08","12/9/2025 1:13:35 PM"
"docs\Documentation\020_Operations\090_Optional Product Integrations\070_Supplier Connect Deployment\010_Prerequisites.md","010_Prerequisites.md",".md","0.97","12/9/2025 1:13:35 PM"
"docs\Documentation\020_Operations\090_Optional Product Integrations\070_Supplier Connect Deployment\020_Configure for OEM Sponsor Site.md","020_Configure for OEM Sponsor Site.md",".md","8.06","12/9/2025 1:13:35 PM"
"docs\Documentation\020_Operations\090_Optional Product Integrations\070_Supplier Connect Deployment\030_Configure for OEM Supplier Site.md","030_Configure for OEM Supplier Site.md",".md","8.04","12/9/2025 1:13:35 PM"
"docs\Documentation\020_Operations\090_Optional Product Integrations\070_Supplier Connect Deployment\040_Deny Login for Suppliers.md","040_Deny Login for Suppliers.md",".md","0.81","12/9/2025 1:13:35 PM"
"docs\Documentation\020_Operations\090_Optional Product Integrations\070_Supplier Connect Deployment\image_500.png","image_500.png",".png","91.28","12/9/2025 1:13:35 PM"
"docs\Documentation\020_Operations\090_Optional Product Integrations\070_Supplier Connect Deployment\image_501.png","image_501.png",".png","68.36","12/9/2025 1:13:35 PM"
"docs\Documentation\020_Operations\090_Optional Product Integrations\070_Supplier Connect Deployment\image_502.png","image_502.png",".png","71.34","12/9/2025 1:13:35 PM"
"docs\Documentation\020_Operations\090_Optional Product Integrations\070_Supplier Connect Deployment\image_504.png","image_504.png",".png","58.89","12/9/2025 1:13:35 PM"
"docs\Documentation\020_Operations\090_Optional Product Integrations\070_Supplier Connect Deployment\image_505.png","image_505.png",".png","58.72","12/9/2025 1:13:35 PM"
"docs\Documentation\020_Operations\090_Optional Product Integrations\070_Supplier Connect Deployment\image_506.png","image_506.png",".png","72.83","12/9/2025 1:13:35 PM"
"docs\Documentation\020_Operations\090_Optional Product Integrations\070_Supplier Connect Deployment\image_507.png","image_507.png",".png","67.3","12/9/2025 1:13:35 PM"
"docs\Documentation\020_Operations\090_Optional Product Integrations\070_Supplier Connect Deployment\image_508.png","image_508.png",".png","64.26","12/9/2025 1:13:35 PM"
"docs\Documentation\020_Operations\090_Optional Product Integrations\070_Supplier Connect Deployment\image_509.png","image_509.png",".png","67.67","12/9/2025 1:13:35 PM"
"docs\Documentation\020_Operations\090_Optional Product Integrations\070_Supplier Connect Deployment\image_510.png","image_510.png",".png","109.4","12/9/2025 1:13:35 PM"
"docs\Documentation\020_Operations\090_Optional Product Integrations\070_Supplier Connect Deployment\image_511.png","image_511.png",".png","115.07","12/9/2025 1:13:35 PM"
"docs\Documentation\020_Operations\090_Optional Product Integrations\070_Supplier Connect Deployment\image_512.png","image_512.png",".png","108.09","12/9/2025 1:13:35 PM"
"docs\Documentation\020_Operations\090_Optional Product Integrations\070_Supplier Connect Deployment\image_513.png","image_513.png",".png","100.65","12/9/2025 1:13:35 PM"
"docs\Documentation\020_Operations\090_Optional Product Integrations\070_Supplier Connect Deployment\image_514.png","image_514.png",".png","138.2","12/9/2025 1:13:35 PM"
"docs\Documentation\020_Operations\090_Optional Product Integrations\070_Supplier Connect Deployment\image_515.png","image_515.png",".png","124.38","12/9/2025 1:13:35 PM"
"docs\Documentation\020_Operations\090_Optional Product Integrations\070_Supplier Connect Deployment\image_516.png","image_516.png",".png","120.54","12/9/2025 1:13:35 PM"
"docs\Documentation\020_Operations\090_Optional Product Integrations\070_Supplier Connect Deployment\image_517.png","image_517.png",".png","113.07","12/9/2025 1:13:35 PM"
"docs\Documentation\020_Operations\090_Optional Product Integrations\080_Customer VPN -TCX Resource setup\000_Customer VPN -TCX Resource setup Cookbook.md","000_Customer VPN -TCX Resource setup Cookbook.md",".md","1.11","12/9/2025 1:13:35 PM"
"docs\Documentation\020_Operations\090_Optional Product Integrations\080_Customer VPN -TCX Resource setup\010_Prerequisites.md","010_Prerequisites.md",".md","0.96","12/9/2025 1:13:35 PM"
"docs\Documentation\020_Operations\090_Optional Product Integrations\080_Customer VPN -TCX Resource setup\020_Create Network Load Balancer.md","020_Create Network Load Balancer.md",".md","1.32","12/9/2025 1:13:35 PM"
"docs\Documentation\020_Operations\090_Optional Product Integrations\080_Customer VPN -TCX Resource setup\030_Associate Target Groups with Listener.md","030_Associate Target Groups with Listener.md",".md","1.15","12/9/2025 1:13:35 PM"
"docs\Documentation\020_Operations\090_Optional Product Integrations\080_Customer VPN -TCX Resource setup\040_Verify Routes and Security.md","040_Verify Routes and Security.md",".md","0.7","12/9/2025 1:13:35 PM"
"docs\Documentation\020_Operations\090_Optional Product Integrations\080_Customer VPN -TCX Resource setup\050_Testing.md","050_Testing.md",".md","0.56","12/9/2025 1:13:35 PM"
"docs\Documentation\020_Operations\090_Optional Product Integrations\080_Customer VPN -TCX Resource setup\image_436.png","image_436.png",".png","224.55","12/9/2025 1:13:35 PM"
"docs\Documentation\020_Operations\090_Optional Product Integrations\080_Customer VPN -TCX Resource setup\image_437.png","image_437.png",".png","95.58","12/9/2025 1:13:35 PM"
"docs\Documentation\020_Operations\090_Optional Product Integrations\080_Customer VPN -TCX Resource setup\image_438.png","image_438.png",".png","96.47","12/9/2025 1:13:35 PM"
"docs\Documentation\020_Operations\090_Optional Product Integrations\080_Customer VPN -TCX Resource setup\image_439.png","image_439.png",".png","116.86","12/9/2025 1:13:35 PM"
"docs\Documentation\020_Operations\090_Optional Product Integrations\080_Customer VPN -TCX Resource setup\image_440.png","image_440.png",".png","104.11","12/9/2025 1:13:35 PM"
"docs\Documentation\020_Operations\090_Optional Product Integrations\080_Customer VPN -TCX Resource setup\image_441.png","image_441.png",".png","25.77","12/9/2025 1:13:35 PM"
"docs\Documentation\020_Operations\090_Optional Product Integrations\080_Customer VPN -TCX Resource setup\image_442.png","image_442.png",".png","48.5","12/9/2025 1:13:35 PM"
"docs\Documentation\020_Operations\090_Optional Product Integrations\080_Customer VPN -TCX Resource setup\image_443.png","image_443.png",".png","46.03","12/9/2025 1:13:35 PM"
"docs\Documentation\020_Operations\090_Optional Product Integrations\080_Customer VPN -TCX Resource setup\image_444.png","image_444.png",".png","65.4","12/9/2025 1:13:35 PM"
"docs\Documentation\020_Operations\100_DevOps Team Operations\.git-reviewers.json",".git-reviewers.json",".json","0.04","1/20/2026 4:55:14 PM"
"docs\Documentation\020_Operations\100_DevOps Team Operations\image_448.png","image_448.png",".png","158.52","12/9/2025 1:13:35 PM"
"docs\Documentation\020_Operations\100_DevOps Team Operations\image_449.png","image_449.png",".png","10.67","12/9/2025 1:13:35 PM"
"docs\Documentation\020_Operations\100_DevOps Team Operations\image_450.png","image_450.png",".png","138.44","12/9/2025 1:13:35 PM"
"docs\Documentation\020_Operations\100_DevOps Team Operations\image_451.png","image_451.png",".png","67.65","12/9/2025 1:13:35 PM"
"docs\Documentation\020_Operations\100_DevOps Team Operations\image_452.png","image_452.png",".png","124.26","12/9/2025 1:13:35 PM"
"docs\Documentation\020_Operations\100_DevOps Team Operations\image_453.png","image_453.png",".png","104.42","12/9/2025 1:13:35 PM"
"docs\Documentation\020_Operations\100_DevOps Team Operations\image_454.png","image_454.png",".png","202.27","12/9/2025 1:13:35 PM"
"docs\Documentation\020_Operations\100_DevOps Team Operations\image_455.png","image_455.png",".png","277.83","12/9/2025 1:13:35 PM"
"docs\Documentation\020_Operations\100_DevOps Team Operations\AWS\000_Accessing Common License server.md","000_Accessing Common License server.md",".md","6.12","12/9/2025 1:13:35 PM"
"docs\Documentation\020_Operations\100_DevOps Team Operations\AWS\image_436.png","image_436.png",".png","110.9","12/9/2025 1:13:35 PM"
"docs\Documentation\020_Operations\100_DevOps Team Operations\AWS\image_437.png","image_437.png",".png","78.72","12/9/2025 1:13:35 PM"
"docs\Documentation\020_Operations\100_DevOps Team Operations\AWS\image_438.png","image_438.png",".png","49.87","12/9/2025 1:13:35 PM"
"docs\Documentation\020_Operations\100_DevOps Team Operations\AWS\image_439.png","image_439.png",".png","41.68","12/9/2025 1:13:35 PM"
"docs\Documentation\020_Operations\100_DevOps Team Operations\AWS\image_440.png","image_440.png",".png","154.2","12/9/2025 1:13:35 PM"
"docs\Documentation\020_Operations\100_DevOps Team Operations\AWS\image_441.png","image_441.png",".png","104","12/9/2025 1:13:35 PM"
"docs\Documentation\020_Operations\100_DevOps Team Operations\AWS\image_442.png","image_442.png",".png","32.06","12/9/2025 1:13:35 PM"
"docs\Documentation\020_Operations\100_DevOps Team Operations\AWS\image_443.png","image_443.png",".png","72.02","12/9/2025 1:13:35 PM"
"docs\Documentation\020_Operations\100_DevOps Team Operations\AWS\image_444.png","image_444.png",".png","53.92","12/9/2025 1:13:35 PM"
"docs\Documentation\020_Operations\100_DevOps Team Operations\AWS\image_445.png","image_445.png",".png","159.25","12/9/2025 1:13:35 PM"
"docs\Documentation\020_Operations\100_DevOps Team Operations\AWS\image_446.png","image_446.png",".png","130.67","12/9/2025 1:13:35 PM"
"docs\Documentation\020_Operations\100_DevOps Team Operations\AWS\image_447.png","image_447.png",".png","58.52","12/9/2025 1:13:35 PM"
"docs\Documentation\020_Operations\100_DevOps Team Operations\AZURE\000_Accessing Common License server.md","000_Accessing Common License server.md",".md","6.36","12/9/2025 1:13:35 PM"
"docs\Documentation\020_Operations\100_DevOps Team Operations\AZURE\image_456.png","image_456.png",".png","168.39","12/9/2025 1:13:35 PM"
"docs\Documentation\020_Operations\110_Hashicorp Vault access for operator users\.git-reviewers.json",".git-reviewers.json",".json","0.04","1/20/2026 4:55:14 PM"
"docs\Documentation\020_Operations\110_Hashicorp Vault access for operator users\000_Hashicorp Vault access for operator users.md","000_Hashicorp Vault access for operator users.md",".md","2.62","12/9/2025 1:13:35 PM"
"docs\Documentation\020_Operations\110_Hashicorp Vault access for operator users\010_Pre-requisites.md","010_Pre-requisites.md",".md","3.97","12/9/2025 1:13:35 PM"
"docs\Documentation\020_Operations\110_Hashicorp Vault access for operator users\020_Add or Remove Access to other Operator Users.md","020_Add or Remove Access to other Operator Users.md",".md","2.06","12/9/2025 1:13:35 PM"
"docs\Documentation\020_Operations\110_Hashicorp Vault access for operator users\030_Generate Secrets Vault token.md","030_Generate Secrets Vault token.md",".md","1.47","12/9/2025 1:13:35 PM"
"docs\Documentation\020_Operations\110_Hashicorp Vault access for operator users\040_Read secrets from vault.md","040_Read secrets from vault.md",".md","0.42","12/9/2025 1:13:35 PM"
"docs\Documentation\020_Operations\110_Hashicorp Vault access for operator users\050_Write secrets to vault.md","050_Write secrets to vault.md",".md","0.47","12/9/2025 1:13:35 PM"
"docs\Documentation\020_Operations\110_Hashicorp Vault access for operator users\060_Secrets Table.md","060_Secrets Table.md",".md","2.21","12/9/2025 1:13:35 PM"
"docs\Documentation\020_Operations\110_Hashicorp Vault access for operator users\070_Acquire Azure Tenant SP Creds.md","070_Acquire Azure Tenant SP Creds.md",".md","2.38","12/9/2025 1:13:35 PM"
"docs\Documentation\020_Operations\110_Hashicorp Vault access for operator users\image_456.png","image_456.png",".png","77.66","12/9/2025 1:13:35 PM"
"docs\Documentation\020_Operations\110_Hashicorp Vault access for operator users\image_457.png","image_457.png",".png","106.18","12/9/2025 1:13:35 PM"
"docs\Documentation\020_Operations\110_Hashicorp Vault access for operator users\image_458.png","image_458.png",".png","164.53","12/9/2025 1:13:35 PM"
"docs\Documentation\020_Operations\120_Horizontal Pod Autoscaling HPA Configurations\.git-reviewers.json",".git-reviewers.json",".json","0.03","12/9/2025 1:13:35 PM"
"docs\Documentation\020_Operations\120_Horizontal Pod Autoscaling HPA Configurations\000_Horizontal Pod Autoscaling HPA Configurations.md","000_Horizontal Pod Autoscaling HPA Configurations.md",".md","0.14","12/9/2025 1:13:35 PM"
"docs\Documentation\020_Operations\120_Horizontal Pod Autoscaling HPA Configurations\010_Supported k8s services for HPA.md","010_Supported k8s services for HPA.md",".md","0.05","12/9/2025 1:13:35 PM"
"docs\Documentation\020_Operations\120_Horizontal Pod Autoscaling HPA Configurations\020_Supported HPA configurations.md","020_Supported HPA configurations.md",".md","1.12","12/9/2025 1:13:35 PM"
"docs\Documentation\020_Operations\130_Non-production Topics\.git-reviewers.json",".git-reviewers.json",".json","0.03","12/9/2025 1:13:35 PM"
"docs\Documentation\020_Operations\130_Non-production Topics\000_Non-production Topics.md","000_Non-production Topics.md",".md","0.11","12/9/2025 1:13:35 PM"
"docs\Documentation\020_Operations\130_Non-production Topics\010_Long running SOA requests from clients inside a VPC do not receive response from server.md","010_Long running SOA requests from clients inside a VPC do not receive response from server.md",".md","2.26","12/9/2025 1:13:35 PM"
"docs\Documentation\020_Operations\160_Azure Certificate Renewal using Ansible Tower Scheduler\000_Steps to create scheduler in Ansible Tower.md","000_Steps to create scheduler in Ansible Tower.md",".md","1.37","12/9/2025 1:13:35 PM"
"docs\Documentation\020_Operations\160_Azure Certificate Renewal using Ansible Tower Scheduler\image_458.png","image_458.png",".png","40.03","12/9/2025 1:13:35 PM"
"docs\Documentation\020_Operations\160_Azure Certificate Renewal using Ansible Tower Scheduler\image_459.png","image_459.png",".png","62.42","12/9/2025 1:13:35 PM"
"docs\Documentation\020_Operations\165_Azure_VM_Patching\020_Img_001.png","020_Img_001.png",".png","38.8","12/9/2025 1:13:35 PM"
"docs\Documentation\020_Operations\165_Azure_VM_Patching\020_Img_002.png","020_Img_002.png",".png","65.15","12/9/2025 1:13:35 PM"
"docs\Documentation\020_Operations\165_Azure_VM_Patching\020_Img_003.png","020_Img_003.png",".png","41.08","12/9/2025 1:13:35 PM"
"docs\Documentation\020_Operations\165_Azure_VM_Patching\170_Introduction.md","170_Introduction.md",".md","0.26","12/9/2025 1:13:35 PM"
"docs\Documentation\020_Operations\165_Azure_VM_Patching\175_Apply the required policies.md","175_Apply the required policies.md",".md","23.05","12/9/2025 1:13:35 PM"
"docs\Documentation\020_Operations\165_Azure_VM_Patching\180_Automated Patch Configuration.md","180_Automated Patch Configuration.md",".md","3.36","12/9/2025 1:13:35 PM"
"docs\Documentation\020_Operations\165_Azure_VM_Patching\185_Manual assessment and updating a VM.md","185_Manual assessment and updating a VM.md",".md","2.53","12/9/2025 1:13:35 PM"
"docs\Documentation\020_Operations\165_Azure_VM_Patching\190_Reporting Mechanism for Patch Results.md","190_Reporting Mechanism for Patch Results.md",".md","4.84","12/9/2025 1:13:35 PM"
"docs\Documentation\020_Operations\165_Azure_VM_Patching\image_460.png","image_460.png",".png","104.84","12/9/2025 1:13:35 PM"
"docs\Documentation\020_Operations\165_Azure_VM_Patching\image_461.png","image_461.png",".png","77","12/9/2025 1:13:35 PM"
"docs\Documentation\020_Operations\165_Azure_VM_Patching\image_462.png","image_462.png",".png","51.43","12/9/2025 1:13:35 PM"
"docs\Documentation\020_Operations\165_Azure_VM_Patching\image_463.png","image_463.png",".png","158.32","12/9/2025 1:13:35 PM"
"docs\Documentation\020_Operations\165_Azure_VM_Patching\image_464.png","image_464.png",".png","33.33","12/9/2025 1:13:35 PM"
"docs\Documentation\020_Operations\165_Azure_VM_Patching\image_465.png","image_465.png",".png","68.95","12/9/2025 1:13:35 PM"
"docs\Documentation\020_Operations\165_Azure_VM_Patching\image_466.png","image_466.png",".png","88.23","12/9/2025 1:13:35 PM"
"docs\Documentation\020_Operations\165_Azure_VM_Patching\image_467.png","image_467.png",".png","52.13","12/9/2025 1:13:35 PM"
"docs\Documentation\020_Operations\165_Azure_VM_Patching\image_468.png","image_468.png",".png","98.67","12/9/2025 1:13:35 PM"
"docs\Documentation\020_Operations\165_Azure_VM_Patching\image_469.png","image_469.png",".png","95.63","12/9/2025 1:13:35 PM"
"docs\Documentation\020_Operations\165_Azure_VM_Patching\image_470.png","image_470.png",".png","49.62","12/9/2025 1:13:35 PM"
"docs\Documentation\020_Operations\165_Azure_VM_Patching\image_471.png","image_471.png",".png","65.71","12/9/2025 1:13:35 PM"
"docs\Documentation\020_Operations\165_Azure_VM_Patching\image_472.png","image_472.png",".png","18.82","12/9/2025 1:13:35 PM"
"docs\Documentation\020_Operations\165_Azure_VM_Patching\image_473.png","image_473.png",".png","52.17","12/9/2025 1:13:35 PM"
"docs\Documentation\020_Operations\165_Azure_VM_Patching\image_474.png","image_474.png",".png","59.14","12/9/2025 1:13:35 PM"
"docs\Documentation\020_Operations\165_Azure_VM_Patching\image_475.png","image_475.png",".png","36.96","12/9/2025 1:13:35 PM"
"docs\Documentation\020_Operations\165_Azure_VM_Patching\image_476.png","image_476.png",".png","29.26","12/9/2025 1:13:35 PM"
"docs\Documentation\020_Operations\165_Azure_VM_Patching\image_477.png","image_477.png",".png","37.39","12/9/2025 1:13:35 PM"
"docs\Documentation\020_Operations\165_Azure_VM_Patching\image_478.png","image_478.png",".png","70.38","12/9/2025 1:13:35 PM"
"docs\Documentation\020_Operations\165_Azure_VM_Patching\image_479.png","image_479.png",".png","19.11","12/9/2025 1:13:35 PM"
"docs\Documentation\020_Operations\165_Azure_VM_Patching\image_480.png","image_480.png",".png","30.58","12/9/2025 1:13:35 PM"
"docs\Documentation\020_Operations\165_Azure_VM_Patching\image_481.png","image_481.png",".png","40.18","12/9/2025 1:13:35 PM"
"docs\Documentation\020_Operations\165_Azure_VM_Patching\image_482.png","image_482.png",".png","37.15","12/9/2025 1:13:35 PM"
"docs\Documentation\020_Operations\165_Azure_VM_Patching\image_483.png","image_483.png",".png","22.56","12/9/2025 1:13:35 PM"
"docs\Documentation\020_Operations\165_Azure_VM_Patching\image_484.png","image_484.png",".png","66.33","12/9/2025 1:13:35 PM"
"docs\Documentation\020_Operations\165_Azure_VM_Patching\image_485.png","image_485.png",".png","36.94","12/9/2025 1:13:35 PM"
"docs\Documentation\020_Operations\165_Azure_VM_Patching\image_486.png","image_486.png",".png","44.05","12/9/2025 1:13:35 PM"
"docs\Documentation\020_Operations\165_Azure_VM_Patching\image_487.png","image_487.png",".png","38.11","12/9/2025 1:13:35 PM"
"docs\Documentation\020_Operations\165_Azure_VM_Patching\image_488.png","image_488.png",".png","140.61","12/9/2025 1:13:35 PM"
"docs\Documentation\020_Operations\165_Azure_VM_Patching\image_489.png","image_489.png",".png","127.56","12/9/2025 1:13:35 PM"
"docs\Documentation\020_Operations\165_Azure_VM_Patching\image_490.png","image_490.png",".png","98.46","12/9/2025 1:13:35 PM"
"docs\Documentation\020_Operations\165_Azure_VM_Patching\image_491.png","image_491.png",".png","74","12/9/2025 1:13:35 PM"
"docs\Documentation\020_Operations\165_Azure_VM_Patching\image_492.png","image_492.png",".png","121.67","12/9/2025 1:13:35 PM"
"docs\Documentation\020_Operations\165_Azure_VM_Patching\image_493.png","image_493.png",".png","76.51","12/9/2025 1:13:35 PM"
"docs\Documentation\020_Operations\165_Azure_VM_Patching\image_494.png","image_494.png",".png","78.83","12/9/2025 1:13:35 PM"
"docs\Documentation\020_Operations\165_Azure_VM_Patching\image_495.png","image_495.png",".png","70.61","12/9/2025 1:13:35 PM"
"docs\Documentation\020_Operations\165_Azure_VM_Patching\image_496.png","image_496.png",".png","101.56","12/9/2025 1:13:35 PM"
"docs\Documentation\020_Operations\165_Azure_VM_Patching\image_497.png","image_497.png",".png","47.24","12/9/2025 1:13:35 PM"
"docs\Documentation\020_Operations\165_Azure_VM_Patching\image_498.png","image_498.png",".png","51.12","12/9/2025 1:13:35 PM"
"docs\Documentation\020_Operations\165_Azure_VM_Patching\image_499.png","image_499.png",".png","91.77","12/9/2025 1:13:35 PM"
"docs\Documentation\020_Operations\165_Azure_VM_Patching\image_500.png","image_500.png",".png","32.95","12/9/2025 1:13:35 PM"
"docs\Documentation\020_Operations\165_Azure_VM_Patching\image_501.png","image_501.png",".png","59.27","12/9/2025 1:13:35 PM"
"docs\Documentation\020_Operations\165_Azure_VM_Patching\image_502.png","image_502.png",".png","85.63","12/9/2025 1:13:35 PM"
"docs\Documentation\020_Operations\165_Azure_VM_Patching\image_503.png","image_503.png",".png","67.66","12/9/2025 1:13:35 PM"
"docs\Documentation\020_Operations\165_Azure_VM_Patching\image_504.png","image_504.png",".png","98.55","12/9/2025 1:13:35 PM"
"docs\Documentation\020_Operations\165_Azure_VM_Patching\image_505.png","image_505.png",".png","48.82","12/9/2025 1:13:35 PM"
"docs\Documentation\020_Operations\165_Azure_VM_Patching\image_506.png","image_506.png",".png","27.01","12/9/2025 1:13:35 PM"
"docs\Documentation\020_Operations\165_Azure_VM_Patching\image_507.png","image_507.png",".png","82.2","12/9/2025 1:13:35 PM"
"docs\Documentation\020_Operations\165_Azure_VM_Patching\image_508.png","image_508.png",".png","44.38","12/9/2025 1:13:35 PM"
"docs\Documentation\020_Operations\165_Azure_VM_Patching\image_509.png","image_509.png",".png","37.71","12/9/2025 1:13:35 PM"
"docs\Documentation\020_Operations\172_Offboarding Teamcenter Reporting and Analytics (TcX) Customer\000_Offboarding Teamcenter Reporting and Analytics (TcX) Customer.md","000_Offboarding Teamcenter Reporting and Analytics (TcX) Customer.md",".md","5.4","2/10/2026 11:28:46 AM"
"docs\Documentation\020_Operations\172_Offboarding Teamcenter Reporting and Analytics (TcX) Customer\images\1_Select_Properties.png","1_Select_Properties.png",".png","61.64","2/10/2026 11:28:46 AM"
"docs\Documentation\020_Operations\172_Offboarding Teamcenter Reporting and Analytics (TcX) Customer\images\10_output_files.png","10_output_files.png",".png","16.18","2/10/2026 11:28:46 AM"
"docs\Documentation\020_Operations\172_Offboarding Teamcenter Reporting and Analytics (TcX) Customer\images\2_Create_TcRA_login_app.png","2_Create_TcRA_login_app.png",".png","53.6","2/10/2026 11:28:46 AM"
"docs\Documentation\020_Operations\172_Offboarding Teamcenter Reporting and Analytics (TcX) Customer\images\3_Select_Details.png","3_Select_Details.png",".png","41.46","2/10/2026 11:28:46 AM"
"docs\Documentation\020_Operations\172_Offboarding Teamcenter Reporting and Analytics (TcX) Customer\images\4_Select_Customer_Admin_User.png","4_Select_Customer_Admin_User.png",".png","41.94","2/10/2026 11:28:46 AM"
"docs\Documentation\020_Operations\172_Offboarding Teamcenter Reporting and Analytics (TcX) Customer\images\5_Select_Admin_Role.png","5_Select_Admin_Role.png",".png","38.81","2/10/2026 11:28:46 AM"
"docs\Documentation\020_Operations\172_Offboarding Teamcenter Reporting and Analytics (TcX) Customer\images\6_Save_downloaded_TcRA_secrets.png","6_Save_downloaded_TcRA_secrets.png",".png","99.71","2/10/2026 11:28:46 AM"
"docs\Documentation\020_Operations\172_Offboarding Teamcenter Reporting and Analytics (TcX) Customer\images\7_JSON_file_contents.png","7_JSON_file_contents.png",".png","15.13","2/10/2026 11:28:46 AM"
"docs\Documentation\020_Operations\172_Offboarding Teamcenter Reporting and Analytics (TcX) Customer\images\8_parameters_json_file.png","8_parameters_json_file.png",".png","38.56","2/10/2026 11:28:46 AM"
"docs\Documentation\020_Operations\172_Offboarding Teamcenter Reporting and Analytics (TcX) Customer\images\9_Executed_script_success.png","9_Executed_script_success.png",".png","112.02","2/10/2026 11:28:46 AM"
"docs\Documentation\020_Operations\95_Upgrading an Existing Teamcenter X Essentials Deployment\.git-reviewers.json",".git-reviewers.json",".json","0.05","1/20/2026 4:55:14 PM"
"docs\Documentation\020_Operations\95_Upgrading an Existing Teamcenter X Essentials Deployment\000_Upgrading an Existing Teamcenter X Essentials Deployment.md","000_Upgrading an Existing Teamcenter X Essentials Deployment.md",".md","0.21","12/9/2025 1:13:35 PM"
"docs\Documentation\020_Operations\95_Upgrading an Existing Teamcenter X Essentials Deployment\010_Upgrade the Target Environment via  Pipeline.md","010_Upgrade the Target Environment via  Pipeline.md",".md","0.31","12/9/2025 1:13:35 PM"
"docs\Documentation\020_Operations\95_Upgrading an Existing Teamcenter X Essentials Deployment\020_Perform Essentials Post-Deploy Steps.md","020_Perform Essentials Post-Deploy Steps.md",".md","4.58","2/10/2026 11:28:46 AM"
"docs\Documentation\020_Operations\95_Upgrading an Existing Teamcenter X Essentials Deployment\030_Patch and Validate Dispatcher Machine.md","030_Patch and Validate Dispatcher Machine.md",".md","1.09","12/9/2025 1:13:35 PM"
"docs\Documentation\020_Operations\95_Upgrading an Existing Teamcenter X Essentials Deployment\040_tcgql pod stops working after 14.3.x Essentails update to 2412.0001.md","040_tcgql pod stops working after 14.3.x Essentails update to 2412.0001.md",".md","0.95","12/9/2025 1:13:35 PM"
"docs\Documentation\Reference Resources\140_References\.git-reviewers.json",".git-reviewers.json",".json","0.03","12/9/2025 1:13:35 PM"
"docs\Documentation\Reference Resources\140_References\000_References.md","000_References.md",".md","1.99","12/9/2025 1:13:35 PM"
"docs\Documentation\Reference Resources\150_Appendix\.git-reviewers.json",".git-reviewers.json",".json","0.08","1/20/2026 4:55:14 PM"
"docs\Documentation\Reference Resources\150_Appendix\000_Appendix.md","000_Appendix.md",".md","0.01","2/13/2026 12:05:56 PM"
"docs\Documentation\Reference Resources\150_Appendix\010_Additional cookbook References.md","010_Additional cookbook References.md",".md","5.66","12/9/2025 1:13:35 PM"
"docs\Documentation\Reference Resources\150_Appendix\020_XCR AWS Account AZ Mapping Reference.md","020_XCR AWS Account AZ Mapping Reference.md",".md","0.23","12/9/2025 1:13:35 PM"
"docs\Documentation\Reference Resources\150_Appendix\030_Using custom TLS certificates.md","030_Using custom TLS certificates.md",".md","0.78","12/9/2025 1:13:35 PM"
"docs\Documentation\Reference Resources\150_Appendix\040_ Datadog Monitors.md","040_ Datadog Monitors.md",".md","0.63","12/9/2025 1:13:35 PM"
"docs\Documentation\Reference Resources\150_Appendix\image_457.png","image_457.png",".png","160.22","12/9/2025 1:13:35 PM"
"docs\Product Integration Documentation\About\Product Integration Documentation.md","Product Integration Documentation.md",".md","11.19","12/9/2025 1:13:35 PM"
"docs\Product Integration Documentation\Active_Integration  WIP\000_Deployment architecture and Prerequisites.md","000_Deployment architecture and Prerequisites.md",".md","14.77","1/20/2026 5:40:21 PM"
"docs\Product Integration Documentation\Active_Integration  WIP\010_Installation of Active Integration Gateway.md","010_Installation of Active Integration Gateway.md",".md","27.32","1/20/2026 5:40:21 PM"
"docs\Product Integration Documentation\Active_Integration  WIP\020_Post Deploy activities general.md","020_Post Deploy activities general.md",".md","9.96","1/20/2026 5:40:21 PM"
"docs\Product Integration Documentation\Active_Integration  WIP\030_Guardrails after Installation  Post Deploys project specific.md","030_Guardrails after Installation  Post Deploys project specific.md",".md","19.46","1/20/2026 5:40:21 PM"
"docs\Product Integration Documentation\Active_Integration  WIP\863-screenshot-20240909-100339.png","863-screenshot-20240909-100339.png",".png","337.14","12/9/2025 1:13:35 PM"
"docs\Product Integration Documentation\Active_Integration  WIP\876-screenshot-20250220-081739 (1).png","876-screenshot-20250220-081739 (1).png",".png","15.07","12/9/2025 1:13:35 PM"
"docs\Product Integration Documentation\Active_Integration  WIP\877-screenshot-20250220-081739 (2).png","877-screenshot-20250220-081739 (2).png",".png","10.67","12/9/2025 1:13:35 PM"
"docs\Product Integration Documentation\Active_Integration  WIP\928-screenshot-20250905-040828.png","928-screenshot-20250905-040828.png",".png","28.75","12/9/2025 1:13:35 PM"
"docs\Product Integration Documentation\Active_Integration  WIP\929-screenshot-20250905-040828.png","929-screenshot-20250905-040828.png",".png","28.75","12/9/2025 1:13:35 PM"
"docs\Product Integration Documentation\Active_Integration  WIP\930-screenshot-20251006-115013.png","930-screenshot-20251006-115013.png",".png","504.67","12/9/2025 1:13:35 PM"
"docs\Product Integration Documentation\Active_Integration  WIP\Active Integration Deployment Diagram.png","Active Integration Deployment Diagram.png",".png","1441.95","12/9/2025 1:13:35 PM"
"docs\Product Integration Documentation\Active_Integration  WIP\AIG azure.png","AIG azure.png",".png","219.69","12/9/2025 1:13:35 PM"
"docs\Product Integration Documentation\Active_Integration  WIP\AIG Products.png","AIG Products.png",".png","54.4","12/9/2025 1:13:35 PM"
"docs\Product Integration Documentation\Active_Integration  WIP\AIG stack.png","AIG stack.png",".png","752.54","12/9/2025 1:13:35 PM"
"docs\Product Integration Documentation\Active_Integration  WIP\AIG_pwd_Vault.png","AIG_pwd_Vault.png",".png","43.64","1/20/2026 5:40:21 PM"
"docs\Product Integration Documentation\Active_Integration  WIP\AIG_Stack_installation.png","AIG_Stack_installation.png",".png","752.54","12/9/2025 1:13:35 PM"
"docs\Product Integration Documentation\Active_Integration  WIP\AIG_Vault_login.png","AIG_Vault_login.png",".png","9.74","1/20/2026 5:40:21 PM"
"docs\Product Integration Documentation\Active_Integration  WIP\AWS sizing.png","AWS sizing.png",".png","41.53","12/9/2025 1:13:35 PM"
"docs\Product Integration Documentation\Active_Integration  WIP\Azure portal.png","Azure portal.png",".png","110.4","12/9/2025 1:13:35 PM"
"docs\Product Integration Documentation\Active_Integration  WIP\Azure sizing.png","Azure sizing.png",".png","31.69","12/9/2025 1:13:35 PM"
"docs\Product Integration Documentation\Active_Integration  WIP\Azure.png","Azure.png",".png","1257.97","12/9/2025 1:13:35 PM"
"docs\Product Integration Documentation\Active_Integration  WIP\Base Install.png","Base Install.png",".png","71.63","12/9/2025 1:13:35 PM"
"docs\Product Integration Documentation\Active_Integration  WIP\CloudFormation.png","CloudFormation.png",".png","396.43","12/9/2025 1:13:35 PM"
"docs\Product Integration Documentation\Active_Integration  WIP\Cloudshell.png","Cloudshell.png",".png","752.54","12/9/2025 1:13:35 PM"
"docs\Product Integration Documentation\Active_Integration  WIP\Components explained.png","Components explained.png",".png","227.94","12/9/2025 1:13:35 PM"
"docs\Product Integration Documentation\Active_Integration  WIP\connections.png","connections.png",".png","105.6","12/9/2025 1:13:35 PM"
"docs\Product Integration Documentation\Active_Integration  WIP\Copy pwd.png","Copy pwd.png",".png","337.14","12/9/2025 1:13:35 PM"
"docs\Product Integration Documentation\Active_Integration  WIP\DC server.png","DC server.png",".png","110.4","12/9/2025 1:13:35 PM"
"docs\Product Integration Documentation\Active_Integration  WIP\deploy_script.png","deploy_script.png",".png","111.76","12/9/2025 1:13:35 PM"
"docs\Product Integration Documentation\Active_Integration  WIP\deployment and infra automation.png","deployment and infra automation.png",".png","116.32","12/9/2025 1:13:35 PM"
"docs\Product Integration Documentation\Active_Integration  WIP\download DC server.png","download DC server.png",".png","130.98","12/9/2025 1:13:35 PM"
"docs\Product Integration Documentation\Active_Integration  WIP\image_1.png","image_1.png",".png","71.63","12/9/2025 1:13:36 PM"
"docs\Product Integration Documentation\Active_Integration  WIP\image-1.png","image-1.png",".png","9.92","1/20/2026 5:40:21 PM"
"docs\Product Integration Documentation\Active_Integration  WIP\image.png","image.png",".png","43.64","1/20/2026 5:40:21 PM"
"docs\Product Integration Documentation\Active_Integration  WIP\image1.png","image1.png",".png","140.74","12/9/2025 1:13:35 PM"
"docs\Product Integration Documentation\Active_Integration  WIP\image10.png","image10.png",".png","13.54","12/9/2025 1:13:35 PM"
"docs\Product Integration Documentation\Active_Integration  WIP\image11.png","image11.png",".png","383.93","12/9/2025 1:13:35 PM"
"docs\Product Integration Documentation\Active_Integration  WIP\image12.png","image12.png",".png","153.07","12/9/2025 1:13:35 PM"
"docs\Product Integration Documentation\Active_Integration  WIP\image13.png","image13.png",".png","15.07","12/9/2025 1:13:35 PM"
"docs\Product Integration Documentation\Active_Integration  WIP\image14.png","image14.png",".png","10.67","12/9/2025 1:13:35 PM"
"docs\Product Integration Documentation\Active_Integration  WIP\image15.png","image15.png",".png","115.45","12/9/2025 1:13:35 PM"
"docs\Product Integration Documentation\Active_Integration  WIP\image16.png","image16.png",".png","8.39","12/9/2025 1:13:35 PM"
"docs\Product Integration Documentation\Active_Integration  WIP\image17.png","image17.png",".png","17.09","12/9/2025 1:13:35 PM"
"docs\Product Integration Documentation\Active_Integration  WIP\image18.png","image18.png",".png","20.71","12/9/2025 1:13:35 PM"
"docs\Product Integration Documentation\Active_Integration  WIP\image19.png","image19.png",".png","36.05","12/9/2025 1:13:35 PM"
"docs\Product Integration Documentation\Active_Integration  WIP\image2.png","image2.png",".png","237.59","12/9/2025 1:13:35 PM"
"docs\Product Integration Documentation\Active_Integration  WIP\image20.png","image20.png",".png","176.44","12/9/2025 1:13:35 PM"
"docs\Product Integration Documentation\Active_Integration  WIP\image21.png","image21.png",".png","156.56","12/9/2025 1:13:35 PM"
"docs\Product Integration Documentation\Active_Integration  WIP\image22.png","image22.png",".png","103","12/9/2025 1:13:35 PM"
"docs\Product Integration Documentation\Active_Integration  WIP\image23.png","image23.png",".png","198.02","12/9/2025 1:13:35 PM"
"docs\Product Integration Documentation\Active_Integration  WIP\image24.png","image24.png",".png","182.47","12/9/2025 1:13:35 PM"
"docs\Product Integration Documentation\Active_Integration  WIP\image25.png","image25.png",".png","23.43","12/9/2025 1:13:35 PM"
"docs\Product Integration Documentation\Active_Integration  WIP\image26.png","image26.png",".png","105.69","12/9/2025 1:13:35 PM"
"docs\Product Integration Documentation\Active_Integration  WIP\image27.png","image27.png",".png","151.38","12/9/2025 1:13:35 PM"
"docs\Product Integration Documentation\Active_Integration  WIP\image28.png","image28.png",".png","206.16","12/9/2025 1:13:35 PM"
"docs\Product Integration Documentation\Active_Integration  WIP\image29.png","image29.png",".png","7.61","12/9/2025 1:13:35 PM"
"docs\Product Integration Documentation\Active_Integration  WIP\image3.png","image3.png",".png","187.6","12/9/2025 1:13:35 PM"
"docs\Product Integration Documentation\Active_Integration  WIP\image30.png","image30.png",".png","37.33","12/9/2025 1:13:35 PM"
"docs\Product Integration Documentation\Active_Integration  WIP\image31.png","image31.png",".png","92.1","12/9/2025 1:13:35 PM"
"docs\Product Integration Documentation\Active_Integration  WIP\image32.png","image32.png",".png","8.72","12/9/2025 1:13:35 PM"
"docs\Product Integration Documentation\Active_Integration  WIP\image33.png","image33.png",".png","116.05","12/9/2025 1:13:35 PM"
"docs\Product Integration Documentation\Active_Integration  WIP\image34.png","image34.png",".png","36.28","12/9/2025 1:13:35 PM"
"docs\Product Integration Documentation\Active_Integration  WIP\image35.png","image35.png",".png","15.1","12/9/2025 1:13:35 PM"
"docs\Product Integration Documentation\Active_Integration  WIP\image36.png","image36.png",".png","13.97","12/9/2025 1:13:35 PM"
"docs\Product Integration Documentation\Active_Integration  WIP\image37.png","image37.png",".png","5.69","12/9/2025 1:13:35 PM"
"docs\Product Integration Documentation\Active_Integration  WIP\image38.png","image38.png",".png","15.07","12/9/2025 1:13:35 PM"
"docs\Product Integration Documentation\Active_Integration  WIP\image39.png","image39.png",".png","14.72","12/9/2025 1:13:35 PM"
"docs\Product Integration Documentation\Active_Integration  WIP\image4.png","image4.png",".png","178.4","12/9/2025 1:13:35 PM"
"docs\Product Integration Documentation\Active_Integration  WIP\image40.png","image40.png",".png","47.63","12/9/2025 1:13:35 PM"
"docs\Product Integration Documentation\Active_Integration  WIP\image41.png","image41.png",".png","4.41","12/9/2025 1:13:35 PM"
"docs\Product Integration Documentation\Active_Integration  WIP\image42.png","image42.png",".png","15.42","12/9/2025 1:13:35 PM"
"docs\Product Integration Documentation\Active_Integration  WIP\image43.png","image43.png",".png","30.94","12/9/2025 1:13:35 PM"
"docs\Product Integration Documentation\Active_Integration  WIP\image44.png","image44.png",".png","8.21","12/9/2025 1:13:36 PM"
"docs\Product Integration Documentation\Active_Integration  WIP\image45.png","image45.png",".png","28.29","12/9/2025 1:13:36 PM"
"docs\Product Integration Documentation\Active_Integration  WIP\image46.png","image46.png",".png","14.46","12/9/2025 1:13:36 PM"
"docs\Product Integration Documentation\Active_Integration  WIP\image47.png","image47.png",".png","13.34","12/9/2025 1:13:36 PM"
"docs\Product Integration Documentation\Active_Integration  WIP\image48.png","image48.png",".png","35.35","12/9/2025 1:13:36 PM"
"docs\Product Integration Documentation\Active_Integration  WIP\image49.png","image49.png",".png","13.83","12/9/2025 1:13:36 PM"
"docs\Product Integration Documentation\Active_Integration  WIP\image5.png","image5.png",".png","125.5","12/9/2025 1:13:36 PM"
"docs\Product Integration Documentation\Active_Integration  WIP\image50.png","image50.png",".png","16.26","12/9/2025 1:13:36 PM"
"docs\Product Integration Documentation\Active_Integration  WIP\image51.png","image51.png",".png","8.71","12/9/2025 1:13:36 PM"
"docs\Product Integration Documentation\Active_Integration  WIP\image52.png","image52.png",".png","182.47","12/9/2025 1:13:36 PM"
"docs\Product Integration Documentation\Active_Integration  WIP\image53.png","image53.png",".png","23.43","12/9/2025 1:13:36 PM"
"docs\Product Integration Documentation\Active_Integration  WIP\image54.png","image54.png",".png","105.69","12/9/2025 1:13:36 PM"
"docs\Product Integration Documentation\Active_Integration  WIP\image55.png","image55.png",".png","151.38","12/9/2025 1:13:36 PM"
"docs\Product Integration Documentation\Active_Integration  WIP\image56.png","image56.png",".png","206.16","12/9/2025 1:13:36 PM"
"docs\Product Integration Documentation\Active_Integration  WIP\image57.jpeg","image57.jpeg",".jpeg","35.22","12/9/2025 1:13:36 PM"
"docs\Product Integration Documentation\Active_Integration  WIP\image6.png","image6.png",".png","111.76","12/9/2025 1:13:36 PM"
"docs\Product Integration Documentation\Active_Integration  WIP\image7.png","image7.png",".png","110.25","12/9/2025 1:13:36 PM"
"docs\Product Integration Documentation\Active_Integration  WIP\image8.png","image8.png",".png","130.98","12/9/2025 1:13:36 PM"
"docs\Product Integration Documentation\Active_Integration  WIP\image9.png","image9.png",".png","110.4","12/9/2025 1:13:36 PM"
"docs\Product Integration Documentation\Active_Integration  WIP\infra-yaml customer info.png","infra-yaml customer info.png",".png","116.41","12/9/2025 1:13:36 PM"
"docs\Product Integration Documentation\Active_Integration  WIP\infra-yaml download.png","infra-yaml download.png",".png","163.48","12/9/2025 1:13:36 PM"
"docs\Product Integration Documentation\Active_Integration  WIP\infra-yaml.png","infra-yaml.png",".png","172.32","12/9/2025 1:13:36 PM"
"docs\Product Integration Documentation\Active_Integration  WIP\IP address complete.png","IP address complete.png",".png","15.07","12/9/2025 1:13:35 PM"
"docs\Product Integration Documentation\Active_Integration  WIP\IP address.png","IP address.png",".png","10.67","12/9/2025 1:13:35 PM"
"docs\Product Integration Documentation\Active_Integration  WIP\keypair.png","keypair.png",".png","130.98","12/9/2025 1:13:36 PM"
"docs\Product Integration Documentation\Active_Integration  WIP\kit.png","kit.png",".png","110.25","12/9/2025 1:13:36 PM"
"docs\Product Integration Documentation\Active_Integration  WIP\priviledges.png","priviledges.png",".png","396.43","12/9/2025 1:13:36 PM"
"docs\Product Integration Documentation\Active_Integration  WIP\vault token.png","vault token.png",".png","13.54","12/9/2025 1:13:36 PM"
"docs\Product Integration Documentation\Capital-X\000_Scope.md","000_Scope.md",".md","0.16","12/9/2025 1:13:36 PM"
"docs\Product Integration Documentation\Capital-X\010_Notes.md","010_Notes.md",".md","0.29","12/9/2025 1:13:36 PM"
"docs\Product Integration Documentation\Capital-X\020_Overall Set-up and Configuration requirement Summary.md","020_Overall Set-up and Configuration requirement Summary.md",".md","0.06","12/9/2025 1:13:36 PM"
"docs\Product Integration Documentation\Capital-X\030_adaptors.xml file changes.md","030_adaptors.xml file changes.md",".md","2.14","12/9/2025 1:13:36 PM"
"docs\Product Integration Documentation\Capital-X\040_Capital side Teamcenter properties file changes.md","040_Capital side Teamcenter properties file changes.md",".md","0.29","12/9/2025 1:13:36 PM"
"docs\Product Integration Documentation\Capital-X\050_Following are the property files which need to be changed.md","050_Following are the property files which need to be changed.md",".md","0.17","12/9/2025 1:13:36 PM"
"docs\Product Integration Documentation\Capital-X\060_Setting up  FMS_HOME  and  Teamcenter Security Agent”.md","060_Setting up  FMS_HOME  and  Teamcenter Security Agent”.md",".md","0.14","12/9/2025 1:13:36 PM"
"docs\Product Integration Documentation\Capital-X\070_Below are the installation instructions to install “FMS_HOME” and “Teamcenter Security Agent”.md","070_Below are the installation instructions to install “FMS_HOME” and “Teamcenter Security Agent”.md",".md","1.25","12/9/2025 1:13:36 PM"
"docs\Product Integration Documentation\Capital-X\080_Setting up Environment Variables.md","080_Setting up Environment Variables.md",".md","0.31","12/9/2025 1:13:36 PM"
"docs\Product Integration Documentation\Capital-X\090_Configuration Dialogue from Capital-X side.md","090_Configuration Dialogue from Capital-X side.md",".md","0.83","12/9/2025 1:13:36 PM"
"docs\Product Integration Documentation\Capital-X\100_Configuration Dialogue from TC side.md","100_Configuration Dialogue from TC side.md",".md","0.12","12/9/2025 1:13:36 PM"
"docs\Product Integration Documentation\Capital-X\110_Port Requirement.md","110_Port Requirement.md",".md","0.17","12/9/2025 1:13:36 PM"
"docs\Product Integration Documentation\Capital-X\120_Network Requirement TC-X and Capital-X.md","120_Network Requirement TC-X and Capital-X.md",".md","0.07","12/9/2025 1:13:36 PM"
"docs\Product Integration Documentation\Capital-X\130_Capital-X and Teamcenter-X Usecases.md","130_Capital-X and Teamcenter-X Usecases.md",".md","0.19","12/9/2025 1:13:36 PM"
"docs\Product Integration Documentation\Capital-X\140_Publish a Design in Teamcenter-X.md","140_Publish a Design in Teamcenter-X.md",".md","1.36","12/9/2025 1:13:36 PM"
"docs\Product Integration Documentation\Capital-X\image_1.png","image_1.png",".png","56.63","12/9/2025 1:13:36 PM"
"docs\Product Integration Documentation\Capital-X\image_10.png","image_10.png",".png","56.63","12/9/2025 1:13:36 PM"
"docs\Product Integration Documentation\Capital-X\image_11.png","image_11.png",".png","135.86","12/9/2025 1:13:36 PM"
"docs\Product Integration Documentation\Capital-X\image_12.png","image_12.png",".png","56.63","12/9/2025 1:13:36 PM"
"docs\Product Integration Documentation\Capital-X\image_13.png","image_13.png",".png","40.37","12/9/2025 1:13:36 PM"
"docs\Product Integration Documentation\Capital-X\image_14.png","image_14.png",".png","70.54","12/9/2025 1:13:36 PM"
"docs\Product Integration Documentation\Capital-X\image_15.png","image_15.png",".png","56.06","12/9/2025 1:13:36 PM"
"docs\Product Integration Documentation\Capital-X\image_16.png","image_16.png",".png","127.7","12/9/2025 1:13:36 PM"
"docs\Product Integration Documentation\Capital-X\image_17.png","image_17.png",".png","110.73","12/9/2025 1:13:36 PM"
"docs\Product Integration Documentation\Capital-X\image_18.png","image_18.png",".png","84.15","12/9/2025 1:13:36 PM"
"docs\Product Integration Documentation\Capital-X\image_19.png","image_19.png",".png","85.14","12/9/2025 1:13:36 PM"
"docs\Product Integration Documentation\Capital-X\image_2.png","image_2.png",".png","36.59","12/9/2025 1:13:36 PM"
"docs\Product Integration Documentation\Capital-X\image_20.png","image_20.png",".png","142.81","12/9/2025 1:13:36 PM"
"docs\Product Integration Documentation\Capital-X\image_21.png","image_21.png",".png","166.47","12/9/2025 1:13:36 PM"
"docs\Product Integration Documentation\Capital-X\image_22.png","image_22.png",".png","184.1","12/9/2025 1:13:36 PM"
"docs\Product Integration Documentation\Capital-X\image_3.png","image_3.png",".png","139.3","12/9/2025 1:13:36 PM"
"docs\Product Integration Documentation\Capital-X\image_4.png","image_4.png",".png","144.2","12/9/2025 1:13:36 PM"
"docs\Product Integration Documentation\Capital-X\image_5.png","image_5.png",".png","131.17","12/9/2025 1:13:36 PM"
"docs\Product Integration Documentation\Capital-X\image_6.png","image_6.png",".png","135.17","12/9/2025 1:13:36 PM"
"docs\Product Integration Documentation\Capital-X\image_7.png","image_7.png",".png","125.14","12/9/2025 1:13:36 PM"
"docs\Product Integration Documentation\Capital-X\image_8.png","image_8.png",".png","26.63","12/9/2025 1:13:36 PM"
"docs\Product Integration Documentation\Capital-X\image_9.png","image_9.png",".png","66.15","12/9/2025 1:13:36 PM"
"docs\Product Integration Documentation\DigitalRealityViewer_Cookbook\000_Information\000_Information.md","000_Information.md",".md","0.59","1/20/2026 5:40:21 PM"
"docs\Product Integration Documentation\DigitalRealityViewer_Cookbook\010_Pre-Deployment\000_Pre-Deployment.md","000_Pre-Deployment.md",".md","2.95","1/20/2026 5:40:21 PM"
"docs\Product Integration Documentation\EasyplanX_Cookbook\000_Information\000_Information.md","000_Information.md",".md","1.23","12/9/2025 1:13:36 PM"
"docs\Product Integration Documentation\EasyplanX_Cookbook\010_Versions Supported\000_Versions Supported.md","000_Versions Supported.md",".md","0.23","12/9/2025 1:13:36 PM"
"docs\Product Integration Documentation\EasyplanX_Cookbook\020_Pre-Deployment\000_Pre-Deployment.md","000_Pre-Deployment.md",".md","2.7","2/13/2026 12:05:56 PM"
"docs\Product Integration Documentation\EasyplanX_Cookbook\030_Post Deployment\000_Post Deployment.md","000_Post Deployment.md",".md","0.98","12/9/2025 1:13:36 PM"
"docs\Product Integration Documentation\EasyplanX_Cookbook\030_Post Deployment\image_1.png","image_1.png",".png","118.81","12/9/2025 1:13:36 PM"
"docs\Product Integration Documentation\EasyplanX_Cookbook\030_Post Deployment\image_2.png","image_2.png",".png","159.83","12/9/2025 1:13:36 PM"
"docs\Product Integration Documentation\EasyplanX_Cookbook\040_EasyPlan for PLM for machine builders\000_EasyPlan for PLM for machine builders..md","000_EasyPlan for PLM for machine builders..md",".md","1.11","12/9/2025 1:13:36 PM"
"docs\Product Integration Documentation\EasyplanX_Cookbook\040_EasyPlan for PLM for machine builders\image_1.png","image_1.png",".png","13.25","12/9/2025 1:13:36 PM"
"docs\Product Integration Documentation\EasyplanX_Cookbook\040_EasyPlan for PLM for machine builders\image_2.png","image_2.png",".png","165.33","12/9/2025 1:13:36 PM"
"docs\Product Integration Documentation\Opcenter Connect Integration\000_Day 0 Deployment and Installation.md","000_Day 0 Deployment and Installation.md",".md","0.56","12/9/2025 1:13:36 PM"
"docs\Product Integration Documentation\Opcenter Connect Integration\010_Day n Deployment and Installation.md","010_Day n Deployment and Installation.md",".md","4.65","12/9/2025 1:13:36 PM"
"docs\Product Integration Documentation\Opcenter Connect Integration\020_Day n Validation steps.md","020_Day n Validation steps.md",".md","0.53","12/9/2025 1:13:36 PM"
"docs\Product Integration Documentation\Opcenter Connect Integration\image_1.png","image_1.png",".png","42.41","12/9/2025 1:13:36 PM"
"docs\Product Integration Documentation\Opcenter Connect Integration\image_10.png","image_10.png",".png","48.23","12/9/2025 1:13:36 PM"
"docs\Product Integration Documentation\Opcenter Connect Integration\image_11.png","image_11.png",".png","123.6","12/9/2025 1:13:36 PM"
"docs\Product Integration Documentation\Opcenter Connect Integration\image_12.png","image_12.png",".png","85.94","12/9/2025 1:13:36 PM"
"docs\Product Integration Documentation\Opcenter Connect Integration\image_2.png","image_2.png",".png","51.06","12/9/2025 1:13:36 PM"
"docs\Product Integration Documentation\Opcenter Connect Integration\image_3.png","image_3.png",".png","107.92","12/9/2025 1:13:36 PM"
"docs\Product Integration Documentation\Opcenter Connect Integration\image_4.png","image_4.png",".png","114.35","12/9/2025 1:13:36 PM"
"docs\Product Integration Documentation\Opcenter Connect Integration\image_5.png","image_5.png",".png","370.29","12/9/2025 1:13:36 PM"
"docs\Product Integration Documentation\Opcenter Connect Integration\image_6.png","image_6.png",".png","45.72","12/9/2025 1:13:36 PM"
"docs\Product Integration Documentation\Opcenter Connect Integration\image_7.png","image_7.png",".png","28.13","12/9/2025 1:13:36 PM"
"docs\Product Integration Documentation\Opcenter Connect Integration\image_8.png","image_8.png",".png","99.75","12/9/2025 1:13:36 PM"
"docs\Product Integration Documentation\Opcenter Connect Integration\image_9.png","image_9.png",".png","101.8","12/9/2025 1:13:36 PM"
"docs\Product Integration Documentation\Simulation Install\010_TcX Simulation Installation.md","010_TcX Simulation Installation.md",".md","0.25","1/20/2026 5:40:21 PM"
"docs\Product Integration Documentation\Simulation Install\020_Pre-requisites for SaaS Operations.md","020_Pre-requisites for SaaS Operations.md",".md","0.25","2/10/2026 11:28:46 AM"
"docs\Product Integration Documentation\Simulation Install\030_TcX Simulation Post Installation steps\010_Install Default Tool Integration.md","010_Install Default Tool Integration.md",".md","5.3","1/20/2026 5:40:21 PM"
"docs\Product Integration Documentation\Simulation Install\030_TcX Simulation Post Installation steps\020_Add roles to MyOrg.md","020_Add roles to MyOrg.md",".md","1","2/10/2026 11:28:46 AM"
"docs\Product Integration Documentation\Simulation Install\030_TcX Simulation Post Installation steps\Add_role.png","Add_role.png",".png","239.57","2/10/2026 11:28:46 AM"
"docs\Product Integration Documentation\Simulation Install\030_TcX Simulation Post Installation steps\Analyst_role.png","Analyst_role.png",".png","49.78","2/10/2026 11:28:46 AM"
"docs\Product Integration Documentation\Simulation Install\030_TcX Simulation Post Installation steps\MyOrg.png","MyOrg.png",".png","186.82","2/10/2026 11:28:46 AM"
"docs\Product Integration Documentation\Simulation Install\030_TcX Simulation Post Installation steps\People_tool.png","People_tool.png",".png","31.58","2/10/2026 11:28:46 AM"
"docs\Product Integration Documentation\Simulation Install\030_TcX Simulation Post Installation steps\PhysicalTE_role.png","PhysicalTE_role.png",".png","22.47","2/10/2026 11:28:46 AM"
"docs\Product Integration Documentation\Simulation Install\040_Validations for Simulation Configurations\000_Validations for Simulation Configurations.md","000_Validations for Simulation Configurations.md",".md","1.6","2/10/2026 11:28:46 AM"
"docs\Product Integration Documentation\Simulation Install\040_Validations for Simulation Configurations\App_Config.png","App_Config.png",".png","67.27","2/10/2026 11:28:46 AM"
"docs\Product Integration Documentation\Simulation Install\040_Validations for Simulation Configurations\App_transfer.png","App_transfer.png",".png","48.44","2/10/2026 11:28:46 AM"
"docs\Product Integration Documentation\Simulation Install\040_Validations for Simulation Configurations\Create_obj.png","Create_obj.png",".png","40.85","2/10/2026 11:28:46 AM"
"docs\Product Integration Documentation\Simulation Install\040_Validations for Simulation Configurations\Upload_success.png","Upload_success.png",".png","43.51","2/10/2026 11:28:46 AM"
"docs\Product Integration Documentation\Sustainability\000_Introduction and scope.md","000_Introduction and scope.md",".md","0.7","12/9/2025 1:13:36 PM"
"docs\Product Integration Documentation\Sustainability\010_Supported AIG & Teamcenter Versions.md","010_Supported AIG & Teamcenter Versions.md",".md","0.17","12/9/2025 1:13:36 PM"
"docs\Product Integration Documentation\Sustainability\020_Post Deployment and configuration steps for Teamcenter Feature.md","020_Post Deployment and configuration steps for Teamcenter Feature.md",".md","1","12/9/2025 1:13:36 PM"
"docs\Product Integration Documentation\Sustainability\040_Validate Sustainability Feature.md","040_Validate Sustainability Feature.md",".md","0.4","12/9/2025 1:13:36 PM"
"docs\Product Integration Documentation\Sustainability\030_Deployment and configuration steps for Integration feature\000_Deployment and configuration steps for Integration feature.md","000_Deployment and configuration steps for Integration feature.md",".md","0.15","12/9/2025 1:13:36 PM"
"docs\Product Integration Documentation\Sustainability\030_Deployment and configuration steps for Integration feature\010_Prerequisite.md","010_Prerequisite.md",".md","0.09","12/9/2025 1:13:36 PM"
"docs\Product Integration Documentation\Sustainability\030_Deployment and configuration steps for Integration feature\020_Deployment.md","020_Deployment.md",".md","0.43","12/9/2025 1:13:36 PM"
"docs\Product Integration Documentation\Sustainability\030_Deployment and configuration steps for Integration feature\030_Post Deployment configuration.md","030_Post Deployment configuration.md",".md","1.61","12/9/2025 1:13:36 PM"
"docs\Product Integration Documentation\Sustainability\030_Deployment and configuration steps for Integration feature\image_1.png","image_1.png",".png","393.85","12/9/2025 1:13:36 PM"
"docs\Product Integration Documentation\Sustainability\030_Deployment and configuration steps for Integration feature\image_2.png","image_2.png",".png","142.01","12/9/2025 1:13:36 PM"
"docs\Product Integration Documentation\Sustainability\030_Deployment and configuration steps for Integration feature\image_3.png","image_3.png",".png","131.07","12/9/2025 1:13:36 PM"
"docs\Product Integration Documentation\Sustainability\030_Deployment and configuration steps for Integration feature\image_4.png","image_4.png",".png","63.66","12/9/2025 1:13:36 PM"
"docs\Product Integration Documentation\Sustainability\030_Deployment and configuration steps for Integration feature\image_5.png","image_5.png",".png","56.13","12/9/2025 1:13:36 PM"
"docs\Product Integration Documentation\Sustainability\030_Deployment and configuration steps for Integration feature\image_6.png","image_6.png",".png","25.13","12/9/2025 1:13:36 PM"
"docs\Product Integration Documentation\Sustainability\030_Deployment and configuration steps for Integration feature\image_7.png","image_7.png",".png","96.19","12/9/2025 1:13:36 PM"
"docs\Product Integration Documentation\Sustainability\030_Deployment and configuration steps for Integration feature\image_8.png","image_8.png",".png","52.21","12/9/2025 1:13:36 PM"
"docs\Product Integration Documentation\Sustainability\030_Deployment and configuration steps for Integration feature\image_9.png","image_9.png",".png","45.63","12/9/2025 1:13:36 PM"
"docs\Product Integration Documentation\System Modelling Workbench\000_Server - Deployment & Installation details\000_Server - Deployment & Installation details.md","000_Server - Deployment & Installation details.md",".md","0.05","12/9/2025 1:13:36 PM"
"docs\Product Integration Documentation\System Modelling Workbench\000_Server - Deployment & Installation details\010_Deployment Steps.md","010_Deployment Steps.md",".md","0.13","12/9/2025 1:13:36 PM"
"docs\Product Integration Documentation\System Modelling Workbench\000_Server - Deployment & Installation details\020_Post-install Validation.md","020_Post-install Validation.md",".md","0.19","12/9/2025 1:13:36 PM"
"docs\Product Integration Documentation\System Modelling Workbench\000_Server - Deployment & Installation details\image_1.png","image_1.png",".png","153.58","12/9/2025 1:13:36 PM"
"docs\Product Integration Documentation\System Modelling Workbench\010_Client - deployment & Installation details\000_Client - deployment & Installation details.md","000_Client - deployment & Installation details.md",".md","0.05","2/13/2026 12:05:56 PM"
"docs\Product Integration Documentation\System Modelling Workbench\010_Client - deployment & Installation details\010_Scope.md","010_Scope.md",".md","0.27","12/9/2025 1:13:36 PM"
"docs\Product Integration Documentation\System Modelling Workbench\010_Client - deployment & Installation details\020_Sizing.md","020_Sizing.md",".md","0.21","12/9/2025 1:13:36 PM"
"docs\Product Integration Documentation\System Modelling Workbench\010_Client - deployment & Installation details\030_Pre-requisites.md","030_Pre-requisites.md",".md","0.37","12/9/2025 1:13:36 PM"
"docs\Product Integration Documentation\System Modelling Workbench\010_Client - deployment & Installation details\040_Deployment steps.md","040_Deployment steps.md",".md","1.79","12/9/2025 1:13:36 PM"
"docs\Product Integration Documentation\System Modelling Workbench\010_Client - deployment & Installation details\050_Post Deploy   Configuration Instructions.md","050_Post Deploy   Configuration Instructions.md",".md","1.77","12/9/2025 1:13:36 PM"
"docs\Product Integration Documentation\System Modelling Workbench\010_Client - deployment & Installation details\060_Installed Product Validation Steps Instructions.md","060_Installed Product Validation Steps Instructions.md",".md","1.33","12/9/2025 1:13:36 PM"
"docs\Product Integration Documentation\System Modelling Workbench\010_Client - deployment & Installation details\image_2.png","image_2.png",".png","63.35","12/9/2025 1:13:36 PM"
"docs\Product Integration Documentation\System Modelling Workbench\010_Client - deployment & Installation details\image_3.png","image_3.png",".png","34.68","12/9/2025 1:13:36 PM"
"docs\Product Integration Documentation\System Modelling Workbench\010_Client - deployment & Installation details\image_4.png","image_4.png",".png","25.66","12/9/2025 1:13:36 PM"
"docs\Product Integration Documentation\System Modelling Workbench\010_Client - deployment & Installation details\image_5.png","image_5.png",".png","48.82","12/9/2025 1:13:36 PM"
"docs\Product Integration Documentation\System Modelling Workbench\010_Client - deployment & Installation details\image_6.png","image_6.png",".png","30.57","12/9/2025 1:13:36 PM"
"docs\Product Integration Documentation\System Modelling Workbench\010_Client - deployment & Installation details\image_7.png","image_7.png",".png","18.44","12/9/2025 1:13:36 PM"
"docs\Product Integration Documentation\System Modelling Workbench\020_REFERENCE DOCUMENTS\000_REFERENCE DOCUMENTS.md","000_REFERENCE DOCUMENTS.md",".md","0.03","2/13/2026 12:05:56 PM"
"docs\Product Integration Documentation\TcX Part Manufacturing\000_Information\000_Information.md","000_Information.md",".md","3.02","12/9/2025 1:13:36 PM"
"docs\Product Integration Documentation\TcX Part Manufacturing\050_Post Installation Steps\010 TC X NX Part Manufacturing Integration.md","010 TC X NX Part Manufacturing Integration.md",".md","0.15","12/9/2025 1:13:36 PM"
"docs\Product Integration Documentation\TcX Part Manufacturing\050_Post Installation Steps\020 Teamcenter X Resource Management.md","020 Teamcenter X Resource Management.md",".md","3.16","12/9/2025 1:13:36 PM"
"docs\Product Integration Documentation\TcX Part Manufacturing\050_Post Installation Steps\Timeout1.png","Timeout1.png",".png","68.22","12/9/2025 1:13:36 PM"
"docs\Product Integration Documentation\TcX Part Manufacturing\050_Post Installation Steps\Timeout2.png","Timeout2.png",".png","70.87","12/9/2025 1:13:36 PM"
"docs\Product Integration Documentation\TcX Part Manufacturing\100_Validation Steps\010 TC X NX Part Manufacturing Integration.md","010 TC X NX Part Manufacturing Integration.md",".md","5.41","2/10/2026 11:28:46 AM"
"docs\Product Integration Documentation\TcX Part Manufacturing\100_Validation Steps\020 Teamcenter X Resource Management.md","020 Teamcenter X Resource Management.md",".md","2.3","2/10/2026 11:28:46 AM"
"docs\Product Integration Documentation\TcX Part Manufacturing\100_Validation Steps\Image1.png","Image1.png",".png","67.34","12/9/2025 1:13:36 PM"
"docs\Product Integration Documentation\TcX Part Manufacturing\100_Validation Steps\Image10.png","Image10.png",".png","49.9","12/9/2025 1:13:36 PM"
"docs\Product Integration Documentation\TcX Part Manufacturing\100_Validation Steps\Image11.png","Image11.png",".png","126.46","12/9/2025 1:13:36 PM"
"docs\Product Integration Documentation\TcX Part Manufacturing\100_Validation Steps\Image12.png","Image12.png",".png","63.94","12/9/2025 1:13:36 PM"
"docs\Product Integration Documentation\TcX Part Manufacturing\100_Validation Steps\Image13.png","Image13.png",".png","25.57","12/9/2025 1:13:36 PM"
"docs\Product Integration Documentation\TcX Part Manufacturing\100_Validation Steps\Image14.png","Image14.png",".png","29.26","12/9/2025 1:13:36 PM"
"docs\Product Integration Documentation\TcX Part Manufacturing\100_Validation Steps\Image15.png","Image15.png",".png","50.51","12/9/2025 1:13:36 PM"
"docs\Product Integration Documentation\TcX Part Manufacturing\100_Validation Steps\Image16.png","Image16.png",".png","21.81","12/9/2025 1:13:36 PM"
"docs\Product Integration Documentation\TcX Part Manufacturing\100_Validation Steps\Image17.png","Image17.png",".png","27.87","12/9/2025 1:13:36 PM"
"docs\Product Integration Documentation\TcX Part Manufacturing\100_Validation Steps\Image18.png","Image18.png",".png","806.14","12/9/2025 1:13:36 PM"
"docs\Product Integration Documentation\TcX Part Manufacturing\100_Validation Steps\Image18NEW.png","Image18NEW.png",".png","188.93","2/10/2026 11:28:46 AM"
"docs\Product Integration Documentation\TcX Part Manufacturing\100_Validation Steps\Image19.png","Image19.png",".png","1047.04","12/9/2025 1:13:36 PM"
"docs\Product Integration Documentation\TcX Part Manufacturing\100_Validation Steps\Image19NEW.png","Image19NEW.png",".png","163.62","2/10/2026 11:28:46 AM"
"docs\Product Integration Documentation\TcX Part Manufacturing\100_Validation Steps\Image1NEW.png","Image1NEW.png",".png","99","2/10/2026 11:28:46 AM"
"docs\Product Integration Documentation\TcX Part Manufacturing\100_Validation Steps\Image2_2506.png","Image2_2506.png",".png","269.51","1/20/2026 5:40:21 PM"
"docs\Product Integration Documentation\TcX Part Manufacturing\100_Validation Steps\Image2.png","Image2.png",".png","813.75","12/9/2025 1:13:36 PM"
"docs\Product Integration Documentation\TcX Part Manufacturing\100_Validation Steps\Image20.png","Image20.png",".png","66.4","12/9/2025 1:13:36 PM"
"docs\Product Integration Documentation\TcX Part Manufacturing\100_Validation Steps\Image20NEW.png","Image20NEW.png",".png","170.34","2/10/2026 11:28:46 AM"
"docs\Product Integration Documentation\TcX Part Manufacturing\100_Validation Steps\Image2NEW.png","Image2NEW.png",".png","82.06","2/10/2026 11:28:46 AM"
"docs\Product Integration Documentation\TcX Part Manufacturing\100_Validation Steps\Image3.png","Image3.png",".png","145.81","12/9/2025 1:13:36 PM"
"docs\Product Integration Documentation\TcX Part Manufacturing\100_Validation Steps\Image3NEW.png","Image3NEW.png",".png","295.74","2/10/2026 11:28:46 AM"
"docs\Product Integration Documentation\TcX Part Manufacturing\100_Validation Steps\Image4.png","Image4.png",".png","55.82","12/9/2025 1:13:36 PM"
"docs\Product Integration Documentation\TcX Part Manufacturing\100_Validation Steps\Image5.png","Image5.png",".png","37.69","12/9/2025 1:13:36 PM"
"docs\Product Integration Documentation\TcX Part Manufacturing\100_Validation Steps\Image6.png","Image6.png",".png","52.85","12/9/2025 1:13:36 PM"
"docs\Product Integration Documentation\TcX Part Manufacturing\100_Validation Steps\Image7.png","Image7.png",".png","72.54","12/9/2025 1:13:36 PM"
"docs\Product Integration Documentation\TcX Part Manufacturing\100_Validation Steps\Image8.png","Image8.png",".png","82.55","12/9/2025 1:13:36 PM"
"docs\Product Integration Documentation\TcX Part Manufacturing\100_Validation Steps\Image9.png","Image9.png",".png","61.66","12/9/2025 1:13:36 PM"
"docs\Product Integration Documentation\TcX Part Manufacturing\100_Validation Steps\ItemTypes1.png","ItemTypes1.png",".png","10.04","12/9/2025 1:13:36 PM"
"docs\Product Integration Documentation\TcX Part Manufacturing\100_Validation Steps\ItemTypes1NEW.png","ItemTypes1NEW.png",".png","37.67","2/10/2026 11:28:46 AM"
"docs\Product Integration Documentation\TcX Part Manufacturing\100_Validation Steps\ItemTypes2.png","ItemTypes2.png",".png","13.23","12/9/2025 1:13:36 PM"
"docs\Product Integration Documentation\TcX Part Manufacturing\100_Validation Steps\ItemTypes3.png","ItemTypes3.png",".png","12.14","12/9/2025 1:13:36 PM"
"docs\Product Integration Documentation\TcX Part Manufacturing\100_Validation Steps\MRL1.png","MRL1.png",".png","36.35","12/9/2025 1:13:36 PM"
"docs\Product Integration Documentation\TcX Part Manufacturing\100_Validation Steps\MRL2.png","MRL2.png",".png","26.54","12/9/2025 1:13:36 PM"
"docs\Product Integration Documentation\TcX Part Manufacturing\100_Validation Steps\MRL3.png","MRL3.png",".png","48.33","12/9/2025 1:13:36 PM"
"docs\Product Integration Documentation\TcX Part Manufacturing\100_Validation Steps\MRL3NEW.png","MRL3NEW.png",".png","137.63","2/10/2026 11:28:46 AM"
"docs\Product Integration Documentation\TcX Part Manufacturing\100_Validation Steps\MRL4NEW.png","MRL4NEW.png",".png","342.83","2/10/2026 11:28:46 AM"
"docs\Product Integration Documentation\TcX Part Manufacturing\100_Validation Steps\ViewMode1.png","ViewMode1.png",".png","8.02","12/9/2025 1:13:36 PM"
"docs\Product Integration Documentation\TcX Part Manufacturing\100_Validation Steps\ViewMode2.png","ViewMode2.png",".png","37.17","12/9/2025 1:13:36 PM"
"docs\Product Integration Documentation\TcX Part Manufacturing\100_Validation Steps\ViewMode3.png","ViewMode3.png",".png","48.02","12/9/2025 1:13:36 PM"
"docs\Product Integration Documentation\TcX Part Manufacturing\100_Validation Steps\ViewMode3NEW.png","ViewMode3NEW.png",".png","83.59","2/10/2026 11:28:46 AM"
"docs\Product Integration Documentation\TcX Part Manufacturing\100_Validation Steps\ViewMode4.png","ViewMode4.png",".png","34.3","12/9/2025 1:13:36 PM"
"docs\Product Integration Documentation\TcX Part Manufacturing\100_Validation Steps\ViewMode4NEW.png","ViewMode4NEW.png",".png","112.35","2/10/2026 11:28:46 AM"
"docs\Product Integration Documentation\TcX Part Manufacturing\100_Validation Steps\Workspace1.png","Workspace1.png",".png","11.85","12/9/2025 1:13:36 PM"
"docs\Product Integration Documentation\TcX Part Manufacturing\100_Validation Steps\Workspace1NEW.png","Workspace1NEW.png",".png","96.79","2/10/2026 11:28:46 AM"
"docs\Product Integration Documentation\TcX Part Manufacturing\100_Validation Steps\Workspace2.png","Workspace2.png",".png","36.19","12/9/2025 1:13:36 PM"
"docs\Product Integration Documentation\TcX Part Manufacturing\100_Validation Steps\Workspace2NEW.png","Workspace2NEW.png",".png","332.38","2/10/2026 11:28:46 AM"
"docs\Product Integration Documentation\TcX Part Manufacturing\100_Validation Steps\Workspace3.png","Workspace3.png",".png","13.09","12/9/2025 1:13:36 PM"
"docs\Product Integration Documentation\TcX Part Manufacturing\100_Validation Steps\Workspace4.png","Workspace4.png",".png","30.08","12/9/2025 1:13:36 PM"
"docs\Product Integration Documentation\TcX Part Manufacturing\100_Validation Steps\Workspace4NEW.png","Workspace4NEW.png",".png","539.32","2/10/2026 11:28:46 AM"
"docs\Product Integration Documentation\TcX Product Configurator\000_Information\000_Information.md","000_Information.md",".md","0.72","12/9/2025 1:13:36 PM"
"docs\Product Integration Documentation\TcX Product Configurator\010_Periodic_License_Usage_Check\000_License_Count_Check_Steps.md","000_License_Count_Check_Steps.md",".md","1.87","1/20/2026 5:40:21 PM"
"docs\Product Integration Documentation\TcX Rhapsody\000_Server - Deployment & Installation details\000_Server - Deployment & Installation details.md","000_Server - Deployment & Installation details.md",".md","0.05","2/13/2026 12:05:56 PM"
"docs\Product Integration Documentation\TcX Rhapsody\000_Server - Deployment & Installation details\010_Deployment Steps.md","010_Deployment Steps.md",".md","0.43","12/9/2025 1:13:36 PM"
"docs\Product Integration Documentation\TcX Rhapsody\000_Server - Deployment & Installation details\020_Post-install Validation.md","020_Post-install Validation.md",".md","0.72","12/9/2025 1:13:36 PM"
"docs\Product Integration Documentation\TcX Rhapsody\000_Server - Deployment & Installation details\030_Licensing.md","030_Licensing.md",".md","0.34","12/9/2025 1:13:36 PM"
"docs\Product Integration Documentation\TcX Rhapsody\000_Server - Deployment & Installation details\040_IDF Customers update.md","040_IDF Customers update.md",".md","0.26","12/9/2025 1:13:36 PM"
"docs\Product Integration Documentation\TcX Rhapsody\000_Server - Deployment & Installation details\image_1.png","image_1.png",".png","141.48","12/9/2025 1:13:36 PM"
"docs\Product Integration Documentation\TcX Rhapsody\000_Server - Deployment & Installation details\image_2.png","image_2.png",".png","24.14","12/9/2025 1:13:36 PM"
"docs\Product Integration Documentation\TcX Rhapsody\010_Client - deployment & Installation details\000_Client - deployment & Installation details.md","000_Client - deployment & Installation details.md",".md","0.05","2/13/2026 12:05:56 PM"
"docs\Product Integration Documentation\TcX Rhapsody\010_Client - deployment & Installation details\010_Scope.md","010_Scope.md",".md","0.33","12/9/2025 1:13:36 PM"
"docs\Product Integration Documentation\TcX Rhapsody\010_Client - deployment & Installation details\020_Sizing.md","020_Sizing.md",".md","0.26","12/9/2025 1:13:36 PM"
"docs\Product Integration Documentation\TcX Rhapsody\010_Client - deployment & Installation details\030_Pre-requisites.md","030_Pre-requisites.md",".md","0.47","12/9/2025 1:13:36 PM"
"docs\Product Integration Documentation\TcX Rhapsody\010_Client - deployment & Installation details\040_Post Deploy   Configuration Instructions.md","040_Post Deploy   Configuration Instructions.md",".md","0.9","12/9/2025 1:13:36 PM"
"docs\Product Integration Documentation\TcX Rhapsody\010_Client - deployment & Installation details\050_Deploying IDF file on the TcX server.md","050_Deploying IDF file on the TcX server.md",".md","1.24","12/9/2025 1:13:36 PM"
"docs\Product Integration Documentation\TcX Rhapsody\010_Client - deployment & Installation details\060_Installed Product Validation Steps Instructions.md","060_Installed Product Validation Steps Instructions.md",".md","1.06","12/9/2025 1:13:36 PM"
"docs\Product Integration Documentation\TcX Rhapsody\010_Client - deployment & Installation details\image_3.png","image_3.png",".png","134.44","12/9/2025 1:13:36 PM"
"docs\Product Integration Documentation\TcX Rhapsody\010_Client - deployment & Installation details\image_4.png","image_4.png",".png","123.01","12/9/2025 1:13:36 PM"
"docs\Product Integration Documentation\TcX Rhapsody\010_Client - deployment & Installation details\image_5.png","image_5.png",".png","178.56","12/9/2025 1:13:36 PM"
"docs\Product Integration Documentation\TcX Rhapsody\010_Client - deployment & Installation details\image_6.png","image_6.png",".png","39.76","12/9/2025 1:13:36 PM"
"docs\Product Integration Documentation\TcX Rhapsody\010_Client - deployment & Installation details\image_7.png","image_7.png",".png","85.65","12/9/2025 1:13:36 PM"
"docs\Product Integration Documentation\TcX Rhapsody\020_REFERENCE DOCUMENTS\000_REFERENCE DOCUMENTS.md","000_REFERENCE DOCUMENTS.md",".md","0.03","2/13/2026 12:05:56 PM"
"docs\Product Integration Documentation\TcXM - BiW Install CookBook for TcX\000_Introduction\000_Introduction.md","000_Introduction.md",".md","0.95","12/9/2025 1:13:36 PM"
"docs\Product Integration Documentation\TcXM - BiW Install CookBook for TcX\010_Post_Deployment\000_Update TcXM-BiW Personalization Package and Deploy.md","000_Update TcXM-BiW Personalization Package and Deploy.md",".md","2.93","12/9/2025 1:13:36 PM"
"docs\Product Integration Documentation\TcXM - BiW Install CookBook for TcX\010_Post_Deployment\020_Integrate NX Line Designer and Fixture Planner Seed Parts.md","020_Integrate NX Line Designer and Fixture Planner Seed Parts.md",".md","1.54","12/9/2025 1:13:36 PM"
"docs\Product Integration Documentation\TcXM - BiW Install CookBook for TcX\010_Post_Deployment\image1.png","image1.png",".png","84.89","12/9/2025 1:13:36 PM"
"docs\Product Integration Documentation\TcXM - BiW Install CookBook for TcX\010_Post_Deployment\image10.png","image10.png",".png","139.83","12/9/2025 1:13:36 PM"
"docs\Product Integration Documentation\TcXM - BiW Install CookBook for TcX\010_Post_Deployment\image11.png","image11.png",".png","139.83","12/9/2025 1:13:36 PM"
"docs\Product Integration Documentation\TcXM - BiW Install CookBook for TcX\010_Post_Deployment\image12.png","image12.png",".png","170.09","12/9/2025 1:13:36 PM"
"docs\Product Integration Documentation\TcXM - BiW Install CookBook for TcX\010_Post_Deployment\image13.png","image13.png",".png","139.83","12/9/2025 1:13:36 PM"
"docs\Product Integration Documentation\TcXM - BiW Install CookBook for TcX\010_Post_Deployment\image14.png","image14.png",".png","14.89","12/9/2025 1:13:36 PM"
"docs\Product Integration Documentation\TcXM - BiW Install CookBook for TcX\010_Post_Deployment\image15.png","image15.png",".png","115.36","12/9/2025 1:13:36 PM"
"docs\Product Integration Documentation\TcXM - BiW Install CookBook for TcX\010_Post_Deployment\image16.png","image16.png",".png","40.25","12/9/2025 1:13:36 PM"
"docs\Product Integration Documentation\TcXM - BiW Install CookBook for TcX\010_Post_Deployment\image17.png","image17.png",".png","21.85","12/9/2025 1:13:36 PM"
"docs\Product Integration Documentation\TcXM - BiW Install CookBook for TcX\010_Post_Deployment\image18.png","image18.png",".png","38.47","12/9/2025 1:13:36 PM"
"docs\Product Integration Documentation\TcXM - BiW Install CookBook for TcX\010_Post_Deployment\image19.png","image19.png",".png","95.83","12/9/2025 1:13:36 PM"
"docs\Product Integration Documentation\TcXM - BiW Install CookBook for TcX\010_Post_Deployment\image2.png","image2.png",".png","36.12","12/9/2025 1:13:36 PM"
"docs\Product Integration Documentation\TcXM - BiW Install CookBook for TcX\010_Post_Deployment\image20.png","image20.png",".png","42.06","12/9/2025 1:13:36 PM"
"docs\Product Integration Documentation\TcXM - BiW Install CookBook for TcX\010_Post_Deployment\image21.png","image21.png",".png","130.54","12/9/2025 1:13:36 PM"
"docs\Product Integration Documentation\TcXM - BiW Install CookBook for TcX\010_Post_Deployment\image3.png","image3.png",".png","34.84","12/9/2025 1:13:36 PM"
"docs\Product Integration Documentation\TcXM - BiW Install CookBook for TcX\010_Post_Deployment\image4.png","image4.png",".png","18.4","12/9/2025 1:13:36 PM"
"docs\Product Integration Documentation\TcXM - BiW Install CookBook for TcX\010_Post_Deployment\image5.png","image5.png",".png","26.75","12/9/2025 1:13:36 PM"
"docs\Product Integration Documentation\TcXM - BiW Install CookBook for TcX\010_Post_Deployment\image7.png","image7.png",".png","5.94","12/9/2025 1:13:36 PM"
"docs\Product Integration Documentation\TcXM - BiW Install CookBook for TcX\010_Post_Deployment\image8.png","image8.png",".png","134.17","12/9/2025 1:13:36 PM"
"docs\Product Integration Documentation\TcXM - BiW Install CookBook for TcX\010_Post_Deployment\image9.png","image9.png",".png","134.17","12/9/2025 1:13:36 PM"
"docs\Product Integration Documentation\TcX_SLM_Cookbook\000_Information\000_Information.md","000_Information.md",".md","0.65","12/9/2025 1:13:36 PM"
"docs\Product Integration Documentation\TcX_SLM_Cookbook\010_Versions Supported\010_Versions Supported.md","010_Versions Supported.md",".md","0.43","12/9/2025 1:13:36 PM"
"docs\Product Integration Documentation\TcX_SLM_Cookbook\020_DeploymentDiagram\020_DeploymentDiagram.md","020_DeploymentDiagram.md",".md","0.28","12/9/2025 1:13:36 PM"
"docs\Product Integration Documentation\TcX_SLM_Cookbook\030_Pre-Deployment\030_Pre-Deployment.md","030_Pre-Deployment.md",".md","1.46","12/9/2025 1:13:36 PM"
"docs\Product Integration Documentation\TcX_SLM_Cookbook\040_Post Deployment\040_Post Deployment.md","040_Post Deployment.md",".md","1.24","12/9/2025 1:13:36 PM"
"docs\Product Integration Documentation\TcX_SLM_Cookbook\050_Tests\050_Tests.md","050_Tests.md",".md","1.21","12/9/2025 1:13:36 PM"
"docs\Product Integration Documentation\TcX_SLM_Cookbook\050_Tests\TC031201-XT_AsBuilt-tests.md","TC031201-XT_AsBuilt-tests.md",".md","1.74","12/9/2025 1:13:36 PM"
"docs\Product Integration Documentation\TcX_SLM_Cookbook\050_Tests\TC032020-XT_SWI-tests.md","TC032020-XT_SWI-tests.md",".md","4.19","12/9/2025 1:13:36 PM"
"docs\Product Integration Documentation\TcX_SLM_Cookbook\050_Tests\TC032021_ServiceEngineering-tests.md","TC032021_ServiceEngineering-tests.md",".md","2.05","12/9/2025 1:13:36 PM"
"docs\Product Integration Documentation\TcX_SLM_Cookbook\050_Tests\TC032023_ServiceEvents-tests.md","TC032023_ServiceEvents-tests.md",".md","3.32","12/9/2025 1:13:36 PM"
"docs\Product Integration Documentation\TcX_SLM_Cookbook\050_Tests\TC032026_ServicePlan-tests.md","TC032026_ServicePlan-tests.md",".md","2.58","12/9/2025 1:13:36 PM"
"docs\Product Integration Documentation\TcX_SLM_Cookbook\media\image1.jpeg","image1.jpeg",".jpeg","114.02","12/9/2025 1:13:36 PM"
"docs\Product Integration Documentation\TcX_SLM_Cookbook\media\image10.png","image10.png",".png","22.27","12/9/2025 1:13:36 PM"
"docs\Product Integration Documentation\TcX_SLM_Cookbook\media\image11.png","image11.png",".png","9.08","12/9/2025 1:13:36 PM"
"docs\Product Integration Documentation\TcX_SLM_Cookbook\media\image12.png","image12.png",".png","108.56","12/9/2025 1:13:36 PM"
"docs\Product Integration Documentation\TcX_SLM_Cookbook\media\image13.png","image13.png",".png","191.27","12/9/2025 1:13:36 PM"
"docs\Product Integration Documentation\TcX_SLM_Cookbook\media\image14.png","image14.png",".png","364.54","12/9/2025 1:13:36 PM"
"docs\Product Integration Documentation\TcX_SLM_Cookbook\media\image15.png","image15.png",".png","270.26","12/9/2025 1:13:36 PM"
"docs\Product Integration Documentation\TcX_SLM_Cookbook\media\image16.png","image16.png",".png","25.9","12/9/2025 1:13:36 PM"
"docs\Product Integration Documentation\TcX_SLM_Cookbook\media\image17.png","image17.png",".png","85.73","12/9/2025 1:13:36 PM"
"docs\Product Integration Documentation\TcX_SLM_Cookbook\media\image18.png","image18.png",".png","118.8","12/9/2025 1:13:36 PM"
"docs\Product Integration Documentation\TcX_SLM_Cookbook\media\image19.png","image19.png",".png","181.65","12/9/2025 1:13:36 PM"
"docs\Product Integration Documentation\TcX_SLM_Cookbook\media\image2.jpeg","image2.jpeg",".jpeg","103.5","12/9/2025 1:13:36 PM"
"docs\Product Integration Documentation\TcX_SLM_Cookbook\media\image20.png","image20.png",".png","174.69","12/9/2025 1:13:36 PM"
"docs\Product Integration Documentation\TcX_SLM_Cookbook\media\image21.png","image21.png",".png","161.28","12/9/2025 1:13:36 PM"
"docs\Product Integration Documentation\TcX_SLM_Cookbook\media\image22.png","image22.png",".png","22.93","12/9/2025 1:13:36 PM"
"docs\Product Integration Documentation\TcX_SLM_Cookbook\media\image23.png","image23.png",".png","216.01","12/9/2025 1:13:36 PM"
"docs\Product Integration Documentation\TcX_SLM_Cookbook\media\image24.png","image24.png",".png","7.46","12/9/2025 1:13:36 PM"
"docs\Product Integration Documentation\TcX_SLM_Cookbook\media\image25.png","image25.png",".png","10.97","12/9/2025 1:13:36 PM"
"docs\Product Integration Documentation\TcX_SLM_Cookbook\media\image26.png","image26.png",".png","19.16","12/9/2025 1:13:36 PM"
"docs\Product Integration Documentation\TcX_SLM_Cookbook\media\image27.png","image27.png",".png","4.25","12/9/2025 1:13:36 PM"
"docs\Product Integration Documentation\TcX_SLM_Cookbook\media\image28.png","image28.png",".png","184.96","12/9/2025 1:13:36 PM"
"docs\Product Integration Documentation\TcX_SLM_Cookbook\media\image29.png","image29.png",".png","27.24","12/9/2025 1:13:36 PM"
"docs\Product Integration Documentation\TcX_SLM_Cookbook\media\image3.png","image3.png",".png","33.42","12/9/2025 1:13:36 PM"
"docs\Product Integration Documentation\TcX_SLM_Cookbook\media\image30.png","image30.png",".png","260.59","12/9/2025 1:13:36 PM"
"docs\Product Integration Documentation\TcX_SLM_Cookbook\media\image31.png","image31.png",".png","3.87","12/9/2025 1:13:36 PM"
"docs\Product Integration Documentation\TcX_SLM_Cookbook\media\image32.png","image32.png",".png","163.86","12/9/2025 1:13:36 PM"
"docs\Product Integration Documentation\TcX_SLM_Cookbook\media\image33.png","image33.png",".png","191.01","12/9/2025 1:13:36 PM"
"docs\Product Integration Documentation\TcX_SLM_Cookbook\media\image34.png","image34.png",".png","34.05","12/9/2025 1:13:36 PM"
"docs\Product Integration Documentation\TcX_SLM_Cookbook\media\image35.png","image35.png",".png","160.64","12/9/2025 1:13:36 PM"
"docs\Product Integration Documentation\TcX_SLM_Cookbook\media\image36.png","image36.png",".png","137.42","12/9/2025 1:13:36 PM"
"docs\Product Integration Documentation\TcX_SLM_Cookbook\media\image37.png","image37.png",".png","18.11","12/9/2025 1:13:36 PM"
"docs\Product Integration Documentation\TcX_SLM_Cookbook\media\image38.png","image38.png",".png","23.47","12/9/2025 1:13:36 PM"
"docs\Product Integration Documentation\TcX_SLM_Cookbook\media\image39.png","image39.png",".png","9.99","12/9/2025 1:13:36 PM"
"docs\Product Integration Documentation\TcX_SLM_Cookbook\media\image4.png","image4.png",".png","54.41","12/9/2025 1:13:36 PM"
"docs\Product Integration Documentation\TcX_SLM_Cookbook\media\image40.png","image40.png",".png","173.92","12/9/2025 1:13:36 PM"
"docs\Product Integration Documentation\TcX_SLM_Cookbook\media\image41.png","image41.png",".png","38.89","12/9/2025 1:13:36 PM"
"docs\Product Integration Documentation\TcX_SLM_Cookbook\media\image42.png","image42.png",".png","114.94","12/9/2025 1:13:36 PM"
"docs\Product Integration Documentation\TcX_SLM_Cookbook\media\image43.png","image43.png",".png","123.5","12/9/2025 1:13:36 PM"
"docs\Product Integration Documentation\TcX_SLM_Cookbook\media\image44.png","image44.png",".png","18.56","12/9/2025 1:13:36 PM"
"docs\Product Integration Documentation\TcX_SLM_Cookbook\media\image45.png","image45.png",".png","128.94","12/9/2025 1:13:36 PM"
"docs\Product Integration Documentation\TcX_SLM_Cookbook\media\image46.png","image46.png",".png","16.1","12/9/2025 1:13:36 PM"
"docs\Product Integration Documentation\TcX_SLM_Cookbook\media\image47.png","image47.png",".png","132.49","12/9/2025 1:13:36 PM"
"docs\Product Integration Documentation\TcX_SLM_Cookbook\media\image48.png","image48.png",".png","15.94","12/9/2025 1:13:36 PM"
"docs\Product Integration Documentation\TcX_SLM_Cookbook\media\image49.png","image49.png",".png","145.97","12/9/2025 1:13:36 PM"
"docs\Product Integration Documentation\TcX_SLM_Cookbook\media\image5.png","image5.png",".png","14.45","12/9/2025 1:13:36 PM"
"docs\Product Integration Documentation\TcX_SLM_Cookbook\media\image50.png","image50.png",".png","105.03","12/9/2025 1:13:36 PM"
"docs\Product Integration Documentation\TcX_SLM_Cookbook\media\image6.png","image6.png",".png","21.46","12/9/2025 1:13:36 PM"
"docs\Product Integration Documentation\TcX_SLM_Cookbook\media\image7.png","image7.png",".png","111.16","12/9/2025 1:13:36 PM"
"docs\Product Integration Documentation\TcX_SLM_Cookbook\media\image8.png","image8.png",".png","8.04","12/9/2025 1:13:36 PM"
"docs\Product Integration Documentation\TcX_SLM_Cookbook\media\image9.png","image9.png",".png","66.3","12/9/2025 1:13:36 PM"
"docs\Product Integration Documentation\Teamcenter AI Chat\000_TC AI Introduction\010_Introduction.md","010_Introduction.md",".md","2.37","12/9/2025 1:13:36 PM"
"docs\Product Integration Documentation\Teamcenter AI Chat\000_TC AI Introduction\Architecture_TC_AI_AWS.png","Architecture_TC_AI_AWS.png",".png","107.07","12/9/2025 1:13:36 PM"
"docs\Product Integration Documentation\Teamcenter AI Chat\000_TC AI Introduction\Architecture_TC_AI_Azure.png","Architecture_TC_AI_Azure.png",".png","153.76","12/9/2025 1:13:36 PM"
"docs\Product Integration Documentation\Teamcenter AI Chat\000_TC AI Introduction\Onboarding_Overview_TC_AI_Azure.png","Onboarding_Overview_TC_AI_Azure.png",".png","1030.09","12/9/2025 1:13:36 PM"
"docs\Product Integration Documentation\Teamcenter AI Chat\010_Pre-requisite\010_UTS\010_UTS10\010_UTS Integration Definition.md","010_UTS Integration Definition.md",".md","2.65","1/20/2026 5:40:21 PM"
"docs\Product Integration Documentation\Teamcenter AI Chat\010_Pre-requisite\010_UTS\010_UTS10\metric_definitions\em_embedding_token_usage.json","em_embedding_token_usage.json",".json","1.01","1/20/2026 5:40:21 PM"
"docs\Product Integration Documentation\Teamcenter AI Chat\010_Pre-requisite\010_UTS\010_UTS10\metric_definitions\em_inference_token_usage.json","em_inference_token_usage.json",".json","1.01","1/20/2026 5:40:21 PM"
"docs\Product Integration Documentation\Teamcenter AI Chat\010_Pre-requisite\010_UTS\010_UTS10\metric_definitions\image_embedding_count.json","image_embedding_count.json",".json","0.97","1/20/2026 5:40:21 PM"
"docs\Product Integration Documentation\Teamcenter AI Chat\010_Pre-requisite\010_UTS\010_UTS10\metric_definitions\image_embedding_size.json","image_embedding_size.json",".json","0.97","1/20/2026 5:40:21 PM"
"docs\Product Integration Documentation\Teamcenter AI Chat\010_Pre-requisite\010_UTS\010_UTS10\metric_definitions\llm_token_usage.json","llm_token_usage.json",".json","0.9","1/20/2026 5:40:21 PM"
"docs\Product Integration Documentation\Teamcenter AI Chat\010_Pre-requisite\010_UTS\010_UTS10\metric_definitions\vectordb_request_count.json","vectordb_request_count.json",".json","0.96","1/20/2026 5:40:21 PM"
"docs\Product Integration Documentation\Teamcenter AI Chat\010_Pre-requisite\020_AWS\010_Create IAM User.md","010_Create IAM User.md",".md","1.11","2/10/2026 11:28:46 AM"
"docs\Product Integration Documentation\Teamcenter AI Chat\010_Pre-requisite\020_AWS\020_Prepare Pipeline Inputs.md","020_Prepare Pipeline Inputs.md",".md","0.36","12/9/2025 1:13:36 PM"
"docs\Product Integration Documentation\Teamcenter AI Chat\010_Pre-requisite\020_AWS\image201.png","image201.png",".png","101.81","2/10/2026 11:28:46 AM"
"docs\Product Integration Documentation\Teamcenter AI Chat\010_Pre-requisite\020_AWS\image202.png","image202.png",".png","93.01","2/10/2026 11:28:46 AM"
"docs\Product Integration Documentation\Teamcenter AI Chat\020_Cell Onboarding\010_AZURE\image_101.png","image_101.png",".png","70.74","12/9/2025 1:13:36 PM"
"docs\Product Integration Documentation\Teamcenter AI Chat\020_Cell Onboarding\010_AZURE\image_135.png","image_135.png",".png","44.85","12/9/2025 1:13:36 PM"
"docs\Product Integration Documentation\Teamcenter AI Chat\020_Cell Onboarding\010_AZURE\image_136.png","image_136.png",".png","47.07","12/9/2025 1:13:36 PM"
"docs\Product Integration Documentation\Teamcenter AI Chat\020_Cell Onboarding\010_AZURE\image_137.png","image_137.png",".png","45.74","12/9/2025 1:13:36 PM"
"docs\Product Integration Documentation\Teamcenter AI Chat\020_Cell Onboarding\010_AZURE\image_138.png","image_138.png",".png","46.67","12/9/2025 1:13:36 PM"
"docs\Product Integration Documentation\Teamcenter AI Chat\020_Cell Onboarding\010_AZURE\image_139.png","image_139.png",".png","49.87","12/9/2025 1:13:36 PM"
"docs\Product Integration Documentation\Teamcenter AI Chat\020_Cell Onboarding\010_AZURE\image_140.png","image_140.png",".png","139.33","12/9/2025 1:13:36 PM"
"docs\Product Integration Documentation\Teamcenter AI Chat\020_Cell Onboarding\010_AZURE\image_141.png","image_141.png",".png","55.07","12/9/2025 1:13:36 PM"
"docs\Product Integration Documentation\Teamcenter AI Chat\020_Cell Onboarding\010_AZURE\image_142.png","image_142.png",".png","67.2","12/9/2025 1:13:36 PM"
"docs\Product Integration Documentation\Teamcenter AI Chat\020_Cell Onboarding\010_AZURE\image_143.png","image_143.png",".png","47.97","12/9/2025 1:13:36 PM"
"docs\Product Integration Documentation\Teamcenter AI Chat\020_Cell Onboarding\010_AZURE\image_144.png","image_144.png",".png","59.37","12/9/2025 1:13:36 PM"
"docs\Product Integration Documentation\Teamcenter AI Chat\020_Cell Onboarding\010_AZURE\image_15.png","image_15.png",".png","60.07","12/9/2025 1:13:36 PM"
"docs\Product Integration Documentation\Teamcenter AI Chat\020_Cell Onboarding\010_AZURE\image_17.png","image_17.png",".png","84.92","12/9/2025 1:13:36 PM"
"docs\Product Integration Documentation\Teamcenter AI Chat\020_Cell Onboarding\010_AZURE\010_AI Search\010_AI Search.md","010_AI Search.md",".md","3.79","12/9/2025 1:13:36 PM"
"docs\Product Integration Documentation\Teamcenter AI Chat\020_Cell Onboarding\010_AZURE\010_AI Search\020_Change Request XCR Cluster with AI DNS Zone.md","020_Change Request XCR Cluster with AI DNS Zone.md",".md","2.03","12/9/2025 1:13:36 PM"
"docs\Product Integration Documentation\Teamcenter AI Chat\020_Cell Onboarding\010_AZURE\010_AI Search\020_Request XCR Cluster with AI DNS Zone.md","020_Request XCR Cluster with AI DNS Zone.md",".md","6.82","12/9/2025 1:13:36 PM"
"docs\Product Integration Documentation\Teamcenter AI Chat\020_Cell Onboarding\010_AZURE\020_Shared Resources\010_Shared Resources.md","010_Shared Resources.md",".md","2.46","12/9/2025 1:13:36 PM"
"docs\Product Integration Documentation\Teamcenter AI Chat\020_Cell Onboarding\020_UTS10\010_UTS Integration.md","010_UTS Integration.md",".md","1.19","1/20/2026 5:40:21 PM"
"docs\Product Integration Documentation\Teamcenter AI Chat\020_Cell Onboarding\030_AWS\010_Set Bedrock Access Role ARN.md","010_Set Bedrock Access Role ARN.md",".md","1.42","12/9/2025 1:13:36 PM"
"docs\Product Integration Documentation\Teamcenter AI Chat\030_Tenant Onboarding\010_UTS Role Assignment.md","010_UTS Role Assignment.md",".md","5.63","1/20/2026 5:40:21 PM"
"docs\Product Integration Documentation\Teamcenter AI Chat\030_Tenant Onboarding\add_group_to_policy.PNG","add_group_to_policy.PNG",".PNG","500.56","12/9/2025 1:13:36 PM"
"docs\Product Integration Documentation\Teamcenter AI Chat\030_Tenant Onboarding\add_group_to_user.PNG","add_group_to_user.PNG",".PNG","458.38","12/9/2025 1:13:36 PM"
"docs\Product Integration Documentation\Teamcenter AI Chat\030_Tenant Onboarding\add_policy_definition.PNG","add_policy_definition.PNG",".PNG","457.53","12/9/2025 1:13:36 PM"
"docs\Product Integration Documentation\Teamcenter AI Chat\030_Tenant Onboarding\create_group.PNG","create_group.PNG",".PNG","194.23","12/9/2025 1:13:36 PM"
"docs\Product Integration Documentation\Teamcenter AI Chat\030_Tenant Onboarding\policy_create.PNG","policy_create.PNG",".PNG","297.54","12/9/2025 1:13:36 PM"
"docs\Product Integration Documentation\Teamcenter AI Chat\030_Tenant Onboarding\020_AZURE\010_Visual Part Search Parameter.md","010_Visual Part Search Parameter.md",".md","0.46","12/9/2025 1:13:36 PM"
"docs\Product Integration Documentation\Teamcenter AI Chat\040_Tenant Post-Deployment Steps\image_103.png","image_103.png",".png","99.59","12/9/2025 1:13:36 PM"
"docs\Product Integration Documentation\Teamcenter AI Chat\040_Tenant Post-Deployment Steps\image_104.png","image_104.png",".png","47.55","12/9/2025 1:13:36 PM"
"docs\Product Integration Documentation\Teamcenter AI Chat\040_Tenant Post-Deployment Steps\image_105.png","image_105.png",".png","52.06","12/9/2025 1:13:36 PM"
"docs\Product Integration Documentation\Teamcenter AI Chat\040_Tenant Post-Deployment Steps\image_106.png","image_106.png",".png","115.86","12/9/2025 1:13:36 PM"
"docs\Product Integration Documentation\Teamcenter AI Chat\040_Tenant Post-Deployment Steps\image_107.png","image_107.png",".png","152.17","12/9/2025 1:13:36 PM"
"docs\Product Integration Documentation\Teamcenter AI Chat\040_Tenant Post-Deployment Steps\image_108.png","image_108.png",".png","64.05","12/9/2025 1:13:36 PM"
"docs\Product Integration Documentation\Teamcenter AI Chat\040_Tenant Post-Deployment Steps\image_109.png","image_109.png",".png","59.62","12/9/2025 1:13:36 PM"
"docs\Product Integration Documentation\Teamcenter AI Chat\040_Tenant Post-Deployment Steps\image_110.png","image_110.png",".png","154.51","12/9/2025 1:13:36 PM"
"docs\Product Integration Documentation\Teamcenter AI Chat\040_Tenant Post-Deployment Steps\image_111.png","image_111.png",".png","117.09","12/9/2025 1:13:36 PM"
"docs\Product Integration Documentation\Teamcenter AI Chat\040_Tenant Post-Deployment Steps\image_112.png","image_112.png",".png","17.36","12/9/2025 1:13:36 PM"
"docs\Product Integration Documentation\Teamcenter AI Chat\040_Tenant Post-Deployment Steps\image_113.png","image_113.png",".png","46.42","12/9/2025 1:13:36 PM"
"docs\Product Integration Documentation\Teamcenter AI Chat\040_Tenant Post-Deployment Steps\image_114.png","image_114.png",".png","105.68","12/9/2025 1:13:36 PM"
"docs\Product Integration Documentation\Teamcenter AI Chat\040_Tenant Post-Deployment Steps\image_119.png","image_119.png",".png","116","12/9/2025 1:13:36 PM"
"docs\Product Integration Documentation\Teamcenter AI Chat\040_Tenant Post-Deployment Steps\image_120.png","image_120.png",".png","93.62","12/9/2025 1:13:36 PM"
"docs\Product Integration Documentation\Teamcenter AI Chat\040_Tenant Post-Deployment Steps\image_121.png","image_121.png",".png","65.1","12/9/2025 1:13:36 PM"
"docs\Product Integration Documentation\Teamcenter AI Chat\040_Tenant Post-Deployment Steps\image_125.png","image_125.png",".png","65.96","12/9/2025 1:13:36 PM"
"docs\Product Integration Documentation\Teamcenter AI Chat\040_Tenant Post-Deployment Steps\image_126.png","image_126.png",".png","15.62","12/9/2025 1:13:36 PM"
"docs\Product Integration Documentation\Teamcenter AI Chat\040_Tenant Post-Deployment Steps\image_145.png","image_145.png",".png","106.47","12/9/2025 1:13:36 PM"
"docs\Product Integration Documentation\Teamcenter AI Chat\040_Tenant Post-Deployment Steps\image_146.png","image_146.png",".png","131.17","12/9/2025 1:13:36 PM"
"docs\Product Integration Documentation\Teamcenter AI Chat\040_Tenant Post-Deployment Steps\image_147.png","image_147.png",".png","320.3","12/9/2025 1:13:36 PM"
"docs\Product Integration Documentation\Teamcenter AI Chat\040_Tenant Post-Deployment Steps\image_148.png","image_148.png",".png","132.73","12/9/2025 1:13:36 PM"
"docs\Product Integration Documentation\Teamcenter AI Chat\040_Tenant Post-Deployment Steps\010_AP-SOUTHEAST-2 AWS\010_AP Southeast-2.md","010_AP Southeast-2.md",".md","0.96","12/9/2025 1:13:36 PM"
"docs\Product Integration Documentation\Teamcenter AI Chat\040_Tenant Post-Deployment Steps\010_AP-SOUTHEAST-2 AWS\image150.png","image150.png",".png","118.38","12/9/2025 1:13:36 PM"
"docs\Product Integration Documentation\Teamcenter AI Chat\040_Tenant Post-Deployment Steps\010_AP-SOUTHEAST-2 AWS\image151.png","image151.png",".png","76.32","12/9/2025 1:13:36 PM"
"docs\Product Integration Documentation\Teamcenter AI Chat\040_Tenant Post-Deployment Steps\010_AP-SOUTHEAST-2 AWS\image152.png","image152.png",".png","72.4","12/9/2025 1:13:36 PM"
"docs\Product Integration Documentation\Teamcenter AI Chat\040_Tenant Post-Deployment Steps\010_AP-SOUTHEAST-2 AWS\image153.png","image153.png",".png","109.12","12/9/2025 1:13:36 PM"
"docs\Product Integration Documentation\Teamcenter AI Chat\040_Tenant Post-Deployment Steps\020_TC AI Chat\010_TC AI Chat.md","010_TC AI Chat.md",".md","6.81","2/13/2026 12:28:15 PM"
"docs\Product Integration Documentation\Teamcenter AI Chat\040_Tenant Post-Deployment Steps\030_Natural Language Search\020_ Natural Language Search.md","020_ Natural Language Search.md",".md","3.84","12/9/2025 1:13:36 PM"
"docs\Product Integration Documentation\Teamcenter AI Chat\040_Tenant Post-Deployment Steps\030_Natural Language Search\image_201.png","image_201.png",".png","574.42","12/9/2025 1:13:36 PM"
"docs\Product Integration Documentation\Teamcenter AI Chat\040_Tenant Post-Deployment Steps\030_Natural Language Search\image_202.png","image_202.png",".png","344.29","12/9/2025 1:13:36 PM"
"docs\Product Integration Documentation\Teamcenter AI Chat\040_Tenant Post-Deployment Steps\040_AZURE\image_115.png","image_115.png",".png","177.94","12/9/2025 1:13:36 PM"
"docs\Product Integration Documentation\Teamcenter AI Chat\040_Tenant Post-Deployment Steps\040_AZURE\image_116.png","image_116.png",".png","55.22","12/9/2025 1:13:36 PM"
"docs\Product Integration Documentation\Teamcenter AI Chat\040_Tenant Post-Deployment Steps\040_AZURE\image_117.png","image_117.png",".png","67.26","12/9/2025 1:13:36 PM"
"docs\Product Integration Documentation\Teamcenter AI Chat\040_Tenant Post-Deployment Steps\040_AZURE\image_122.png","image_122.png",".png","82.39","12/9/2025 1:13:36 PM"
"docs\Product Integration Documentation\Teamcenter AI Chat\040_Tenant Post-Deployment Steps\040_AZURE\image_123.png","image_123.png",".png","81","12/9/2025 1:13:36 PM"
"docs\Product Integration Documentation\Teamcenter AI Chat\040_Tenant Post-Deployment Steps\040_AZURE\image_124.png","image_124.png",".png","161.66","12/9/2025 1:13:36 PM"
"docs\Product Integration Documentation\Teamcenter AI Chat\040_Tenant Post-Deployment Steps\040_AZURE\020_Visual Part Search\020_Visual Part Search.md","020_Visual Part Search.md",".md","2.51","1/20/2026 5:40:21 PM"
"docs\Product Integration Documentation\Teamcenter AI Chat\050_Maintenance\010_Credentials Rotation\image_501.png","image_501.png",".png","20.12","1/20/2026 5:40:21 PM"
"docs\Product Integration Documentation\Teamcenter AI Chat\050_Maintenance\010_Credentials Rotation\image_502.png","image_502.png",".png","47.95","1/20/2026 5:40:21 PM"
"docs\Product Integration Documentation\Teamcenter AI Chat\050_Maintenance\010_Credentials Rotation\image_503.png","image_503.png",".png","67.48","1/20/2026 5:40:21 PM"
"docs\Product Integration Documentation\Teamcenter AI Chat\050_Maintenance\010_Credentials Rotation\image_504.png","image_504.png",".png","70.73","1/20/2026 5:40:21 PM"
"docs\Product Integration Documentation\Teamcenter AI Chat\050_Maintenance\010_Credentials Rotation\010_AWS\010_IAM User credentials.md","010_IAM User credentials.md",".md","2.66","1/20/2026 5:40:21 PM"
"docs\Product Integration Documentation\Teamcenter AI Chat\050_Maintenance\010_Credentials Rotation\020_AZURE\010_API Key Rotation Operation.md","010_API Key Rotation Operation.md",".md","1.2","12/9/2025 1:13:36 PM"
"docs\Product Integration Documentation\Teamcenter for Microsoft Teams\000_Provisioning Teamcenter.md","000_Provisioning Teamcenter.md",".md","1.53","12/9/2025 1:13:36 PM"
"docs\Product Integration Documentation\Teamcenter for Microsoft Teams\001_Deployment & Installation details.md","001_Deployment & Installation details.md",".md","9.13","12/9/2025 1:13:36 PM"
"docs\Product Integration Documentation\Teamcenter for Microsoft Teams\001_img_controlplaneDB.png","001_img_controlplaneDB.png",".png","179.09","12/9/2025 1:13:36 PM"
"docs\Product Integration Documentation\Teamcenter for Microsoft Teams\002_img_add_entity.png","002_img_add_entity.png",".png","217.41","12/9/2025 1:13:36 PM"
"docs\Product Integration Documentation\Teamcenter for Microsoft Teams\003_img_vault_login.png","003_img_vault_login.png",".png","97.29","12/9/2025 1:13:36 PM"
"docs\Product Integration Documentation\Teamcenter for Microsoft Teams\004_img_vault_client_id.png","004_img_vault_client_id.png",".png","115.46","12/9/2025 1:13:36 PM"
"docs\Product Integration Documentation\Teamcenter for Microsoft Teams\005_img_validation_1.png","005_img_validation_1.png",".png","224.82","12/9/2025 1:13:36 PM"
"docs\Product Integration Documentation\Teamcenter for Microsoft Teams\005_img_validation.png","005_img_validation.png",".png","124.31","12/9/2025 1:13:36 PM"
"docs\Product Integration Documentation\Teamcenter Integration for Power BI software\000_Introduction\Introduction.md","Introduction.md",".md","1.2","12/9/2025 1:13:36 PM"
"docs\Product Integration Documentation\Teamcenter Integration for Power BI software\000_Introduction\TcX_PowerBI_Integration_Architecture.png","TcX_PowerBI_Integration_Architecture.png",".png","226.18","12/9/2025 1:13:36 PM"
"docs\Product Integration Documentation\Teamcenter Integration for Power BI software\010_Pre-requisites\000_Prepare Pipeline Inputs\010_Azure Application Registration.md","010_Azure Application Registration.md",".md","4.5","12/9/2025 1:13:36 PM"
"docs\Product Integration Documentation\Teamcenter Integration for Power BI software\010_Pre-requisites\000_Prepare Pipeline Inputs\020_API Permissions - Azure Application.md","020_API Permissions - Azure Application.md",".md","3.04","1/20/2026 5:40:21 PM"
"docs\Product Integration Documentation\Teamcenter Integration for Power BI software\010_Pre-requisites\000_Prepare Pipeline Inputs\030_Users & Groups configuration in Azure.md","030_Users & Groups configuration in Azure.md",".md","1.74","12/9/2025 1:13:36 PM"
"docs\Product Integration Documentation\Teamcenter Integration for Power BI software\010_Pre-requisites\000_Prepare Pipeline Inputs\040_Power BI License requirements.md","040_Power BI License requirements.md",".md","1.15","12/9/2025 1:13:36 PM"
"docs\Product Integration Documentation\Teamcenter Integration for Power BI software\010_Pre-requisites\000_Prepare Pipeline Inputs\050_Power BI Admin portal.md","050_Power BI Admin portal.md",".md","2.49","12/9/2025 1:13:36 PM"
"docs\Product Integration Documentation\Teamcenter Integration for Power BI software\010_Pre-requisites\000_Prepare Pipeline Inputs\Access_App_Registrations.png","Access_App_Registrations.png",".png","75.37","12/9/2025 1:13:36 PM"
"docs\Product Integration Documentation\Teamcenter Integration for Power BI software\010_Pre-requisites\000_Prepare Pipeline Inputs\Add_Users_Groups_to_EnterpriseApplication.png","Add_Users_Groups_to_EnterpriseApplication.png",".png","71.61","12/9/2025 1:13:36 PM"
"docs\Product Integration Documentation\Teamcenter Integration for Power BI software\010_Pre-requisites\000_Prepare Pipeline Inputs\API_Permission.png","API_Permission.png",".png","87.44","12/9/2025 1:13:36 PM"
"docs\Product Integration Documentation\Teamcenter Integration for Power BI software\010_Pre-requisites\000_Prepare Pipeline Inputs\API_Permissions_Granted.png","API_Permissions_Granted.png",".png","41.56","1/20/2026 5:40:21 PM"
"docs\Product Integration Documentation\Teamcenter Integration for Power BI software\010_Pre-requisites\000_Prepare Pipeline Inputs\Assign.png","Assign.png",".png","14.96","12/9/2025 1:13:36 PM"
"docs\Product Integration Documentation\Teamcenter Integration for Power BI software\010_Pre-requisites\000_Prepare Pipeline Inputs\Azure_Application_Details.png","Azure_Application_Details.png",".png","98.22","12/9/2025 1:13:36 PM"
"docs\Product Integration Documentation\Teamcenter Integration for Power BI software\010_Pre-requisites\000_Prepare Pipeline Inputs\Azure_Portal_HomePage.png","Azure_Portal_HomePage.png",".png","77.75","12/9/2025 1:13:36 PM"
"docs\Product Integration Documentation\Teamcenter Integration for Power BI software\010_Pre-requisites\000_Prepare Pipeline Inputs\Click_Add_users_group.png","Click_Add_users_group.png",".png","52.29","12/9/2025 1:13:36 PM"
"docs\Product Integration Documentation\Teamcenter Integration for Power BI software\010_Pre-requisites\000_Prepare Pipeline Inputs\Client_Secret.png","Client_Secret.png",".png","97.85","12/9/2025 1:13:36 PM"
"docs\Product Integration Documentation\Teamcenter Integration for Power BI software\010_Pre-requisites\000_Prepare Pipeline Inputs\Fill_Application_Details.png","Fill_Application_Details.png",".png","61.71","12/9/2025 1:13:36 PM"
"docs\Product Integration Documentation\Teamcenter Integration for Power BI software\010_Pre-requisites\000_Prepare Pipeline Inputs\Microsoft_PowerBI_service_API.png","Microsoft_PowerBI_service_API.png",".png","36.48","1/20/2026 5:40:21 PM"
"docs\Product Integration Documentation\Teamcenter Integration for Power BI software\010_Pre-requisites\000_Prepare Pipeline Inputs\Navigate_to_EnterpriseApplication.png","Navigate_to_EnterpriseApplication.png",".png","81.7","12/9/2025 1:13:36 PM"
"docs\Product Integration Documentation\Teamcenter Integration for Power BI software\010_Pre-requisites\000_Prepare Pipeline Inputs\Navigate_Users_Groups.png","Navigate_Users_Groups.png",".png","76.2","12/9/2025 1:13:36 PM"
"docs\Product Integration Documentation\Teamcenter Integration for Power BI software\010_Pre-requisites\000_Prepare Pipeline Inputs\New_Registration.png","New_Registration.png",".png","51.17","12/9/2025 1:13:36 PM"
"docs\Product Integration Documentation\Teamcenter Integration for Power BI software\010_Pre-requisites\000_Prepare Pipeline Inputs\PowerBI_Admin_Portal.png","PowerBI_Admin_Portal.png",".png","176.61","12/9/2025 1:13:36 PM"
"docs\Product Integration Documentation\Teamcenter Integration for Power BI software\010_Pre-requisites\000_Prepare Pipeline Inputs\Security_group_access.png","Security_group_access.png",".png","39.86","12/9/2025 1:13:36 PM"
"docs\Product Integration Documentation\Teamcenter Integration for Power BI software\010_Pre-requisites\000_Prepare Pipeline Inputs\Select_Application.png","Select_Application.png",".png","69.8","12/9/2025 1:13:36 PM"
"docs\Product Integration Documentation\Teamcenter Integration for Power BI software\010_Pre-requisites\000_Prepare Pipeline Inputs\Select_Enterprise_application.png","Select_Enterprise_application.png",".png","79.57","12/9/2025 1:13:36 PM"
"docs\Product Integration Documentation\Teamcenter Integration for Power BI software\010_Pre-requisites\000_Prepare Pipeline Inputs\ServiceNow_ticket-Admin_consent.png","ServiceNow_ticket-Admin_consent.png",".png","36.14","12/9/2025 1:13:36 PM"
"docs\Product Integration Documentation\Teamcenter Integration for Power BI software\010_Pre-requisites\000_Prepare Pipeline Inputs\Steps_to_add_users_groups.png","Steps_to_add_users_groups.png",".png","62.51","12/9/2025 1:13:36 PM"
"docs\Product Integration Documentation\Teamcenter Integration for Power BI software\010_Pre-requisites\000_Prepare Pipeline Inputs\Tenant_settings.png","Tenant_settings.png",".png","100.56","12/9/2025 1:13:36 PM"
"docs\Product Integration Documentation\Teamcenter Integration for Power BI software\010_Pre-requisites\010_Steps for CApS team\Ansible_inputs.png","Ansible_inputs.png",".png","16.69","12/9/2025 1:13:36 PM"
"docs\Product Integration Documentation\Teamcenter Integration for Power BI software\010_Pre-requisites\010_Steps for CApS team\Input for pipeline execution.md","Input for pipeline execution.md",".md","0.99","1/20/2026 5:40:21 PM"
"docs\Product Integration Documentation\Teamcenter Integration for Power BI software\020_Post Deployment configurations\010_Configuring Preference to TcX\Preference_config.png","Preference_config.png",".png","83.92","12/9/2025 1:13:36 PM"
"docs\Product Integration Documentation\Teamcenter Integration for Power BI software\020_Post Deployment configurations\010_Configuring Preference to TcX\Preferences configuration in TcX environment.md","Preferences configuration in TcX environment.md",".md","0.37","12/9/2025 1:13:36 PM"
"docs\Product Integration Documentation\Teamcenter Integration for Power BI software\020_Post Deployment configurations\020_Adding Redirect URI to the Azure Application\Add_Redirect_URI_Configure.png","Add_Redirect_URI_Configure.png",".png","27.69","12/9/2025 1:13:36 PM"
"docs\Product Integration Documentation\Teamcenter Integration for Power BI software\020_Post Deployment configurations\020_Adding Redirect URI to the Azure Application\Adding Redirect URI to the Azure Application.md","Adding Redirect URI to the Azure Application.md",".md","2.41","12/9/2025 1:13:36 PM"
"docs\Product Integration Documentation\Teamcenter Integration for Power BI software\020_Post Deployment configurations\020_Adding Redirect URI to the Azure Application\Click_AddPlatform.png","Click_AddPlatform.png",".png","115.38","12/9/2025 1:13:36 PM"
"docs\Product Integration Documentation\Teamcenter Integration for Power BI software\020_Post Deployment configurations\020_Adding Redirect URI to the Azure Application\Navigate_to_RedirectURI.png","Navigate_to_RedirectURI.png",".png","126.12","12/9/2025 1:13:36 PM"
"docs\Product Integration Documentation\Teamcenter Integration for Power BI software\020_Post Deployment configurations\020_Adding Redirect URI to the Azure Application\Navigate_to_RedirectURIs.png","Navigate_to_RedirectURIs.png",".png","83.98","12/9/2025 1:13:36 PM"
"docs\Product Integration Documentation\Teamcenter Integration for Power BI software\030_Maintenance\010_Generate new client secret\Client_Secret.png","Client_Secret.png",".png","97.85","12/9/2025 1:13:36 PM"
"docs\Product Integration Documentation\Teamcenter Integration for Power BI software\030_Maintenance\010_Generate new client secret\Generate new client secrets.md","Generate new client secrets.md",".md","0.88","12/9/2025 1:13:36 PM"
"docs\Product Integration Documentation\Teamcenter Integration for Power BI software\030_Maintenance\020_Updating client secret in Hashicorp Vault\Hashicorp_Vault_path.png","Hashicorp_Vault_path.png",".png","90.95","12/9/2025 1:13:36 PM"
"docs\Product Integration Documentation\Teamcenter Integration for Power BI software\030_Maintenance\020_Updating client secret in Hashicorp Vault\Rotation of client secrets.md","Rotation of client secrets.md",".md","1.87","12/9/2025 1:13:36 PM"
"docs\Product Integration Documentation\Teamcenter Integration Framework\005_Introduction.md","005_Introduction.md",".md","0.25","12/9/2025 1:13:36 PM"
"docs\Product Integration Documentation\Teamcenter Integration Framework\010_Post-Install steps.md","010_Post-Install steps.md",".md","5.65","12/9/2025 1:13:36 PM"
"docs\Product Integration Documentation\Teamcenter Integration Framework\015_Validation steps.md","015_Validation steps.md",".md","0.39","12/9/2025 1:13:36 PM"
"docs\Product Integration Documentation\Teamcenter Integration Framework\image_1.png","image_1.png",".png","65.8","12/9/2025 1:13:36 PM"
"docs\Product Integration Documentation\Teamcenter Integration Framework\image_10.png","image_10.png",".png","64.65","12/9/2025 1:13:36 PM"
"docs\Product Integration Documentation\Teamcenter Integration Framework\image_11.png","image_11.png",".png","19.07","12/9/2025 1:13:36 PM"
"docs\Product Integration Documentation\Teamcenter Integration Framework\image_12.png","image_12.png",".png","18.7","12/9/2025 1:13:36 PM"
"docs\Product Integration Documentation\Teamcenter Integration Framework\image_13.png","image_13.png",".png","93.36","12/9/2025 1:13:36 PM"
"docs\Product Integration Documentation\Teamcenter Integration Framework\image_14.png","image_14.png",".png","116.19","12/9/2025 1:13:36 PM"
"docs\Product Integration Documentation\Teamcenter Integration Framework\image_2.png","image_2.png",".png","127.89","12/9/2025 1:13:36 PM"
"docs\Product Integration Documentation\Teamcenter Integration Framework\image_9.png","image_9.png",".png","15.84","12/9/2025 1:13:36 PM"
"docs\Product Integration Documentation\Teamcenter Integration Framework\tcif.service","tcif.service",".service","0.51","12/9/2025 1:13:36 PM"
"docs\Product Integration Documentation\Teamcenter Shape Search\000_TC Shape Search Introduction\010_Introduction.md","010_Introduction.md",".md","0.51","12/9/2025 1:13:36 PM"
"docs\Product Integration Documentation\Teamcenter Shape Search\010_Pre-requisite\010_Installation Order.md","010_Installation Order.md",".md","1.02","12/9/2025 1:13:36 PM"
"docs\Product Integration Documentation\Teamcenter Shape Search\020_Shape Search Install\010_Preferences Set During Deploy.md","010_Preferences Set During Deploy.md",".md","0.76","12/9/2025 1:13:36 PM"
"docs\Product Integration Documentation\Teamcenter Shape Search\020_Shape Search Install\020_Create The Shape Exchange Token.md","020_Create The Shape Exchange Token.md",".md","2.33","12/9/2025 1:13:36 PM"
"docs\Product Integration Documentation\Teamcenter Shape Search\020_Shape Search Install\030_Proceed To Geolus Install.md","030_Proceed To Geolus Install.md",".md","0.87","12/9/2025 1:13:36 PM"
"docs\Product Integration Documentation\Teamcenter Shape Search\030_Post Geolus Install Preference Setting\010_geolusClientId\010_Setting geolusClientId.md","010_Setting geolusClientId.md",".md","0.6","12/9/2025 1:13:36 PM"
"docs\Product Integration Documentation\Teamcenter Shape Search\030_Post Geolus Install Preference Setting\010_geolusClientId\PreferencesLocation.png","PreferencesLocation.png",".png","79.01","12/9/2025 1:13:36 PM"
"docs\Product Integration Documentation\Teamcenter Shape Search\030_Post Geolus Install Preference Setting\010_geolusClientId\SavingClientIdPreference.png","SavingClientIdPreference.png",".png","39.46","12/9/2025 1:13:36 PM"
"docs\Product Integration Documentation\Teamcenter Shape Search\030_Post Geolus Install Preference Setting\020_GeolusServer\010_Setting GeolusServer.md","010_Setting GeolusServer.md",".md","0.59","12/9/2025 1:13:36 PM"
"docs\Product Integration Documentation\Teamcenter Shape Search\030_Post Geolus Install Preference Setting\020_GeolusServer\PreferencesLocation.png","PreferencesLocation.png",".png","79.01","12/9/2025 1:13:36 PM"
"docs\Product Integration Documentation\Teamcenter Shape Search\030_Post Geolus Install Preference Setting\020_GeolusServer\SavingGeolusServerPreference.png","SavingGeolusServerPreference.png",".png","38.92","12/9/2025 1:13:36 PM"
"docs\Product Integration Documentation\Teamcenter Shape Search\030_Post Geolus Install Preference Setting\030_isGeolusService\010_Setting isGeolusService.md","010_Setting isGeolusService.md",".md","0.65","12/9/2025 1:13:36 PM"
"docs\Product Integration Documentation\Teamcenter Shape Search\030_Post Geolus Install Preference Setting\030_isGeolusService\PreferencesLocation.png","PreferencesLocation.png",".png","79.01","12/9/2025 1:13:36 PM"
"docs\Product Integration Documentation\Teamcenter Shape Search\030_Post Geolus Install Preference Setting\030_isGeolusService\SavingisGeolusServicePreference.png","SavingisGeolusServicePreference.png",".png","42.74","12/9/2025 1:13:36 PM"
"docs\Product Integration Documentation\Teamcenter Shape Search\040_Checking Sublocation\010_Confirming Sublocation Exists.md","010_Confirming Sublocation Exists.md",".md","0.74","12/9/2025 1:13:36 PM"
"docs\Product Integration Documentation\Teamcenter Shape Search\040_Checking Sublocation\SearchSubLocationList.png","SearchSubLocationList.png",".png","22.92","12/9/2025 1:13:36 PM"
"docs\Product Integration Documentation\Teamcenter Shape Search\040_Checking Sublocation\ShapeSearchSubLocation.png","ShapeSearchSubLocation.png",".png","112.32","12/9/2025 1:13:36 PM"
"docs\Product Integration Documentation\Variant Matrix\000_Installation.md","000_Installation.md",".md","0.22","12/9/2025 1:13:36 PM"
"docs\Product Integration Documentation\Variant Matrix\000_Smoke Test.md","000_Smoke Test.md",".md","4.17","12/9/2025 1:13:36 PM"
"docs\Product Integration Documentation\Variant Matrix\image_1.png","image_1.png",".png","22.02","12/9/2025 1:13:36 PM"
"docs\Product Integration Documentation\Variant Matrix\image_2.png","image_2.png",".png","45.73","12/9/2025 1:13:36 PM"
"docs\Product Integration Documentation\Variant Matrix\image_3.png","image_3.png",".png","106.11","12/9/2025 1:13:36 PM"
"docs\Product Integration Documentation\Variant Matrix\image_4.png","image_4.png",".png","30.07","12/9/2025 1:13:36 PM"
"docs\Product Integration Documentation\Variant Matrix\image.png","image.png",".png","64.22","12/9/2025 1:13:36 PM"
"docs\Table of Contents\index.md","index.md",".md","0.14","1/21/2026 12:55:28 PM"
"docs\TcX_Advanced_to_TcX_Premium_Transition\010_Overview.md","010_Overview.md",".md","0.52","12/9/2025 1:13:36 PM"
"docs\TcX_Advanced_to_TcX_Premium_Transition\020_Transitions_Steps.md","020_Transitions_Steps.md",".md","15.09","1/20/2026 5:40:21 PM"
"docs\TcX_Advanced_to_TcX_Premium_Transition\image-1.png","image-1.png",".png","29.21","12/9/2025 1:13:36 PM"
"docs\TcX_Advanced_to_TcX_Premium_Transition\image.png","image.png",".png","137.99","12/9/2025 1:13:36 PM"
"docs\TCX_Essentials_to_TCX_Transition\000_Prerequisites.md","000_Prerequisites.md",".md","2.24","1/20/2026 5:40:21 PM"
"docs\TCX_Essentials_to_TCX_Transition\010_Data-Migration-Overview.md","010_Data-Migration-Overview.md",".md","0.88","12/9/2025 1:13:36 PM"
"docs\TCX_Essentials_to_TCX_Transition\011_data_model_schema_mapping.md","011_data_model_schema_mapping.md",".md","2.55","1/20/2026 5:40:21 PM"
"docs\TCX_Essentials_to_TCX_Transition\060_Ownership_Change.md","060_Ownership_Change.md",".md","5.21","12/9/2025 1:13:36 PM"
"docs\TCX_Essentials_to_TCX_Transition\070_Tcx_Setup_Ux_Preference_Maintain_Ux_Continuity_Essentials.md","070_Tcx_Setup_Ux_Preference_Maintain_Ux_Continuity_Essentials.md",".md","2.5","12/9/2025 1:13:36 PM"
"docs\TCX_Essentials_to_TCX_Transition\075_Remove SOLIDWORKS integration settings.md","075_Remove SOLIDWORKS integration settings.md",".md","0.46","12/9/2025 1:13:36 PM"
"docs\TCX_Essentials_to_TCX_Transition\080_Deactivate_Tenant_Data_Essentials_Installation.md","080_Deactivate_Tenant_Data_Essentials_Installation.md",".md","1.03","12/9/2025 1:13:36 PM"
"docs\TCX_Essentials_to_TCX_Transition\090_Add_Users_From_Admin_Console.md","090_Add_Users_From_Admin_Console.md",".md","0.25","12/9/2025 1:13:36 PM"
"docs\TCX_Essentials_to_TCX_Transition\110_Appendix.md","110_Appendix.md",".md","4.16","1/20/2026 5:40:21 PM"
"docs\TCX_Essentials_to_TCX_Transition\76_Create users in LDAP at Target Environment.md","76_Create users in LDAP at Target Environment.md",".md","1.46","12/9/2025 1:13:36 PM"
"docs\TCX_Essentials_to_TCX_Transition\77_Attribute Mapping at target environment.md","77_Attribute Mapping at target environment.md",".md","1.96","12/9/2025 1:13:36 PM"
"docs\TCX_Essentials_to_TCX_Transition\image-1.png","image-1.png",".png","94.01","12/9/2025 1:13:36 PM"
"docs\TCX_Essentials_to_TCX_Transition\image-10.png","image-10.png",".png","24.93","12/9/2025 1:13:36 PM"
"docs\TCX_Essentials_to_TCX_Transition\image-2.png","image-2.png",".png","63.71","12/9/2025 1:13:36 PM"
"docs\TCX_Essentials_to_TCX_Transition\image-3.png","image-3.png",".png","63.61","12/9/2025 1:13:36 PM"
"docs\TCX_Essentials_to_TCX_Transition\image-4.png","image-4.png",".png","16.86","12/9/2025 1:13:36 PM"
"docs\TCX_Essentials_to_TCX_Transition\image-5.png","image-5.png",".png","54.38","12/9/2025 1:13:36 PM"
"docs\TCX_Essentials_to_TCX_Transition\image-6.png","image-6.png",".png","35.9","12/9/2025 1:13:36 PM"
"docs\TCX_Essentials_to_TCX_Transition\image-7.png","image-7.png",".png","31.62","12/9/2025 1:13:36 PM"
"docs\TCX_Essentials_to_TCX_Transition\image-8.png","image-8.png",".png","11.59","12/9/2025 1:13:36 PM"
"docs\TCX_Essentials_to_TCX_Transition\image-9.png","image-9.png",".png","3.93","12/9/2025 1:13:36 PM"
"docs\TCX_Essentials_to_TCX_Transition\image.png","image.png",".png","94.24","12/9/2025 1:13:36 PM"
"docs\TCX_Essentials_to_TCX_Transition\TCXE_Cad0Design_VER4NX.xslt","TCXE_Cad0Design_VER4NX.xslt",".xslt","5.97","1/20/2026 5:40:21 PM"
"docs\TCX_Essentials_to_TCX_Transition\020_Admin-Data-Migration\000_tcx_essentials_export_admin_data_tenant.md","000_tcx_essentials_export_admin_data_tenant.md",".md","7.78","1/20/2026 5:40:21 PM"
"docs\TCX_Essentials_to_TCX_Transition\020_Admin-Data-Migration\010_tcx_export_admin_data_std_adv_prem.md","010_tcx_export_admin_data_std_adv_prem.md",".md","3.67","12/9/2025 1:13:36 PM"
"docs\TCX_Essentials_to_TCX_Transition\020_Admin-Data-Migration\020_tcx_import_admin_data_std_adv_prem.md","020_tcx_import_admin_data_std_adv_prem.md",".md","6.5","12/9/2025 1:13:36 PM"
"docs\TCX_Essentials_to_TCX_Transition\030_Volume_Management\000_tcx_shadow_volume_std_adv_prem_default_infodba_essentials.md","000_tcx_shadow_volume_std_adv_prem_default_infodba_essentials.md",".md","4.64","1/20/2026 5:40:21 PM"
"docs\TCX_Essentials_to_TCX_Transition\030_Volume_Management\010_tcx_essentials_clone_dss_vault.md","010_tcx_essentials_clone_dss_vault.md",".md","7.51","12/9/2025 1:13:36 PM"
"docs\TCX_Essentials_to_TCX_Transition\030_Volume_Management\020_tcx_transfer_cloned_vault_ownership.md","020_tcx_transfer_cloned_vault_ownership.md",".md","4.05","12/9/2025 1:13:36 PM"
"docs\TCX_Essentials_to_TCX_Transition\030_Volume_Management\030_fms_reconfiguration.md","030_fms_reconfiguration.md",".md","2.75","12/9/2025 1:13:36 PM"
"docs\TCX_Essentials_to_TCX_Transition\030_Volume_Management\040_rewire_volume.md","040_rewire_volume.md",".md","4.51","12/9/2025 1:13:36 PM"
"docs\TCX_Essentials_to_TCX_Transition\030_Volume_Management\050_tcx_validate_fms_master_authfsc_volumes.md","050_tcx_validate_fms_master_authfsc_volumes.md",".md","0.65","12/9/2025 1:13:36 PM"
"docs\TCX_Essentials_to_TCX_Transition\030_Volume_Management\image-1.png","image-1.png",".png","2.73","12/9/2025 1:13:36 PM"
"docs\TCX_Essentials_to_TCX_Transition\030_Volume_Management\image-2.png","image-2.png",".png","81.21","1/20/2026 5:40:21 PM"
"docs\TCX_Essentials_to_TCX_Transition\030_Volume_Management\image.png","image.png",".png","247.84","12/9/2025 1:13:36 PM"
"docs\TCX_Essentials_to_TCX_Transition\040_Data_Transfer\000_items.md","000_items.md",".md","4.77","1/20/2026 5:40:21 PM"
"docs\TCX_Essentials_to_TCX_Transition\040_Data_Transfer\010_tcx_import_failed_itemid_conflict.md","010_tcx_import_failed_itemid_conflict.md",".md","4.71","1/20/2026 5:40:21 PM"
"docs\TCX_Essentials_to_TCX_Transition\040_Data_Transfer\020_orphan_datasets.md","020_orphan_datasets.md",".md","4.17","1/20/2026 5:40:21 PM"
"docs\TCX_Essentials_to_TCX_Transition\040_Data_Transfer\030_epm_tasks.md","030_epm_tasks.md",".md","3.92","1/20/2026 5:40:21 PM"
"docs\TCX_Essentials_to_TCX_Transition\040_Data_Transfer\040_folders.md","040_folders.md",".md","3.72","1/20/2026 5:40:21 PM"
"docs\TCX_Essentials_to_TCX_Transition\040_Data_Transfer\050_discussions.md","050_discussions.md",".md","4.17","1/20/2026 5:40:21 PM"
"docs\TCX_Essentials_to_TCX_Transition\040_Data_Transfer\060_alerts.md","060_alerts.md",".md","4.05","1/20/2026 5:40:21 PM"
"docs\TCX_Essentials_to_TCX_Transition\040_Data_Transfer\070_saved_search.md","070_saved_search.md",".md","4.08","1/20/2026 5:40:21 PM"
"docs\TCX_Essentials_to_TCX_Transition\040_Data_Transfer\080_user_folders.md","080_user_folders.md",".md","2.3","1/20/2026 5:40:21 PM"
"docs\TCX_Essentials_to_TCX_Transition\040_Data_Transfer\090_naming_rules.md","090_naming_rules.md",".md","4.66","1/20/2026 5:40:21 PM"
"docs\TCX_Essentials_to_TCX_Transition\040_Data_Transfer\100_Cad0PartCategories.md","100_Cad0PartCategories.md",".md","1.06","12/9/2025 1:13:36 PM"
"docs\TCX_Essentials_to_TCX_Transition\040_Data_Transfer\image-1.png","image-1.png",".png","16.86","12/9/2025 1:13:36 PM"
"docs\TCX_Essentials_to_TCX_Transition\040_Data_Transfer\image-2.png","image-2.png",".png","12.82","12/9/2025 1:13:36 PM"
"docs\TCX_Essentials_to_TCX_Transition\040_Data_Transfer\image-3.png","image-3.png",".png","6.54","12/9/2025 1:13:36 PM"
"docs\TCX_Essentials_to_TCX_Transition\040_Data_Transfer\image.png","image.png",".png","53.38","12/9/2025 1:13:36 PM"
"docs\TCX_Essentials_to_TCX_Transition\050_Tcx_Copy_Efs_Essentials_To_Std_Adv_Prem\00_identify_copy_update.md","00_identify_copy_update.md",".md","6.18","12/9/2025 1:13:36 PM"
"docs\TCX_Essentials_to_TCX_Transition\050_Tcx_Copy_Efs_Essentials_To_Std_Adv_Prem\010_update_fms_remove_tempadminvol.md","010_update_fms_remove_tempadminvol.md",".md","2.89","12/9/2025 1:13:36 PM"
"docs\TcX_Standard_to_TcX_Advanced_Premium_Transition\010_Overview.md","010_Overview.md",".md","0.92","12/9/2025 1:13:36 PM"
"docs\TcX_Standard_to_TcX_Advanced_Premium_Transition\020_Transition_Steps.md","020_Transition_Steps.md",".md","5.36","2/10/2026 11:28:46 AM"
"docs\TcX_Standard_to_TcX_Advanced_Premium_Transition\image-1.png","image-1.png",".png","109.07","12/9/2025 1:13:36 PM"
"docs\TcX_Standard_to_TcX_Advanced_Premium_Transition\image-2.png","image-2.png",".png","29.21","12/9/2025 1:13:36 PM"
"docs\TcX_Standard_to_TcX_Advanced_Premium_Transition\image-3.png","image-3.png",".png","66.93","2/10/2026 11:28:46 AM"
"docs\TcX_Standard_to_TcX_Advanced_Premium_Transition\image.png","image.png",".png","163.25","12/9/2025 1:13:36 PM"
